date,store,item,inventory_position,reorder_point,target_inventory,recommended_order_qty,arrival_date
2018-01-01,1,1,127.0,143.17,283.45,157.0,2018-01-08
2018-01-10,1,1,138.93000000000004,143.51,283.78,145.0,2018-01-17
2018-01-19,1,1,136.07000000000005,145.64,285.91999999999996,150.0,2018-01-26
2018-01-27,1,1,149.29000000000005,149.49,289.76,141.0,2018-02-03
2018-02-04,1,1,147.87000000000006,154.73,295.0,148.0,2018-02-11
2018-02-13,1,1,138.64000000000007,154.19,294.46000000000004,156.0,2018-02-20
2018-02-22,1,1,135.0900000000001,154.84,295.11,161.0,2018-03-01
2018-03-01,1,1,169.8300000000001,177.33,317.61,148.0,2018-03-08
2018-03-08,1,1,169.0800000000001,178.9,319.18,151.0,2018-03-15
2018-03-15,1,1,169.7700000000001,179.14,319.41999999999996,150.0,2018-03-22
2018-03-22,1,1,169.2000000000001,176.32,316.6,148.0,2018-03-29
2018-03-30,1,1,146.98000000000013,168.87,309.15,163.0,2018-04-06
2018-01-01,1,2,338.92,382.91,757.2,419.0,2018-01-08
2018-01-10,1,2,354.46000000000004,384.68,758.97,405.0,2018-01-17
2018-01-19,1,2,341.98,391.64,765.93,424.0,2018-01-26
2018-01-27,1,2,384.51000000000005,401.93,776.21,392.0,2018-02-03
2018-02-04,1,2,379.37,417.45,791.74,413.0,2018-02-11
2018-02-12,1,2,397.83000000000004,423.31,797.5999999999999,400.0,2018-02-19
2018-02-20,1,2,390.32000000000005,422.91,797.2,407.0,2018-02-27
2018-02-27,1,2,437.84000000000003,478.45,852.74,415.0,2018-03-06
2018-03-06,1,2,437.8500000000001,484.17,858.46,421.0,2018-03-13
2018-03-13,1,2,438.13,488.45,862.74,425.0,2018-03-20
2018-03-20,1,2,438.12000000000006,485.56,859.8499999999999,422.0,2018-03-27
2018-03-28,1,2,382.4900000000001,437.76,812.05,430.0,2018-04-04
2018-01-01,1,3,211.63,229.74,462.63,251.0,2018-01-08
2018-01-10,1,3,225.92,226.19,459.08000000000004,234.0,2018-01-17
2018-01-19,1,3,222.19999999999993,227.7,460.59000000000003,239.0,2018-01-26
2018-01-28,1,3,215.63999999999996,238.22,471.11,256.0,2018-02-04
2018-02-06,1,3,226.22999999999996,241.8,474.69,249.0,2018-02-13
2018-02-15,1,3,221.20999999999992,245.28,478.17,257.0,2018-02-22
2018-02-23,1,3,244.81999999999988,254.82,487.71000000000004,243.0,2018-03-02
2018-03-02,1,3,275.6099999999999,277.9,510.7900000000001,236.0,2018-03-09
2018-03-09,1,3,276.33999999999986,278.38,511.27,235.0,2018-03-16
2018-03-16,1,3,275.59999999999985,281.99,514.88,240.0,2018-03-23
2018-03-23,1,3,276.22999999999985,278.29,511.18000000000006,235.0,2018-03-30
2018-03-31,1,3,237.02999999999983,275.52,508.40999999999997,272.0,2018-04-07
2018-01-01,1,4,127.35,141.07,281.21,154.0,2018-01-08
2018-01-10,1,4,137.96,143.44,283.58,146.0,2018-01-17
2018-01-19,1,4,136.07999999999998,142.47,282.62,147.0,2018-01-26
2018-01-28,1,4,130.73,149.1,289.24,159.0,2018-02-04
2018-02-06,1,4,137.94,151.96,292.1,155.0,2018-02-13
2018-02-14,1,4,152.48000000000002,153.1,293.25,141.0,2018-02-21
2018-02-22,1,4,151.08000000000004,153.97,294.12,144.0,2018-03-01
2018-03-01,1,4,169.24000000000004,175.78,315.91999999999996,147.0,2018-03-08
2018-03-08,1,4,168.59000000000006,177.52,317.65999999999997,150.0,2018-03-15
2018-03-15,1,4,169.21000000000004,177.95,318.09,149.0,2018-03-22
2018-03-22,1,4,168.38000000000005,175.46,315.6,148.0,2018-03-29
2018-03-30,1,4,146.74000000000004,168.24,308.39,162.0,2018-04-06
2018-01-01,1,5,106.33,117.96,234.66000000000003,129.0,2018-01-08
2018-01-10,1,5,116.26000000000002,118.65,235.34000000000003,120.0,2018-01-17
2018-01-19,1,5,114.33000000000001,118.73,235.43,122.0,2018-01-26
2018-01-28,1,5,110.33000000000004,123.96,240.65000000000003,131.0,2018-02-04
2018-02-06,1,5,116.50000000000003,124.93,241.62,126.0,2018-02-13
2018-02-15,1,5,114.02000000000001,128.93,245.62,132.0,2018-02-22
2018-02-23,1,5,124.80000000000003,134.68,251.37,127.0,2018-03-02
2018-03-02,1,5,141.15000000000003,148.89,265.58,125.0,2018-03-09
2018-03-09,1,5,141.30000000000004,148.55,265.25,124.0,2018-03-16
2018-03-16,1,5,140.79000000000005,148.71,265.41,125.0,2018-03-23
2018-03-23,1,5,141.12000000000003,146.1,262.79,122.0,2018-03-30
2018-03-31,1,5,121.99000000000007,140.71,257.40000000000003,136.0,2018-04-07
2018-01-01,1,6,340.52,391.7,765.1500000000001,425.0,2018-01-08
2018-01-10,1,6,352.53,378.05,751.5,399.0,2018-01-17
2018-01-19,1,6,343.16999999999996,383.08,756.53,414.0,2018-01-26
2018-01-27,1,6,384.50999999999993,400.01,773.46,389.0,2018-02-03
2018-02-04,1,6,378.03999999999996,410.2,783.6500000000001,406.0,2018-02-11
2018-02-12,1,6,396.89,415.43,788.8799999999999,392.0,2018-02-19
2018-02-20,1,6,389.74,418.82,792.27,403.0,2018-02-27
2018-02-27,1,6,436.64,472.35,845.8,410.0,2018-03-06
2018-03-06,1,6,437.02,477.14,850.5899999999999,414.0,2018-03-13
2018-03-13,1,6,436.5999999999999,483.2,856.6500000000001,421.0,2018-03-20
2018-03-20,1,6,437.12,478.39,851.8299999999999,415.0,2018-03-27
2018-03-28,1,6,381.4599999999999,436.19,809.6400000000001,429.0,2018-04-04
2018-01-01,1,7,337.26,371.91,742.7,406.0,2018-01-08
2018-01-10,1,7,354.65,372.6,743.39,389.0,2018-01-17
2018-01-19,1,7,342.06,376.78,747.5699999999999,406.0,2018-01-26
2018-01-27,1,7,385.57000000000005,387.01,757.8,373.0,2018-02-03
2018-02-04,1,7,378.7800000000001,404.83,775.62,397.0,2018-02-11
2018-02-12,1,7,396.3500000000001,401.14,771.9300000000001,376.0,2018-02-19
2018-02-20,1,7,390.94000000000005,400.59,771.37,381.0,2018-02-27
2018-02-27,1,7,435.2100000000001,454.21,825.0,390.0,2018-03-06
2018-03-06,1,7,434.84000000000015,457.68,828.47,394.0,2018-03-13
2018-03-13,1,7,435.0000000000001,461.66,832.45,398.0,2018-03-20
2018-03-20,1,7,435.1800000000001,461.34,832.13,397.0,2018-03-27
2018-03-28,1,7,382.4500000000001,434.66,805.45,423.0,2018-04-04
2018-01-01,1,8,442.89,488.51,976.6899999999999,534.0,2018-01-08
2018-01-10,1,8,457.8599999999999,494.71,982.89,526.0,2018-01-17
2018-01-19,1,8,445.51999999999975,490.75,978.93,534.0,2018-01-26
2018-01-27,1,8,500.7499999999998,505.89,994.0699999999999,494.0,2018-02-03
2018-02-04,1,8,494.4699999999998,527.26,1015.4399999999999,521.0,2018-02-11
2018-02-12,1,8,516.1499999999999,528.67,1016.8499999999999,501.0,2018-02-19
2018-02-20,1,8,509.86999999999983,526.76,1014.9399999999999,506.0,2018-02-27
2018-02-27,1,8,568.4599999999998,592.87,1081.05,513.0,2018-03-06
2018-03-06,1,8,567.9499999999999,605.63,1093.81,526.0,2018-03-13
2018-03-13,1,8,567.67,607.52,1095.71,529.0,2018-03-20
2018-03-20,1,8,568.49,607.95,1096.13,528.0,2018-03-27
2018-03-28,1,8,498.34,567.57,1055.75,558.0,2018-04-04
2018-01-01,1,9,296.86,319.41,645.96,350.0,2018-01-08
2018-01-10,1,9,315.41,319.12,645.6700000000001,331.0,2018-01-17
2018-01-19,1,9,306.55,323.35,649.9000000000001,344.0,2018-01-26
2018-01-28,1,9,295.75000000000006,336.96,663.51,368.0,2018-02-04
2018-02-06,1,9,310.39000000000004,348.25,674.8,365.0,2018-02-13
2018-02-14,1,9,344.75000000000006,348.52,675.07,331.0,2018-02-21
2018-02-22,1,9,341.0500000000001,357.84,684.3900000000001,344.0,2018-03-01
2018-03-01,1,9,383.2600000000001,406.05,732.61,350.0,2018-03-08
2018-03-08,1,9,383.24000000000007,401.44,727.99,345.0,2018-03-15
2018-03-15,1,9,382.8500000000001,401.28,727.83,345.0,2018-03-22
2018-03-22,1,9,382.6000000000001,401.12,727.6800000000001,346.0,2018-03-29
2018-03-30,1,9,331.2700000000001,382.61,709.1600000000001,378.0,2018-04-06
2018-01-01,1,10,423.66999999999996,478.51,945.97,523.0,2018-01-08
2018-01-10,1,10,438.27,489.16,956.62,519.0,2018-01-17
2018-01-18,1,10,486.9499999999999,491.84,959.3,473.0,2018-01-25
2018-01-26,1,10,481.28999999999996,498.26,965.73,485.0,2018-02-02
2018-02-03,1,10,474.29999999999995,523.46,990.9200000000001,517.0,2018-02-10
2018-02-11,1,10,468.0999999999999,526.31,993.7700000000001,526.0,2018-02-18
2018-02-19,1,10,493.46999999999997,523.47,990.9300000000001,498.0,2018-02-26
2018-02-26,1,10,545.26,582.35,1049.81,505.0,2018-03-05
2018-03-05,1,10,545.1899999999999,604.53,1071.99,527.0,2018-03-12
2018-03-11,1,10,605.0799999999999,609.43,1076.8899999999999,472.0,2018-03-18
2018-03-18,1,10,544.91,604.35,1071.8200000000002,527.0,2018-03-25
2018-03-26,1,10,484.71000000000004,544.7,1012.1600000000001,528.0,2018-04-02
2018-01-01,1,11,403.02000000000004,435.62,879.35,477.0,2018-01-08
2018-01-10,1,11,420.14000000000016,433.36,877.09,457.0,2018-01-17
2018-01-19,1,11,411.73000000000013,440.28,884.01,473.0,2018-01-26
2018-01-28,1,11,399.0000000000002,455.56,899.29,501.0,2018-02-04
2018-02-06,1,11,418.0900000000002,468.35,912.08,494.0,2018-02-13
2018-02-14,1,11,464.08000000000027,472.98,916.72,453.0,2018-02-21
2018-02-22,1,11,460.8200000000003,481.74,925.47,465.0,2018-03-01
2018-03-01,1,11,516.9200000000002,531.5,975.23,459.0,2018-03-08
2018-03-08,1,11,517.2600000000002,535.33,979.0600000000001,462.0,2018-03-15
2018-03-15,1,11,516.7800000000002,540.52,984.26,468.0,2018-03-22
2018-03-22,1,11,517.1000000000003,535.12,978.85,462.0,2018-03-29
2018-03-30,1,11,445.89000000000016,516.59,960.32,515.0,2018-04-06
2018-01-01,1,12,403.59,446.56,890.7,488.0,2018-01-08
2018-01-10,1,12,422.41999999999996,443.94,888.08,466.0,2018-01-17
2018-01-19,1,12,410.17999999999995,444.93,889.08,479.0,2018-01-26
2018-01-27,1,12,460.32,461.31,905.46,446.0,2018-02-03
2018-02-04,1,12,453.44,478.15,922.3000000000001,469.0,2018-02-11
2018-02-12,1,12,473.53999999999996,487.08,931.22,458.0,2018-02-19
2018-02-20,1,12,466.00999999999993,479.93,924.07,459.0,2018-02-27
2018-02-27,1,12,519.8299999999999,539.81,983.96,465.0,2018-03-06
2018-03-06,1,12,519.7599999999999,547.2,991.3499999999999,472.0,2018-03-13
2018-03-13,1,12,519.2999999999998,548.85,993.0,474.0,2018-03-20
2018-03-20,1,12,519.1899999999998,546.62,990.76,472.0,2018-03-27
2018-03-28,1,12,456.2599999999998,518.91,963.06,507.0,2018-04-04
2018-01-01,1,13,485.44999999999993,530.53,1065.7599999999998,581.0,2018-01-08
2018-01-10,1,13,507.2099999999999,528.94,1064.17,557.0,2018-01-17
2018-01-19,1,13,488.9799999999998,528.84,1064.07,576.0,2018-01-26
2018-01-28,1,13,476.1199999999998,555.81,1091.04,615.0,2018-02-04
2018-02-05,1,13,565.7099999999998,579.67,1114.8999999999999,550.0,2018-02-12
2018-02-13,1,13,557.5899999999999,577.03,1112.25,555.0,2018-02-20
2018-02-21,1,13,557.2199999999998,578.06,1113.2799999999997,557.0,2018-02-28
2018-02-28,1,13,622.3799999999998,663.52,1198.7399999999998,577.0,2018-03-07
2018-03-07,1,13,622.0799999999997,672.26,1207.48,586.0,2018-03-14
2018-03-14,1,13,622.0499999999996,668.92,1204.15,583.0,2018-03-21
2018-03-21,1,13,622.3599999999994,667.04,1202.2599999999998,580.0,2018-03-28
2018-03-29,1,13,539.5599999999994,621.44,1156.67,618.0,2018-04-05
2018-01-01,1,14,339.08,375.22,749.29,411.0,2018-01-08
2018-01-10,1,14,355.59999999999997,380.63,754.71,400.0,2018-01-17
2018-01-19,1,14,340.76,386.06,760.14,420.0,2018-01-26
2018-01-27,1,14,385.75,396.71,770.79,386.0,2018-02-03
2018-02-04,1,14,379.39,409.46,783.53,405.0,2018-02-11
2018-02-12,1,14,397.69999999999993,412.89,786.97,390.0,2018-02-19
2018-02-20,1,14,390.8,416.36,790.44,400.0,2018-02-27
2018-02-27,1,14,436.86,469.03,843.11,407.0,2018-03-06
2018-03-06,1,14,437.26000000000005,476.74,850.81,414.0,2018-03-13
2018-03-13,1,14,436.97,481.95,856.03,420.0,2018-03-20
2018-03-20,1,14,437.45000000000005,477.89,851.96,415.0,2018-03-27
2018-03-28,1,14,382.14000000000004,436.51,810.5799999999999,429.0,2018-04-04
2018-01-01,1,15,508.58,560.97,1120.76,613.0,2018-01-08
2018-01-10,1,15,532.68,547.87,1107.6599999999999,575.0,2018-01-17
2018-01-19,1,15,518.2299999999999,554.07,1113.86,596.0,2018-01-26
2018-01-28,1,15,496.1299999999999,575.64,1135.4299999999998,640.0,2018-02-04
2018-02-05,1,15,594.3199999999998,597.57,1157.36,564.0,2018-02-12
2018-02-13,1,15,585.7799999999999,599.95,1159.74,574.0,2018-02-20
2018-02-21,1,15,584.7499999999998,597.52,1157.31,573.0,2018-02-28
2018-02-28,1,15,652.0499999999998,690.51,1250.3,599.0,2018-03-07
2018-03-07,1,15,652.3699999999998,687.25,1247.03,595.0,2018-03-14
2018-03-14,1,15,651.9499999999998,688.09,1247.8799999999999,596.0,2018-03-21
2018-03-21,1,15,651.6999999999998,689.22,1249.0,598.0,2018-03-28
2018-03-29,1,15,567.55,651.6,1211.3899999999999,644.0,2018-04-05
2018-01-01,1,16,150.01000000000002,167.66,332.03,183.0,2018-01-08
2018-01-10,1,16,159.8,175.23,339.59000000000003,180.0,2018-01-17
2018-01-19,1,16,157.04,176.17,340.54,184.0,2018-01-26
2018-01-27,1,16,174.26999999999998,181.32,345.69000000000005,172.0,2018-02-03
2018-02-04,1,16,170.58999999999997,186.88,351.24,181.0,2018-02-11
2018-02-12,1,16,179.72999999999993,186.89,351.25,172.0,2018-02-19
2018-02-20,1,16,176.32999999999993,189.62,353.98,178.0,2018-02-27
2018-02-27,1,16,196.99999999999994,213.58,377.94000000000005,181.0,2018-03-06
2018-03-06,1,16,196.6899999999999,216.47,380.84000000000003,185.0,2018-03-13
2018-03-13,1,16,197.49999999999991,220.24,384.61,188.0,2018-03-20
2018-03-20,1,16,197.54999999999993,218.36,382.72,186.0,2018-03-27
2018-03-28,1,16,172.70999999999992,196.61,360.97,189.0,2018-04-04
2018-01-01,1,17,191.55,214.25,424.81,234.0,2018-01-08
2018-01-10,1,17,203.28,215.14,425.70000000000005,223.0,2018-01-17
2018-01-19,1,17,198.66,215.09,425.65,227.0,2018-01-26
2018-01-27,1,17,220.85000000000002,223.3,433.86,214.0,2018-02-03
2018-02-04,1,17,217.54000000000002,233.92,444.49,227.0,2018-02-11
2018-02-12,1,17,228.27000000000004,233.62,444.18,216.0,2018-02-19
2018-02-20,1,17,223.78000000000003,233.25,443.81,221.0,2018-02-27
2018-02-27,1,17,250.31000000000003,264.5,475.06,225.0,2018-03-06
2018-03-06,1,17,249.58000000000004,265.29,475.84999999999997,227.0,2018-03-13
2018-03-13,1,17,250.08,270.67,481.22999999999996,232.0,2018-03-20
2018-03-20,1,17,250.19,270.33,480.90000000000003,231.0,2018-03-27
2018-03-28,1,17,219.26000000000002,249.34,459.9,241.0,2018-04-04
2018-01-01,1,18,487.20000000000005,551.14,1087.83,601.0,2018-01-08
2018-01-10,1,18,513.2000000000002,537.1,1073.79,561.0,2018-01-17
2018-01-19,1,18,495.97000000000014,543.71,1080.4,585.0,2018-01-26
2018-01-27,1,18,555.11,557.93,1094.6200000000001,540.0,2018-02-03
2018-02-04,1,18,542.8500000000001,590.03,1126.72,584.0,2018-02-11
2018-02-12,1,18,571.0500000000001,586.33,1123.02,552.0,2018-02-19
2018-02-20,1,18,560.6200000000001,585.31,1122.0,562.0,2018-02-27
2018-02-27,1,18,626.5,663.82,1200.5100000000002,575.0,2018-03-06
2018-03-06,1,18,626.8700000000001,678.77,1215.46,589.0,2018-03-13
2018-03-13,1,18,626.2900000000001,677.59,1214.2800000000002,588.0,2018-03-20
2018-03-20,1,18,625.9000000000001,672.45,1209.14,584.0,2018-03-27
2018-03-28,1,18,548.8100000000001,625.9,1162.5900000000001,614.0,2018-04-04
2018-01-01,1,19,234.14999999999998,261.7,519.72,286.0,2018-01-08
2018-01-10,1,19,247.55999999999995,266.34,524.36,277.0,2018-01-17
2018-01-19,1,19,242.40999999999997,263.78,521.8,280.0,2018-01-26
2018-01-27,1,19,270.65999999999997,272.05,530.0699999999999,260.0,2018-02-03
2018-02-04,1,19,265.91999999999996,287.95,545.97,281.0,2018-02-11
2018-02-12,1,19,278.6,288.69,546.72,269.0,2018-02-19
2018-02-20,1,19,274.62,287.78,545.8,272.0,2018-02-27
2018-02-27,1,19,305.84,325.99,584.02,279.0,2018-03-06
2018-03-06,1,19,305.84,328.64,586.66,281.0,2018-03-13
2018-03-13,1,19,305.19999999999993,333.65,591.67,287.0,2018-03-20
2018-03-20,1,19,305.55999999999995,332.76,590.78,286.0,2018-03-27
2018-03-28,1,19,268.15,305.0,563.03,295.0,2018-04-04
2018-01-01,1,20,273.03999999999996,318.67,621.49,349.0,2018-01-08
2018-01-09,1,20,318.8399999999999,322.89,625.71,307.0,2018-01-16
2018-01-17,1,20,318.58999999999986,321.96,624.78,307.0,2018-01-24
2018-01-25,1,20,317.3499999999998,327.21,630.03,313.0,2018-02-01
2018-02-01,1,20,354.7699999999998,355.32,658.14,304.0,2018-02-08
2018-02-08,1,20,355.0799999999998,360.24,663.0699999999999,308.0,2018-02-15
2018-02-15,1,20,354.45999999999987,356.74,659.56,306.0,2018-02-22
2018-02-22,1,20,355.34999999999985,365.32,668.14,313.0,2018-03-01
2018-02-28,1,20,407.7799999999998,414.8,717.62,310.0,2018-03-07
2018-03-06,1,20,401.5899999999998,412.91,715.74,315.0,2018-03-13
2018-03-12,1,20,403.14999999999975,418.25,721.0699999999999,318.0,2018-03-19
2018-03-18,1,20,395.8399999999998,416.26,719.0899999999999,324.0,2018-03-25
2018-03-26,1,20,314.62999999999977,354.46,657.28,343.0,2018-04-02
2018-01-01,1,21,230.92,258.95,513.11,283.0,2018-01-08
2018-01-10,1,21,243.42000000000002,254.44,508.61,266.0,2018-01-17
2018-01-19,1,21,239.82999999999996,254.37,508.54,269.0,2018-01-26
2018-01-28,1,21,232.5299999999999,270.48,524.64,293.0,2018-02-04
2018-02-05,1,21,274.4499999999999,277.12,531.29,257.0,2018-02-12
2018-02-13,1,21,269.8199999999999,279.55,533.72,264.0,2018-02-20
2018-02-21,1,21,269.55999999999983,280.05,534.21,265.0,2018-02-28
2018-02-28,1,21,300.55999999999983,321.37,575.54,275.0,2018-03-07
2018-03-07,1,21,300.2499999999999,322.62,576.79,277.0,2018-03-14
2018-03-14,1,21,300.6699999999999,329.12,583.29,283.0,2018-03-21
2018-03-21,1,21,300.6099999999999,325.79,579.96,280.0,2018-03-28
2018-03-29,1,21,261.1299999999998,300.25,554.4100000000001,294.0,2018-04-05
2018-01-01,1,22,466.30999999999995,512.98,1024.8200000000002,559.0,2018-01-08
2018-01-10,1,22,483.14,510.05,1021.8900000000001,539.0,2018-01-17
2018-01-19,1,22,468.02,516.92,1028.7600000000002,561.0,2018-01-26
2018-01-27,1,22,525.89,532.7,1044.54,519.0,2018-02-03
2018-02-04,1,22,517.7699999999999,564.91,1076.75,559.0,2018-02-11
2018-02-12,1,22,541.8099999999998,562.93,1074.77,533.0,2018-02-19
2018-02-20,1,22,533.5899999999998,560.76,1072.6,540.0,2018-02-27
2018-02-27,1,22,596.6399999999998,637.33,1149.17,553.0,2018-03-06
2018-03-06,1,22,596.1399999999998,647.81,1159.65,564.0,2018-03-13
2018-03-13,1,22,596.1599999999997,647.94,1159.7800000000002,564.0,2018-03-20
2018-03-20,1,22,596.0399999999997,646.32,1158.1599999999999,563.0,2018-03-27
2018-03-28,1,22,522.4199999999997,595.67,1107.5100000000002,586.0,2018-04-04
2018-01-01,1,23,169.17999999999998,185.26,371.18,203.0,2018-01-08
2018-01-10,1,23,182.28999999999996,189.27,375.19,193.0,2018-01-17
2018-01-19,1,23,177.50999999999993,188.93,374.85,198.0,2018-01-26
2018-01-28,1,23,171.88999999999996,197.63,383.54999999999995,212.0,2018-02-04
2018-02-05,1,23,203.36999999999998,203.93,389.85,187.0,2018-02-12
2018-02-13,1,23,200.36999999999998,203.07,388.99,189.0,2018-02-20
2018-02-21,1,23,200.11999999999998,203.51,389.43,190.0,2018-02-28
2018-02-28,1,23,222.49999999999994,235.41,421.33,199.0,2018-03-07
2018-03-07,1,23,221.97999999999996,234.02,419.94,198.0,2018-03-14
2018-03-14,1,23,221.85999999999996,235.19,421.11,200.0,2018-03-21
2018-03-21,1,23,222.56999999999996,235.4,421.32,199.0,2018-03-28
2018-03-29,1,23,193.93,221.79,407.71,214.0,2018-04-05
2018-01-01,1,24,383.79,402.83,823.25,440.0,2018-01-08
2018-01-11,1,24,359.41999999999996,400.02,820.45,462.0,2018-01-18
2018-01-20,1,24,390.11999999999995,396.08,816.5,427.0,2018-01-27
2018-01-29,1,24,399.88,422.69,843.1200000000001,444.0,2018-02-05
2018-02-07,1,24,397.53000000000003,433.57,854.0,457.0,2018-02-14
2018-02-16,1,24,384.92999999999995,434.06,854.48,470.0,2018-02-23
2018-02-24,1,24,433.05999999999995,464.44,884.8700000000001,452.0,2018-03-03
2018-03-03,1,24,491.25999999999993,495.67,916.0899999999999,425.0,2018-03-10
2018-03-10,1,24,491.24999999999994,497.86,918.28,428.0,2018-03-17
2018-03-17,1,24,492.0599999999999,496.73,917.1500000000001,426.0,2018-03-24
2018-03-24,1,24,491.98999999999995,496.96,917.3900000000001,426.0,2018-03-31
2018-01-01,1,25,463.2699999999999,521.15,1032.86,570.0,2018-01-08
2018-01-10,1,25,483.9100000000001,515.62,1027.33,544.0,2018-01-17
2018-01-19,1,25,471.0700000000001,515.13,1026.83,556.0,2018-01-26
2018-01-27,1,25,526.2800000000001,530.96,1042.6599999999999,517.0,2018-02-03
2018-02-04,1,25,515.9400000000002,562.54,1074.2399999999998,559.0,2018-02-11
2018-02-12,1,25,542.0700000000002,558.64,1070.34,529.0,2018-02-19
2018-02-20,1,25,533.4900000000001,557.41,1069.11,536.0,2018-02-27
2018-02-27,1,25,595.54,632.36,1144.06,549.0,2018-03-06
2018-03-06,1,25,595.6500000000001,639.91,1151.6100000000001,556.0,2018-03-13
2018-03-13,1,25,595.2100000000002,636.74,1148.44,554.0,2018-03-20
2018-03-20,1,25,595.9300000000002,641.22,1152.92,557.0,2018-03-27
2018-03-28,1,25,521.7000000000002,595.13,1106.84,586.0,2018-04-04
2018-01-01,1,26,275.71000000000004,318.59,623.5,348.0,2018-01-08
2018-01-10,1,26,289.44,321.56,626.47,338.0,2018-01-17
2018-01-18,1,26,321.46999999999997,325.56,630.47,310.0,2018-01-25
2018-01-26,1,26,319.61,332.31,637.23,318.0,2018-02-02
2018-02-03,1,26,311.58,352.0,656.9200000000001,346.0,2018-02-10
2018-02-11,1,26,308.7199999999999,352.47,657.39,349.0,2018-02-18
2018-02-19,1,26,325.8999999999999,352.62,657.54,332.0,2018-02-26
2018-02-26,1,26,359.6099999999999,393.24,698.1600000000001,339.0,2018-03-05
2018-03-04,1,26,399.77999999999986,406.21,711.13,312.0,2018-03-11
2018-03-11,1,26,359.90999999999997,409.28,714.2,355.0,2018-03-18
2018-03-18,1,26,359.96,406.56,711.47,352.0,2018-03-25
2018-03-26,1,26,319.68999999999994,359.26,664.1800000000001,345.0,2018-04-02
2018-01-01,1,27,127.76,144.12,284.96000000000004,158.0,2018-01-08
2018-01-10,1,27,139.27999999999997,146.95,287.78999999999996,149.0,2018-01-17
2018-01-19,1,27,134.90999999999997,148.53,289.37,155.0,2018-01-26
2018-01-27,1,27,150.7,153.26,294.1,144.0,2018-02-03
2018-02-04,1,27,147.61,157.31,298.15,151.0,2018-02-11
2018-02-13,1,27,138.38000000000005,154.58,295.41999999999996,158.0,2018-02-20
2018-02-21,1,27,153.48000000000002,155.39,296.23,143.0,2018-02-28
2018-02-28,1,27,169.34,181.79,322.63,154.0,2018-03-07
2018-03-07,1,27,169.79999999999998,182.18,323.02,154.0,2018-03-14
2018-03-14,1,27,169.87,181.68,322.52,153.0,2018-03-21
2018-03-21,1,27,169.44,180.43,321.27,152.0,2018-03-28
2018-03-29,1,27,147.83999999999997,169.07,309.90999999999997,163.0,2018-04-05
2018-01-01,1,28,508.41999999999996,556.44,1115.26,607.0,2018-01-08
2018-01-10,1,28,529.1700000000001,560.6,1119.42,591.0,2018-01-17
2018-01-19,1,28,510.49,557.28,1116.1,606.0,2018-01-26
2018-01-28,1,28,494.7599999999999,579.76,1138.57,644.0,2018-02-04
2018-02-05,1,28,592.6699999999998,598.43,1157.24,565.0,2018-02-12
2018-02-13,1,28,583.8299999999999,600.68,1159.5,576.0,2018-02-20
2018-02-21,1,28,584.41,599.63,1158.4499999999998,575.0,2018-02-28
2018-02-28,1,28,650.8900000000001,695.39,1254.1999999999998,604.0,2018-03-07
2018-03-07,1,28,650.6300000000001,686.97,1245.79,596.0,2018-03-14
2018-03-14,1,28,650.7700000000001,688.37,1247.19,597.0,2018-03-21
2018-03-21,1,28,650.5200000000001,689.1,1247.92,598.0,2018-03-28
2018-03-29,1,28,565.6200000000001,649.89,1208.71,644.0,2018-04-05
2018-01-01,1,29,401.45,455.53,899.05,498.0,2018-01-08
2018-01-10,1,29,415.16999999999985,453.71,897.23,483.0,2018-01-17
2018-01-19,1,29,406.53999999999985,448.98,892.49,486.0,2018-01-26
2018-01-27,1,29,456.5599999999999,465.72,909.23,453.0,2018-02-03
2018-02-04,1,29,448.51999999999987,487.77,931.29,483.0,2018-02-11
2018-02-12,1,29,470.6399999999998,491.73,935.25,465.0,2018-02-19
2018-02-20,1,29,462.5199999999998,486.29,929.8,468.0,2018-02-27
2018-02-27,1,29,517.4299999999997,550.64,994.16,477.0,2018-03-06
2018-03-06,1,29,516.9899999999997,555.43,998.94,482.0,2018-03-13
2018-03-13,1,29,516.7599999999998,561.02,1004.54,488.0,2018-03-20
2018-03-20,1,29,516.9299999999997,555.38,998.89,482.0,2018-03-27
2018-03-28,1,29,452.00999999999976,516.73,960.25,509.0,2018-04-04
2018-01-01,1,30,232.04000000000002,252.39,507.18999999999994,276.0,2018-01-08
2018-01-10,1,30,246.49,253.44,508.24,262.0,2018-01-17
2018-01-19,1,30,240.98000000000002,247.77,502.57,262.0,2018-01-26
2018-01-28,1,30,234.48000000000005,258.39,513.1899999999999,279.0,2018-02-04
2018-02-06,1,30,245.45000000000007,269.4,524.1999999999999,279.0,2018-02-13
2018-02-15,1,30,240.43000000000012,270.88,525.67,286.0,2018-02-22
2018-02-23,1,30,267.9400000000001,282.78,537.5699999999999,270.0,2018-03-02
2018-03-02,1,30,301.58000000000015,311.34,566.14,265.0,2018-03-09
2018-03-09,1,30,301.6500000000002,311.54,566.3299999999999,265.0,2018-03-16
2018-03-16,1,30,301.53000000000014,315.51,570.31,269.0,2018-03-23
2018-03-23,1,30,301.4300000000002,318.02,572.81,272.0,2018-03-30
2018-03-31,1,30,258.6500000000002,301.21,556.01,298.0,2018-04-07
2018-01-01,1,31,339.34,366.96,739.15,400.0,2018-01-08
2018-01-10,1,31,355.26,367.55,739.73,385.0,2018-01-17
2018-01-19,1,31,344.86999999999995,368.49,740.67,396.0,2018-01-26
2018-01-28,1,31,338.4699999999999,381.89,754.0699999999999,416.0,2018-02-04
2018-02-05,1,31,398.61999999999995,399.88,772.0699999999999,374.0,2018-02-12
2018-02-13,1,31,391.9699999999999,396.64,768.8199999999999,377.0,2018-02-20
2018-02-21,1,31,392.33,392.57,764.76,373.0,2018-02-28
2018-02-28,1,31,435.96999999999997,453.3,825.48,390.0,2018-03-07
2018-03-07,1,31,435.88,453.19,825.38,390.0,2018-03-14
2018-03-14,1,31,435.91,453.53,825.72,390.0,2018-03-21
2018-03-21,1,31,435.5900000000001,452.21,824.39,389.0,2018-03-28
2018-03-29,1,31,379.39000000000016,435.42,807.6099999999999,429.0,2018-04-05
2018-01-01,1,32,255.07,276.39,556.33,302.0,2018-01-08
2018-01-10,1,32,269.05,278.61,558.54,290.0,2018-01-17
2018-01-19,1,32,260.26,280.54,560.47,301.0,2018-01-26
2018-01-28,1,32,252.64999999999998,292.18,572.12,320.0,2018-02-04
2018-02-05,1,32,300.78999999999996,301.09,581.03,281.0,2018-02-12
2018-02-13,1,32,295.21,303.27,583.2,288.0,2018-02-20
2018-02-21,1,32,294.89000000000004,302.21,582.1500000000001,288.0,2018-02-28
2018-02-28,1,32,329.25,351.02,630.95,302.0,2018-03-07
2018-03-07,1,32,328.82,352.04,631.97,304.0,2018-03-14
2018-03-14,1,32,329.34999999999997,352.0,631.9300000000001,303.0,2018-03-21
2018-03-21,1,32,328.91999999999996,352.12,632.06,304.0,2018-03-28
2018-03-29,1,32,288.0599999999999,328.46,608.4,321.0,2018-04-05
2018-01-01,1,33,398.22,459.15,901.13,503.0,2018-01-08
2018-01-10,1,33,412.5300000000001,457.97,899.95,488.0,2018-01-17
2018-01-19,1,33,402.3100000000001,454.76,896.74,495.0,2018-01-26
2018-01-27,1,33,453.42000000000013,473.0,914.98,462.0,2018-02-03
2018-02-04,1,33,443.98000000000013,492.09,934.0699999999999,491.0,2018-02-11
2018-02-12,1,33,468.23000000000025,499.0,940.98,473.0,2018-02-19
2018-02-20,1,33,459.0300000000002,494.68,936.6600000000001,478.0,2018-02-27
2018-02-27,1,33,514.94,555.92,997.9,483.0,2018-03-06
2018-03-06,1,33,514.6200000000001,571.59,1013.57,499.0,2018-03-13
2018-03-13,1,33,514.6100000000001,569.84,1011.82,498.0,2018-03-20
2018-03-20,1,33,515.3400000000001,565.9,1007.88,493.0,2018-03-27
2018-03-28,1,33,449.74000000000007,514.53,956.51,507.0,2018-04-04
2018-01-01,1,34,149.14999999999998,171.35,335.37,187.0,2018-01-08
2018-01-10,1,34,158.18999999999994,176.43,340.44,183.0,2018-01-17
2018-01-19,1,34,155.54999999999993,175.76,339.78,185.0,2018-01-26
2018-01-27,1,34,173.79999999999993,182.7,346.71000000000004,173.0,2018-02-03
2018-02-04,1,34,169.1399999999999,189.95,353.96000000000004,185.0,2018-02-11
2018-02-12,1,34,177.7499999999999,193.69,357.71000000000004,180.0,2018-02-19
2018-02-20,1,34,174.58999999999986,192.66,356.66999999999996,183.0,2018-02-27
2018-02-27,1,34,196.78999999999988,220.06,384.08,188.0,2018-03-06
2018-03-06,1,34,196.59999999999985,221.5,385.51,189.0,2018-03-13
2018-03-12,1,34,221.89999999999986,226.08,390.1,169.0,2018-03-19
2018-03-18,1,34,218.37999999999985,223.98,387.99,170.0,2018-03-25
2018-03-26,1,34,175.22999999999988,195.89,359.90999999999997,185.0,2018-04-02
2018-01-01,1,35,379.46000000000004,425.44,843.6200000000001,465.0,2018-01-08
2018-01-10,1,35,394.94,421.06,839.24,445.0,2018-01-17
2018-01-19,1,35,384.44000000000005,421.44,839.6200000000001,456.0,2018-01-26
2018-01-27,1,35,431.4,440.24,858.4200000000001,428.0,2018-02-03
2018-02-04,1,35,424.94,456.1,874.28,450.0,2018-02-11
2018-02-12,1,35,444.32,458.3,876.47,433.0,2018-02-19
2018-02-20,1,35,437.84,458.23,876.4000000000001,439.0,2018-02-27
2018-02-27,1,35,488.45000000000005,513.08,931.26,443.0,2018-03-06
2018-03-06,1,35,488.23000000000013,521.83,940.01,452.0,2018-03-13
2018-03-13,1,35,488.25000000000017,525.46,943.6300000000001,456.0,2018-03-20
2018-03-20,1,35,488.6300000000002,524.29,942.47,454.0,2018-03-27
2018-03-28,1,35,426.6500000000002,488.02,906.2,480.0,2018-04-04
2018-01-01,1,36,442.87999999999994,492.43,979.6299999999999,537.0,2018-01-08
2018-01-10,1,36,459.7899999999999,496.36,983.56,524.0,2018-01-17
2018-01-19,1,36,448.14,498.23,985.42,538.0,2018-01-26
2018-01-27,1,36,501.26000000000005,509.06,996.26,495.0,2018-02-03
2018-02-04,1,36,493.69,532.25,1019.4499999999999,526.0,2018-02-11
2018-02-12,1,36,516.92,532.35,1019.55,503.0,2018-02-19
2018-02-20,1,36,510.25,528.82,1016.0199999999999,506.0,2018-02-27
2018-02-27,1,36,568.6,598.64,1085.83,518.0,2018-03-06
2018-03-06,1,36,569.14,608.9,1096.1,527.0,2018-03-13
2018-03-13,1,36,568.39,613.81,1101.0099999999998,533.0,2018-03-20
2018-03-20,1,36,568.74,610.92,1098.12,530.0,2018-03-27
2018-03-28,1,36,499.35,568.4,1055.59,557.0,2018-04-04
2018-01-01,1,37,168.91,176.73,361.74,193.0,2018-01-08
2018-01-11,1,37,162.13,179.06,364.07,202.0,2018-01-18
2018-01-21,1,37,152.76999999999998,174.46,359.46,207.0,2018-01-28
2018-01-30,1,37,185.72,190.43,375.44,190.0,2018-02-06
2018-02-08,1,37,178.94999999999996,189.73,374.73,196.0,2018-02-15
2018-02-17,1,37,172.29999999999995,191.87,376.87,205.0,2018-02-24
2018-02-25,1,37,193.52999999999997,209.9,394.90999999999997,202.0,2018-03-04
2018-03-05,1,37,200.35999999999993,220.31,405.30999999999995,205.0,2018-03-12
2018-03-12,1,37,220.43999999999988,222.11,407.12,187.0,2018-03-19
2018-03-19,1,37,220.7199999999999,221.38,406.38,186.0,2018-03-26
2018-03-27,1,37,195.9399999999999,220.37,405.38,210.0,2018-04-03
2018-01-01,1,38,469.11,518.04,1033.52,565.0,2018-01-08
2018-01-10,1,38,485.07000000000005,517.76,1033.24,549.0,2018-01-17
2018-01-19,1,38,474.2499999999999,514.69,1030.17,556.0,2018-01-26
2018-01-27,1,38,531.02,531.58,1047.0500000000002,517.0,2018-02-03
2018-02-04,1,38,522.0699999999999,565.51,1080.99,559.0,2018-02-11
2018-02-12,1,38,546.19,559.9,1075.38,530.0,2018-02-19
2018-02-20,1,38,538.2800000000001,558.38,1073.85,536.0,2018-02-27
2018-02-27,1,38,600.29,632.82,1148.29,548.0,2018-03-06
2018-03-06,1,38,599.88,641.42,1156.9,558.0,2018-03-13
2018-03-13,1,38,600.86,637.98,1153.46,553.0,2018-03-20
2018-03-20,1,38,600.2700000000001,641.87,1157.35,558.0,2018-03-27
2018-03-28,1,38,527.32,599.85,1115.33,589.0,2018-04-04
2018-01-01,1,39,254.84000000000003,282.28,561.51,307.0,2018-01-08
2018-01-10,1,39,267.64000000000004,284.65,563.88,297.0,2018-01-17
2018-01-19,1,39,259.25,286.98,566.21,307.0,2018-01-26
2018-01-27,1,39,291.23999999999995,292.58,571.8100000000001,281.0,2018-02-03
2018-02-04,1,39,286.88,309.29,588.52,302.0,2018-02-11
2018-02-12,1,39,299.63000000000005,314.57,593.8,295.0,2018-02-19
2018-02-20,1,39,295.21000000000004,313.86,593.09,298.0,2018-02-27
2018-02-27,1,39,329.3500000000001,357.57,636.8,308.0,2018-03-06
2018-03-06,1,39,329.77000000000015,363.2,642.4300000000001,313.0,2018-03-13
2018-03-13,1,39,329.58000000000015,364.4,643.63,315.0,2018-03-20
2018-03-20,1,39,330.19000000000017,366.03,645.26,316.0,2018-03-27
2018-03-28,1,39,288.85000000000014,329.25,608.48,320.0,2018-04-04
2018-01-01,1,40,169.63,185.04,370.82,202.0,2018-01-08
2018-01-10,1,40,180.92000000000002,190.22,376.0,196.0,2018-01-17
2018-01-19,1,40,176.64000000000004,190.0,375.79,200.0,2018-01-26
2018-01-28,1,40,169.42000000000004,197.95,383.73,215.0,2018-02-04
2018-02-05,1,40,202.15,205.15,390.93,189.0,2018-02-12
2018-02-13,1,40,198.13,207.14,392.93,195.0,2018-02-20
2018-02-21,1,40,198.43,205.01,390.8,193.0,2018-02-28
2018-02-28,1,40,221.32000000000002,240.22,426.01,205.0,2018-03-07
2018-03-07,1,40,221.00000000000003,235.07,420.85,200.0,2018-03-14
2018-03-14,1,40,220.82000000000005,236.46,422.24,202.0,2018-03-21
2018-03-21,1,40,221.25000000000006,237.91,423.69,203.0,2018-03-28
2018-03-29,1,40,193.10000000000008,220.68,406.46000000000004,214.0,2018-04-05
2018-01-01,1,41,127.14999999999999,145.23,285.86,159.0,2018-01-08
2018-01-10,1,41,137.61,148.11,288.74,152.0,2018-01-17
2018-01-19,1,41,136.23000000000002,144.4,285.03,149.0,2018-01-26
2018-01-27,1,41,150.26000000000002,153.69,294.33,145.0,2018-02-03
2018-02-04,1,41,147.8,156.18,296.81,150.0,2018-02-11
2018-02-13,1,41,138.74,154.55,295.18,157.0,2018-02-20
2018-02-22,1,41,135.42999999999995,155.08,295.71000000000004,161.0,2018-03-01
2018-03-01,1,41,169.63999999999993,180.38,321.02,152.0,2018-03-08
2018-03-08,1,41,169.5499999999999,179.79,320.41999999999996,151.0,2018-03-15
2018-03-15,1,41,169.02999999999992,180.02,320.65999999999997,152.0,2018-03-22
2018-03-22,1,41,169.2899999999999,179.0,319.63,151.0,2018-03-29
2018-03-30,1,41,146.28999999999994,168.9,309.53,164.0,2018-04-06
2018-01-01,1,42,212.52999999999997,215.29,446.99,235.0,2018-01-08
2018-01-11,1,42,201.75999999999996,216.1,447.8,247.0,2018-01-18
2018-01-21,1,42,190.21999999999997,212.03,443.74,254.0,2018-01-28
2018-01-30,1,42,230.73,233.67,465.38,235.0,2018-02-06
2018-02-08,1,42,220.25,233.14,464.85,245.0,2018-02-15
2018-02-17,1,42,212.77,233.19,464.89,253.0,2018-02-24
2018-02-25,1,42,240.9000000000001,254.78,486.49,246.0,2018-03-04
2018-03-05,1,42,246.4800000000001,266.83,498.53,253.0,2018-03-12
2018-03-13,1,42,243.95000000000007,270.1,501.81000000000006,258.0,2018-03-20
2018-03-21,1,42,242.5100000000001,270.14,501.84000000000003,260.0,2018-03-28
2018-03-29,1,42,240.6900000000001,272.58,504.28,264.0,2018-04-05
2018-01-01,1,43,295.97,319.14,643.87,348.0,2018-01-08
2018-01-10,1,43,311.07000000000005,320.16,644.9,334.0,2018-01-17
2018-01-19,1,43,304.18000000000006,323.33,648.06,344.0,2018-01-26
2018-01-28,1,43,293.49000000000007,337.42,662.1600000000001,369.0,2018-02-04
2018-02-05,1,43,347.81000000000006,350.39,675.13,328.0,2018-02-12
2018-02-13,1,43,343.55,350.24,674.98,332.0,2018-02-20
2018-02-21,1,43,342.52,351.72,676.46,334.0,2018-02-28
2018-02-28,1,43,381.3699999999999,407.4,732.14,351.0,2018-03-07
2018-03-07,1,43,381.53999999999985,405.93,730.6600000000001,350.0,2018-03-14
2018-03-14,1,43,382.1899999999998,403.73,728.47,347.0,2018-03-21
2018-03-21,1,43,382.0299999999998,402.47,727.21,346.0,2018-03-28
2018-03-29,1,43,334.4799999999999,381.33,706.06,372.0,2018-04-05
2018-01-01,1,44,169.82,197.51,384.76,215.0,2018-01-08
2018-01-10,1,44,180.38000000000002,198.52,385.77,206.0,2018-01-17
2018-01-19,1,44,177.24000000000004,197.04,384.3,208.0,2018-01-26
2018-01-27,1,44,198.53000000000006,207.35,394.6,197.0,2018-02-03
2018-02-04,1,44,193.62000000000006,213.45,400.7,208.0,2018-02-11
2018-02-12,1,44,203.51000000000005,211.94,399.19,196.0,2018-02-19
2018-02-20,1,44,199.19000000000003,214.77,402.02,203.0,2018-02-27
2018-02-27,1,44,222.89,242.77,430.02,208.0,2018-03-06
2018-03-06,1,44,223.6,246.49,433.74,211.0,2018-03-13
2018-03-13,1,44,223.57999999999998,248.91,436.15999999999997,213.0,2018-03-20
2018-03-20,1,44,223.14,245.38,432.64,210.0,2018-03-27
2018-03-28,1,44,195.45,222.72,409.98,215.0,2018-04-04
2018-01-01,1,45,463.56,511.03,1022.1700000000001,559.0,2018-01-08
2018-01-10,1,45,481.53000000000003,513.9,1025.04,544.0,2018-01-17
2018-01-19,1,45,467.56000000000006,514.95,1026.0900000000001,559.0,2018-01-26
2018-01-28,1,45,454.4200000000001,532.11,1043.24,589.0,2018-02-04
2018-02-05,1,45,540.2900000000001,561.63,1072.76,533.0,2018-02-12
2018-02-13,1,45,533.01,557.46,1068.5900000000001,536.0,2018-02-20
2018-02-21,1,45,532.57,554.89,1066.02,534.0,2018-02-28
2018-02-28,1,45,595.2300000000001,638.36,1149.4899999999998,555.0,2018-03-07
2018-03-07,1,45,595.4200000000002,639.35,1150.4899999999998,556.0,2018-03-14
2018-03-14,1,45,595.6000000000001,634.24,1145.38,550.0,2018-03-21
2018-03-21,1,45,594.9000000000003,637.33,1148.4699999999998,554.0,2018-03-28
2018-03-29,1,45,515.5100000000003,594.67,1105.81,591.0,2018-04-05
2018-01-01,1,46,338.33,370.45,741.51,404.0,2018-01-08
2018-01-10,1,46,354.19000000000005,370.14,741.21,388.0,2018-01-17
2018-01-19,1,46,343.01,370.72,741.79,399.0,2018-01-26
2018-01-28,1,46,334.56999999999994,387.78,758.8499999999999,425.0,2018-02-04
2018-02-05,1,46,396.52999999999986,401.26,772.3299999999999,376.0,2018-02-12
2018-02-13,1,46,389.7299999999999,400.64,771.71,382.0,2018-02-20
2018-02-21,1,46,390.2299999999999,398.8,769.8599999999999,380.0,2018-02-28
2018-02-28,1,46,434.71999999999986,458.37,829.4300000000001,395.0,2018-03-07
2018-03-07,1,46,434.6299999999999,455.57,826.6400000000001,393.0,2018-03-14
2018-03-14,1,46,435.33999999999986,458.73,829.8,395.0,2018-03-21
2018-03-21,1,46,434.8799999999999,455.5,826.56,392.0,2018-03-28
2018-03-29,1,46,378.1899999999998,434.38,805.45,428.0,2018-04-05
2018-01-01,1,47,126.17999999999998,135.95,274.98,149.0,2018-01-08
2018-01-10,1,47,138.02999999999997,141.26,280.28,143.0,2018-01-17
2018-01-19,1,47,134.96999999999994,139.24,278.27,144.0,2018-01-26
2018-01-28,1,47,131.11999999999995,148.47,287.49,157.0,2018-02-04
2018-02-06,1,47,136.59999999999994,150.79,289.82,154.0,2018-02-13
2018-02-14,1,47,151.37999999999994,152.7,291.71999999999997,141.0,2018-02-21
2018-02-22,1,47,150.05999999999992,153.84,292.87,143.0,2018-03-01
2018-03-01,1,47,167.08999999999992,174.86,313.89,147.0,2018-03-08
2018-03-08,1,47,167.0999999999999,176.27,315.28999999999996,149.0,2018-03-15
2018-03-15,1,47,167.6899999999999,177.72,316.74,150.0,2018-03-22
2018-03-22,1,47,167.82999999999993,175.66,314.69,147.0,2018-03-29
2018-03-30,1,47,144.66999999999993,166.85,305.88,162.0,2018-04-06
2018-01-01,1,48,296.12,335.75,663.49,368.0,2018-01-08
2018-01-10,1,48,311.57,334.49,662.23,351.0,2018-01-17
2018-01-19,1,48,302.33000000000004,335.69,663.4300000000001,362.0,2018-01-26
2018-01-27,1,48,340.78000000000003,348.16,675.9,336.0,2018-02-03
2018-02-04,1,48,333.66,364.67,692.41,359.0,2018-02-11
2018-02-12,1,48,350.3400000000001,367.78,695.52,346.0,2018-02-19
2018-02-20,1,48,344.46000000000015,363.49,691.23,347.0,2018-02-27
2018-02-27,1,48,384.6200000000001,416.93,744.67,361.0,2018-03-06
2018-03-06,1,48,385.3400000000001,420.09,747.8299999999999,363.0,2018-03-13
2018-03-13,1,48,384.89000000000004,425.83,753.5699999999999,369.0,2018-03-20
2018-03-20,1,48,384.71000000000004,420.97,748.71,364.0,2018-03-27
2018-03-28,1,48,336.3700000000001,384.37,712.11,376.0,2018-04-04
2018-01-01,1,49,168.35,196.68,383.09000000000003,215.0,2018-01-08
2018-01-10,1,49,179.41,198.82,385.23,206.0,2018-01-17
2018-01-19,1,49,174.17999999999998,195.78,382.19,209.0,2018-01-26
2018-01-27,1,49,197.30999999999997,207.33,393.74,197.0,2018-02-03
2018-02-04,1,49,191.92999999999998,212.98,399.39,208.0,2018-02-11
2018-02-12,1,49,202.08999999999997,212.04,398.45,197.0,2018-02-19
2018-02-20,1,49,199.37999999999994,213.71,400.12,201.0,2018-02-27
2018-02-27,1,49,221.79999999999993,242.41,428.82,208.0,2018-03-06
2018-03-06,1,49,222.52999999999992,246.15,432.56,211.0,2018-03-13
2018-03-13,1,49,222.5099999999999,247.84,434.25,212.0,2018-03-20
2018-03-20,1,49,221.8099999999999,244.08,430.49,209.0,2018-03-27
2018-03-28,1,49,193.7199999999999,221.53,407.94,215.0,2018-04-04
2018-01-01,1,50,377.65,418.01,835.06,458.0,2018-01-08
2018-01-10,1,50,392.25,428.25,845.31,454.0,2018-01-17
2018-01-19,1,50,385.36999999999995,422.13,839.19,454.0,2018-01-26
2018-01-27,1,50,430.03000000000003,435.75,852.8,423.0,2018-02-03
2018-02-04,1,50,423.05000000000007,454.16,871.22,449.0,2018-02-11
2018-02-12,1,50,443.03999999999996,454.9,871.96,429.0,2018-02-19
2018-02-20,1,50,435.44999999999993,456.16,873.21,438.0,2018-02-27
2018-02-27,1,50,486.6599999999999,512.77,929.8299999999999,444.0,2018-03-06
2018-03-06,1,50,487.2599999999998,523.43,940.49,454.0,2018-03-13
2018-03-13,1,50,487.1999999999998,523.63,940.69,454.0,2018-03-20
2018-03-20,1,50,486.9399999999998,518.5,935.56,449.0,2018-03-27
2018-03-28,1,50,426.4499999999997,486.45,903.51,478.0,2018-04-04
2018-01-01,2,1,180.70999999999998,192.64,390.19,210.0,2018-01-08
2018-01-10,2,1,192.76,193.98,391.52,199.0,2018-01-17
2018-01-19,2,1,189.36999999999998,191.88,389.41999999999996,201.0,2018-01-26
2018-01-28,2,1,182.9399999999999,203.26,400.79999999999995,218.0,2018-02-04
2018-02-06,2,1,191.8699999999999,208.05,405.59,214.0,2018-02-13
2018-02-15,2,1,187.3599999999999,209.1,406.64,220.0,2018-02-22
2018-02-23,2,1,209.25999999999988,218.26,415.79999999999995,207.0,2018-03-02
2018-03-02,2,1,234.8399999999999,240.44,437.98,204.0,2018-03-09
2018-03-09,2,1,235.24999999999986,237.4,434.94,200.0,2018-03-16
2018-03-16,2,1,234.69999999999987,239.82,437.36,203.0,2018-03-23
2018-03-23,2,1,234.73999999999984,238.63,436.17999999999995,202.0,2018-03-30
2018-03-31,2,1,202.37999999999982,234.37,431.91999999999996,230.0,2018-04-07
2018-01-01,2,2,479.85999999999996,518.01,1046.3,567.0,2018-01-08
2018-01-10,2,2,503.2599999999999,509.58,1037.87,535.0,2018-01-17
2018-01-19,2,2,486.0099999999999,519.6,1047.8899999999999,562.0,2018-01-26
2018-01-28,2,2,471.7599999999999,533.63,1061.92,591.0,2018-02-04
2018-02-06,2,2,498.03999999999985,553.55,1081.85,584.0,2018-02-13
2018-02-15,2,2,486.41999999999985,548.85,1077.1399999999999,591.0,2018-02-22
2018-02-23,2,2,546.4499999999999,572.24,1100.53,555.0,2018-03-02
2018-03-02,2,2,615.34,625.26,1153.55,539.0,2018-03-09
2018-03-09,2,2,615.21,632.47,1160.77,546.0,2018-03-16
2018-03-16,2,2,614.8499999999999,629.6,1157.8899999999999,544.0,2018-03-23
2018-03-23,2,2,615.3699999999999,633.23,1161.52,547.0,2018-03-30
2018-03-31,2,2,527.0599999999998,614.4,1142.69,616.0,2018-04-07
2018-01-01,2,3,300.47,354.73,685.8299999999999,386.0,2018-01-08
2018-01-10,2,3,311.07000000000005,348.57,679.68,369.0,2018-01-17
2018-01-19,2,3,305.08,345.92,677.02,372.0,2018-01-26
2018-01-27,2,3,342.96999999999997,362.68,693.78,351.0,2018-02-03
2018-02-04,2,3,336.58000000000004,379.0,710.0999999999999,374.0,2018-02-11
2018-02-12,2,3,352.84000000000003,378.44,709.54,357.0,2018-02-19
2018-02-20,2,3,347.14000000000004,378.21,709.31,363.0,2018-02-27
2018-02-27,2,3,389.29,430.39,761.49,373.0,2018-03-06
2018-03-06,2,3,389.27,432.71,763.81,375.0,2018-03-13
2018-03-13,2,3,388.92999999999995,433.35,764.45,376.0,2018-03-20
2018-03-20,2,3,388.94999999999993,431.22,762.3199999999999,374.0,2018-03-27
2018-03-28,2,3,339.81999999999994,388.45,719.55,380.0,2018-04-04
2018-01-01,2,4,179.91,202.76,401.42999999999995,222.0,2018-01-08
2018-01-10,2,4,191.8,207.19,405.86,215.0,2018-01-17
2018-01-19,2,4,186.66,203.16,401.83000000000004,216.0,2018-01-26
2018-01-27,2,4,209.07999999999998,211.26,409.91999999999996,201.0,2018-02-03
2018-02-04,2,4,204.84999999999997,224.31,422.98,219.0,2018-02-11
2018-02-12,2,4,215.36999999999995,224.3,422.96000000000004,208.0,2018-02-19
2018-02-20,2,4,210.9799999999999,223.05,421.71000000000004,211.0,2018-02-27
2018-02-27,2,4,235.55999999999992,253.23,451.89,217.0,2018-03-06
2018-03-06,2,4,235.9399999999999,252.73,451.39,216.0,2018-03-13
2018-03-13,2,4,235.80999999999995,254.8,453.46000000000004,218.0,2018-03-20
2018-03-20,2,4,235.62999999999994,254.06,452.72,218.0,2018-03-27
2018-03-28,2,4,207.12999999999997,235.28,433.93999999999994,227.0,2018-04-04
2018-01-01,2,5,150.41,166.67,331.81,182.0,2018-01-08
2018-01-10,2,5,161.89000000000004,168.71,333.85,172.0,2018-01-17
2018-01-19,2,5,159.26000000000005,167.95,333.08,174.0,2018-01-26
2018-01-28,2,5,154.87000000000006,174.52,339.65,185.0,2018-02-04
2018-02-06,2,5,161.70000000000007,177.51,342.65,181.0,2018-02-13
2018-02-14,2,5,178.8400000000001,179.51,344.64,166.0,2018-02-21
2018-02-22,2,5,177.4100000000001,180.19,345.33,168.0,2018-03-01
2018-03-01,2,5,198.10000000000008,206.6,371.74,174.0,2018-03-08
2018-03-08,2,5,198.3800000000001,204.42,369.56,172.0,2018-03-15
2018-03-15,2,5,198.83000000000007,204.59,369.71999999999997,171.0,2018-03-22
2018-03-22,2,5,198.12000000000006,202.26,367.39,170.0,2018-03-29
2018-03-30,2,5,172.97000000000008,198.04,363.17,191.0,2018-04-06
2018-01-01,2,6,475.11,509.12,1034.8899999999999,560.0,2018-01-08
2018-01-10,2,6,497.87,518.16,1043.93,547.0,2018-01-17
2018-01-19,2,6,486.52000000000004,510.82,1036.59,551.0,2018-01-26
2018-01-28,2,6,473.44000000000005,530.5,1056.26,583.0,2018-02-04
2018-02-06,2,6,496.1600000000001,545.7,1071.47,576.0,2018-02-13
2018-02-15,2,6,485.1,544.37,1070.1399999999999,586.0,2018-02-22
2018-02-23,2,6,544.59,568.34,1094.1100000000001,550.0,2018-03-02
2018-03-02,2,6,612.13,620.66,1146.42,535.0,2018-03-09
2018-03-09,2,6,612.35,629.12,1154.88,543.0,2018-03-16
2018-03-16,2,6,612.12,627.99,1153.76,542.0,2018-03-23
2018-03-23,2,6,612.0100000000001,630.1,1155.87,544.0,2018-03-30
2018-03-31,2,6,524.5999999999999,611.65,1137.4099999999999,613.0,2018-04-07
2018-01-01,2,7,479.00999999999993,527.13,1054.58,576.0,2018-01-08
2018-01-10,2,7,500.2299999999999,523.52,1050.96,551.0,2018-01-17
2018-01-19,2,7,481.53999999999985,526.75,1054.1999999999998,573.0,2018-01-26
2018-01-27,2,7,543.2199999999998,543.58,1071.02,528.0,2018-02-03
2018-02-04,2,7,532.3699999999998,572.88,1100.32,568.0,2018-02-11
2018-02-12,2,7,559.5899999999997,572.8,1100.25,541.0,2018-02-19
2018-02-20,2,7,551.2099999999998,568.5,1095.94,545.0,2018-02-27
2018-02-27,2,7,614.54,646.46,1173.9099999999999,560.0,2018-03-06
2018-03-06,2,7,614.92,664.9,1192.35,578.0,2018-03-13
2018-03-13,2,7,614.8399999999999,667.69,1195.1399999999999,581.0,2018-03-20
2018-03-20,2,7,614.99,667.03,1194.47,580.0,2018-03-27
2018-03-28,2,7,536.4000000000002,614.27,1141.72,606.0,2018-04-04
2018-01-01,2,8,633.26,710.37,1407.08,774.0,2018-01-08
2018-01-10,2,8,648.72,710.22,1406.93,759.0,2018-01-17
2018-01-18,2,8,721.4299999999998,725.07,1421.7800000000002,701.0,2018-01-25
2018-01-26,2,8,716.0599999999997,725.12,1421.83,706.0,2018-02-02
2018-02-03,2,8,705.6099999999997,759.05,1455.75,751.0,2018-02-10
2018-02-11,2,8,700.2799999999997,757.07,1453.7800000000002,754.0,2018-02-18
2018-02-19,2,8,734.0799999999998,756.97,1453.68,720.0,2018-02-26
2018-02-26,2,8,808.1199999999999,835.09,1531.8000000000002,724.0,2018-03-05
2018-03-05,2,8,808.0399999999998,863.15,1559.8600000000001,752.0,2018-03-12
2018-03-12,2,8,807.8999999999999,861.21,1557.92,751.0,2018-03-19
2018-03-19,2,8,808.6899999999998,857.1,1553.81,746.0,2018-03-26
2018-03-27,2,8,710.3,807.73,1504.44,795.0,2018-04-03
2018-01-01,2,9,418.87,451.05,910.67,492.0,2018-01-08
2018-01-10,2,9,439.00999999999993,448.47,908.09,470.0,2018-01-17
2018-01-19,2,9,428.3199999999998,450.2,909.82,482.0,2018-01-26
2018-01-28,2,9,412.8599999999998,468.81,928.43,516.0,2018-02-04
2018-02-06,2,9,435.3099999999996,482.68,942.3,507.0,2018-02-13
2018-02-14,2,9,480.61999999999955,488.04,947.66,468.0,2018-02-21
2018-02-22,2,9,479.7799999999995,497.75,957.37,478.0,2018-03-01
2018-03-01,2,9,536.8799999999995,554.92,1014.54,478.0,2018-03-08
2018-03-08,2,9,536.8199999999995,550.8,1010.42,474.0,2018-03-15
2018-03-15,2,9,536.8799999999995,553.63,1013.25,477.0,2018-03-22
2018-03-22,2,9,537.0899999999995,553.71,1013.33,477.0,2018-03-29
2018-03-30,2,9,464.3399999999996,536.5,996.12,532.0,2018-04-06
2018-01-01,2,10,600.5699999999999,655.92,1316.37,716.0,2018-01-08
2018-01-10,2,10,620.55,653.57,1314.02,694.0,2018-01-17
2018-01-19,2,10,607.13,665.17,1325.62,719.0,2018-01-26
2018-01-27,2,10,675.9200000000001,679.16,1339.61,664.0,2018-02-03
2018-02-04,2,10,668.8700000000001,701.32,1361.77,693.0,2018-02-11
2018-02-12,2,10,697.87,706.43,1366.8799999999999,670.0,2018-02-19
2018-02-20,2,10,690.01,700.31,1360.7599999999998,671.0,2018-02-27
2018-02-27,2,10,766.4799999999999,792.43,1452.8799999999999,687.0,2018-03-06
2018-03-06,2,10,766.8299999999998,808.74,1469.19,703.0,2018-03-13
2018-03-13,2,10,766.8699999999998,811.64,1472.09,706.0,2018-03-20
2018-03-20,2,10,767.0199999999999,801.23,1461.67,695.0,2018-03-27
2018-03-28,2,10,673.5099999999998,766.2,1426.6499999999999,754.0,2018-04-04
2018-01-01,2,11,566.5,643.49,1270.55,705.0,2018-01-08
2018-01-10,2,11,594.1899999999998,622.53,1249.59,656.0,2018-01-17
2018-01-19,2,11,582.7599999999996,623.9,1250.96,669.0,2018-01-26
2018-01-27,2,11,644.3799999999995,651.87,1278.94,635.0,2018-02-03
2018-02-04,2,11,634.5399999999995,663.06,1290.12,656.0,2018-02-11
2018-02-13,2,11,592.8299999999995,664.35,1291.4099999999999,699.0,2018-02-20
2018-02-21,2,11,655.0099999999994,671.85,1298.9099999999999,644.0,2018-02-28
2018-02-28,2,11,729.5499999999994,767.61,1394.67,666.0,2018-03-07
2018-03-07,2,11,730.3299999999994,767.16,1394.2199999999998,664.0,2018-03-14
2018-03-14,2,11,729.5499999999994,764.23,1391.29,662.0,2018-03-21
2018-03-21,2,11,729.7099999999994,761.72,1388.78,660.0,2018-03-28
2018-03-29,2,11,635.4099999999994,729.47,1356.53,722.0,2018-04-05
2018-01-01,2,12,565.77,625.26,1252.74,687.0,2018-01-08
2018-01-10,2,12,597.14,615.75,1243.22,647.0,2018-01-17
2018-01-19,2,12,579.8,622.66,1250.13,671.0,2018-01-26
2018-01-28,2,12,553.56,643.9,1271.38,718.0,2018-02-04
2018-02-06,2,12,591.9399999999999,661.94,1289.42,698.0,2018-02-13
2018-02-14,2,12,654.2499999999999,666.99,1294.47,641.0,2018-02-21
2018-02-22,2,12,647.7399999999998,682.94,1310.4099999999999,663.0,2018-03-01
2018-03-01,2,12,729.5599999999998,760.93,1388.4099999999999,659.0,2018-03-08
2018-03-08,2,12,729.3899999999999,765.07,1392.55,664.0,2018-03-15
2018-03-15,2,12,730.0899999999998,763.52,1391.0,661.0,2018-03-22
2018-03-22,2,12,729.3299999999998,761.93,1389.4,661.0,2018-03-29
2018-03-30,2,12,631.8499999999999,729.26,1356.74,725.0,2018-04-06
2018-01-01,2,13,685.23,736.4,1492.9,808.0,2018-01-08
2018-01-10,2,13,719.1600000000001,731.94,1488.44,770.0,2018-01-17
2018-01-19,2,13,702.2700000000002,739.12,1495.62,794.0,2018-01-26
2018-01-28,2,13,670.6900000000002,752.82,1509.3200000000002,839.0,2018-02-04
2018-02-06,2,13,716.4700000000003,773.32,1529.81,814.0,2018-02-13
2018-02-15,2,13,697.8300000000002,774.63,1531.12,834.0,2018-02-22
2018-02-23,2,13,779.1100000000001,798.8,1555.29,777.0,2018-03-02
2018-03-02,2,13,877.71,880.91,1637.4,760.0,2018-03-09
2018-03-09,2,13,877.18,883.81,1640.31,764.0,2018-03-16
2018-03-17,2,13,756.49,872.89,1629.38,873.0,2018-03-24
2018-03-24,2,13,876.9800000000001,878.63,1635.12,759.0,2018-03-31
2018-01-01,2,14,482.06,524.57,1053.69,572.0,2018-01-08
2018-01-10,2,14,502.38000000000005,519.48,1048.6100000000001,547.0,2018-01-17
2018-01-19,2,14,486.3400000000001,518.58,1047.7,562.0,2018-01-26
2018-01-28,2,14,472.2700000000001,540.88,1070.01,598.0,2018-02-04
2018-02-05,2,14,558.84,565.7,1094.83,536.0,2018-02-12
2018-02-13,2,14,551.5699999999999,564.74,1093.87,543.0,2018-02-20
2018-02-21,2,14,551.37,563.8,1092.9299999999998,542.0,2018-02-28
2018-02-28,2,14,614.6,648.08,1177.21,563.0,2018-03-07
2018-03-07,2,14,614.5600000000002,650.3,1179.4299999999998,565.0,2018-03-14
2018-03-14,2,14,614.3000000000001,647.65,1176.78,563.0,2018-03-21
2018-03-21,2,14,614.6800000000001,647.99,1177.12,563.0,2018-03-28
2018-03-29,2,14,534.4900000000001,614.17,1143.3,609.0,2018-04-05
2018-01-01,2,15,711.8,805.84,1595.58,884.0,2018-01-08
2018-01-10,2,15,739.0199999999999,791.24,1580.98,842.0,2018-01-17
2018-01-19,2,15,723.0899999999999,790.17,1579.91,857.0,2018-01-26
2018-01-28,2,15,700.29,814.02,1603.76,904.0,2018-02-04
2018-02-06,2,15,736.1599999999999,816.64,1606.38,871.0,2018-02-13
2018-02-15,2,15,724.3299999999998,813.85,1603.59,880.0,2018-02-22
2018-02-23,2,15,813.6499999999997,843.35,1633.09,820.0,2018-03-02
2018-03-02,2,15,915.7499999999998,916.23,1705.97,791.0,2018-03-09
2018-03-09,2,15,915.9599999999997,922.93,1712.66,797.0,2018-03-16
2018-03-16,2,15,915.4699999999997,921.17,1710.91,796.0,2018-03-23
2018-03-23,2,15,915.7399999999997,925.7,1715.44,800.0,2018-03-30
2018-03-31,2,15,790.0399999999994,915.21,1704.95,915.0,2018-04-07
2018-01-01,2,16,211.44,213.67,443.96999999999997,233.0,2018-01-08
2018-01-11,2,16,203.32,209.98,440.27,237.0,2018-01-18
2018-01-21,2,16,191.57,208.01,438.29999999999995,247.0,2018-01-28
2018-01-31,2,16,210.92000000000002,227.84,458.13,248.0,2018-02-07
2018-02-09,2,16,218.06000000000006,230.04,460.34,243.0,2018-02-16
2018-02-18,2,16,211.10000000000008,228.5,458.78999999999996,248.0,2018-02-25
2018-02-26,2,16,251.72000000000008,253.91,484.21,233.0,2018-03-05
2018-03-06,2,16,243.04000000000008,257.83,488.13,246.0,2018-03-13
2018-03-14,2,16,243.7000000000001,259.16,489.45000000000005,246.0,2018-03-21
2018-03-22,2,16,241.60000000000008,259.47,489.77,249.0,2018-03-29
2018-03-30,2,16,240.51000000000008,272.18,502.48,262.0,2018-04-06
2018-01-01,2,17,272.25,299.8,598.91,327.0,2018-01-08
2018-01-10,2,17,285.25,299.36,598.47,314.0,2018-01-17
2018-01-19,2,17,279.53000000000003,294.58,593.6899999999999,315.0,2018-01-26
2018-01-28,2,17,270.62000000000006,308.81,607.92,338.0,2018-02-04
2018-02-05,2,17,320.51000000000005,325.63,624.74,305.0,2018-02-12
2018-02-13,2,17,315.84000000000003,325.41,624.52,309.0,2018-02-20
2018-02-21,2,17,315.11000000000007,325.02,624.13,310.0,2018-02-28
2018-02-28,2,17,352.12000000000006,378.87,677.98,326.0,2018-03-07
2018-03-07,2,17,351.2900000000001,378.44,677.55,327.0,2018-03-14
2018-03-14,2,17,351.88000000000005,381.78,680.89,330.0,2018-03-21
2018-03-21,2,17,352.14000000000016,380.52,679.63,328.0,2018-03-28
2018-03-29,2,17,304.6100000000001,351.14,650.25,346.0,2018-04-05
2018-01-01,2,18,685.21,741.19,1499.2200000000003,815.0,2018-01-08
2018-01-10,2,18,720.88,748.89,1506.92,787.0,2018-01-17
2018-01-19,2,18,700.2000000000002,742.35,1500.39,801.0,2018-01-26
2018-01-28,2,18,675.1000000000001,756.19,1514.2200000000003,840.0,2018-02-04
2018-02-06,2,18,717.2400000000001,780.73,1538.77,822.0,2018-02-13
2018-02-15,2,18,697.8,769.77,1527.8100000000002,831.0,2018-02-22
2018-02-23,2,18,781.56,802.95,1560.98,780.0,2018-03-02
2018-03-02,2,18,879.56,890.32,1648.3600000000001,769.0,2018-03-09
2018-03-09,2,18,879.18,886.97,1645.0100000000002,766.0,2018-03-16
2018-03-16,2,18,879.1599999999999,886.26,1644.3000000000002,766.0,2018-03-23
2018-03-23,2,18,879.8399999999999,882.96,1640.9900000000002,762.0,2018-03-30
2018-03-31,2,18,759.3899999999999,878.95,1636.98,878.0,2018-04-07
2018-01-01,2,19,330.84000000000003,358.64,722.43,392.0,2018-01-08
2018-01-10,2,19,346.96000000000004,360.0,723.79,377.0,2018-01-17
2018-01-19,2,19,337.6800000000001,357.83,721.6199999999999,384.0,2018-01-26
2018-01-28,2,19,328.5500000000001,374.13,737.92,410.0,2018-02-04
2018-02-05,2,19,388.7500000000001,389.75,753.54,365.0,2018-02-12
2018-02-13,2,19,381.9000000000002,390.41,754.2,373.0,2018-02-20
2018-02-21,2,19,382.7800000000002,390.22,754.01,372.0,2018-02-28
2018-02-28,2,19,425.8100000000002,445.46,809.25,384.0,2018-03-07
2018-03-07,2,19,425.59000000000015,450.63,814.42,389.0,2018-03-14
2018-03-14,2,19,425.20000000000016,451.16,814.95,390.0,2018-03-21
2018-03-21,2,19,425.2800000000001,448.68,812.47,388.0,2018-03-28
2018-03-29,2,19,370.08000000000015,425.0,788.79,419.0,2018-04-05
2018-01-01,2,20,387.71999999999997,420.02,847.79,461.0,2018-01-08
2018-01-10,2,20,407.3699999999999,421.45,849.22,442.0,2018-01-17
2018-01-19,2,20,398.6199999999999,417.95,845.72,448.0,2018-01-26
2018-01-28,2,20,387.4399999999998,437.13,864.89,478.0,2018-02-04
2018-02-06,2,20,406.24999999999983,446.23,874.0,468.0,2018-02-13
2018-02-15,2,20,396.6999999999998,446.99,874.76,479.0,2018-02-22
2018-02-23,2,20,444.7299999999999,469.18,896.94,453.0,2018-03-02
2018-03-02,2,20,500.4799999999999,509.75,937.52,438.0,2018-03-09
2018-03-09,2,20,500.65,517.86,945.63,445.0,2018-03-16
2018-03-16,2,20,499.7200000000001,516.71,944.48,445.0,2018-03-23
2018-03-23,2,20,499.95000000000005,514.73,942.5,443.0,2018-03-30
2018-03-31,2,20,428.0900000000001,499.72,927.49,500.0,2018-04-07
2018-01-01,2,21,330.12,369.06,732.8499999999999,403.0,2018-01-08
2018-01-10,2,21,344.32,374.19,737.98,394.0,2018-01-17
2018-01-19,2,21,336.13000000000005,369.59,733.38,398.0,2018-01-26
2018-01-27,2,21,379.3400000000001,383.13,746.92,368.0,2018-02-03
2018-02-04,2,21,369.72,400.98,764.77,396.0,2018-02-11
2018-02-12,2,21,388.15000000000003,400.03,763.8199999999999,376.0,2018-02-19
2018-02-20,2,21,382.40999999999997,398.06,761.8499999999999,380.0,2018-02-27
2018-02-27,2,21,426.65,450.67,814.46,388.0,2018-03-06
2018-03-06,2,21,426.27,455.62,819.41,394.0,2018-03-13
2018-03-13,2,21,426.95,458.27,822.06,396.0,2018-03-20
2018-03-20,2,21,426.96,454.45,818.24,392.0,2018-03-27
2018-03-28,2,21,375.65,426.12,789.91,415.0,2018-04-04
2018-01-01,2,22,654.22,725.89,1449.6200000000001,796.0,2018-01-08
2018-01-10,2,22,678.3899999999999,722.85,1446.58,769.0,2018-01-17
2018-01-19,2,22,660.4,728.78,1452.51,793.0,2018-01-26
2018-01-27,2,22,735.99,746.2,1469.93,734.0,2018-02-03
2018-02-04,2,22,730.2699999999999,767.42,1491.15,761.0,2018-02-11
2018-02-12,2,22,762.4399999999998,772.18,1495.91,734.0,2018-02-19
2018-02-20,2,22,750.2799999999999,770.57,1494.3,745.0,2018-02-27
2018-02-27,2,22,838.77,860.77,1584.5,746.0,2018-03-06
2018-03-06,2,22,838.0799999999999,873.32,1597.05,759.0,2018-03-13
2018-03-13,2,22,837.8299999999999,873.74,1597.47,760.0,2018-03-20
2018-03-20,2,22,838.15,869.32,1593.05,755.0,2018-03-27
2018-03-28,2,22,739.46,837.78,1561.51,823.0,2018-04-04
2018-01-01,2,23,240.63000000000002,271.01,535.69,296.0,2018-01-08
2018-01-10,2,23,252.04000000000005,276.32,540.99,289.0,2018-01-17
2018-01-18,2,23,278.7000000000001,279.29,543.96,266.0,2018-01-25
2018-01-26,2,23,276.6100000000001,282.55,547.22,271.0,2018-02-02
2018-02-03,2,23,271.28000000000014,298.3,562.97,292.0,2018-02-10
2018-02-11,2,23,269.7800000000002,302.25,566.9200000000001,298.0,2018-02-18
2018-02-19,2,23,283.3200000000002,298.72,563.4000000000001,281.0,2018-02-26
2018-02-26,2,23,312.5300000000002,337.25,601.9200000000001,290.0,2018-03-05
2018-03-04,2,23,347.0700000000002,349.29,613.97,267.0,2018-03-11
2018-03-11,2,23,311.71000000000026,348.79,613.46,302.0,2018-03-18
2018-03-18,2,23,311.8500000000003,353.23,617.9000000000001,307.0,2018-03-25
2018-03-26,2,23,279.6600000000003,311.59,576.27,297.0,2018-04-02
2018-01-01,2,24,540.4800000000001,596.26,1191.54,652.0,2018-01-08
2018-01-10,2,24,561.7200000000003,588.02,1183.3000000000002,622.0,2018-01-17
2018-01-19,2,24,548.7100000000003,578.07,1173.35,625.0,2018-01-26
2018-01-28,2,24,529.2800000000002,619.55,1214.8200000000002,686.0,2018-02-04
2018-02-06,2,24,562.6200000000003,625.83,1221.1100000000001,659.0,2018-02-13
2018-02-14,2,24,621.7700000000003,635.23,1230.5100000000002,609.0,2018-02-21
2018-02-22,2,24,616.6700000000003,649.91,1245.19,629.0,2018-03-01
2018-03-01,2,24,691.2300000000002,726.72,1322.0,631.0,2018-03-08
2018-03-08,2,24,690.9800000000002,730.22,1325.5,635.0,2018-03-15
2018-03-15,2,24,691.2500000000002,728.71,1323.9900000000002,633.0,2018-03-22
2018-03-22,2,24,691.0200000000001,726.88,1322.16,632.0,2018-03-29
2018-03-30,2,24,596.4700000000001,690.79,1286.0700000000002,690.0,2018-04-06
2018-01-01,2,25,656.0200000000001,731.14,1457.46,802.0,2018-01-08
2018-01-10,2,25,684.3800000000001,726.76,1453.08,769.0,2018-01-17
2018-01-19,2,25,664.47,733.1,1459.42,795.0,2018-01-26
2018-01-27,2,25,740.7600000000001,746.67,1473.0,733.0,2018-02-03
2018-02-04,2,25,734.9300000000003,767.52,1493.8400000000001,759.0,2018-02-11
2018-02-12,2,25,768.1500000000003,768.48,1494.8000000000002,727.0,2018-02-19
2018-02-20,2,25,756.1100000000004,769.41,1495.74,740.0,2018-02-27
2018-02-27,2,25,843.5900000000004,861.11,1587.43,744.0,2018-03-06
2018-03-06,2,25,843.3900000000003,874.1,1600.42,758.0,2018-03-13
2018-03-13,2,25,844.2000000000003,869.4,1595.72,752.0,2018-03-20
2018-03-20,2,25,843.7200000000003,869.2,1595.53,752.0,2018-03-27
2018-03-28,2,25,744.8800000000002,843.2,1569.52,825.0,2018-04-04
2018-01-01,2,26,390.13,437.46,867.26,478.0,2018-01-08
2018-01-10,2,26,407.76,436.03,865.8299999999999,459.0,2018-01-17
2018-01-19,2,26,393.82,442.36,872.1600000000001,479.0,2018-01-26
2018-01-27,2,26,442.96999999999997,455.07,884.87,442.0,2018-02-03
2018-02-04,2,26,435.89,473.13,902.9300000000001,468.0,2018-02-11
2018-02-12,2,26,457.43999999999994,483.7,913.5,457.0,2018-02-19
2018-02-20,2,26,449.92999999999995,476.04,905.84,456.0,2018-02-27
2018-02-27,2,26,502.06999999999994,536.91,966.72,465.0,2018-03-06
2018-03-06,2,26,502.3399999999999,543.73,973.53,472.0,2018-03-13
2018-03-13,2,26,502.79999999999984,546.17,975.97,474.0,2018-03-20
2018-03-20,2,26,502.80999999999983,543.09,972.8899999999999,471.0,2018-03-27
2018-03-28,2,26,439.84999999999985,501.96,931.76,492.0,2018-04-04
2018-01-01,2,27,181.32999999999998,203.23,402.52,222.0,2018-01-08
2018-01-10,2,27,193.51999999999998,208.25,407.53999999999996,215.0,2018-01-17
2018-01-19,2,27,188.39,204.01,403.29999999999995,215.0,2018-01-26
2018-01-27,2,27,210.14999999999998,213.16,412.45,203.0,2018-02-03
2018-02-04,2,27,206.82,225.28,424.57,218.0,2018-02-11
2018-02-12,2,27,216.22000000000003,225.26,424.54999999999995,209.0,2018-02-19
2018-02-20,2,27,212.77000000000004,224.02,423.29999999999995,211.0,2018-02-27
2018-02-27,2,27,237.23000000000005,255.22,454.51,218.0,2018-03-06
2018-03-06,2,27,237.49000000000007,255.27,454.56,218.0,2018-03-13
2018-03-13,2,27,237.71000000000006,255.87,455.15999999999997,218.0,2018-03-20
2018-03-20,2,27,237.32000000000005,256.47,455.76,219.0,2018-03-27
2018-03-28,2,27,208.05000000000004,236.75,436.03999999999996,228.0,2018-04-04
2018-01-01,2,28,710.73,793.31,1582.77,873.0,2018-01-08
2018-01-10,2,28,747.85,756.34,1545.81,798.0,2018-01-17
2018-01-19,2,28,724.79,770.74,1560.21,836.0,2018-01-26
2018-01-28,2,28,701.3600000000002,787.13,1576.6,876.0,2018-02-04
2018-02-06,2,28,749.0600000000002,799.94,1589.41,841.0,2018-02-13
2018-02-15,2,28,725.86,807.66,1597.13,872.0,2018-02-22
2018-02-23,2,28,812.2299999999999,830.58,1620.04,808.0,2018-03-02
2018-03-03,2,28,790.6299999999999,912.62,1702.08,912.0,2018-03-10
2018-03-10,2,28,914.88,917.71,1707.18,793.0,2018-03-17
2018-03-18,2,28,783.24,903.67,1693.13,910.0,2018-03-25
2018-03-26,2,28,824.4399999999999,914.36,1703.8200000000002,880.0,2018-04-02
2018-01-01,2,29,563.67,611.27,1235.67,673.0,2018-01-08
2018-01-10,2,29,591.5799999999998,610.7,1235.1100000000001,644.0,2018-01-17
2018-01-19,2,29,575.1399999999998,613.26,1237.6599999999999,663.0,2018-01-26
2018-01-28,2,29,549.0699999999999,637.3,1261.71,713.0,2018-02-04
2018-02-06,2,29,588.3199999999999,655.96,1280.3600000000001,693.0,2018-02-13
2018-02-14,2,29,651.7899999999998,659.19,1283.59,632.0,2018-02-21
2018-02-22,2,29,644.1599999999999,670.9,1295.3,652.0,2018-03-01
2018-03-01,2,29,724.6299999999999,753.68,1378.08,654.0,2018-03-08
2018-03-08,2,29,724.33,752.11,1376.52,653.0,2018-03-15
2018-03-15,2,29,724.6,752.25,1376.65,653.0,2018-03-22
2018-03-22,2,29,724.7400000000001,751.06,1375.47,651.0,2018-03-29
2018-03-30,2,29,625.6800000000002,723.78,1348.1799999999998,723.0,2018-04-06
2018-01-01,2,30,330.59,360.16,724.23,394.0,2018-01-08
2018-01-10,2,30,348.5199999999999,362.16,726.23,378.0,2018-01-17
2018-01-19,2,30,339.6499999999999,360.83,724.9,386.0,2018-01-26
2018-01-28,2,30,330.51999999999987,375.12,739.19,409.0,2018-02-04
2018-02-05,2,30,389.97999999999985,392.98,757.05,368.0,2018-02-12
2018-02-13,2,30,384.3899999999998,391.51,755.5799999999999,372.0,2018-02-20
2018-02-21,2,30,383.9299999999998,389.91,753.98,371.0,2018-02-28
2018-02-28,2,30,427.76999999999975,448.85,812.92,386.0,2018-03-07
2018-03-07,2,30,427.68999999999977,452.08,816.15,389.0,2018-03-14
2018-03-14,2,30,427.3699999999998,452.68,816.75,390.0,2018-03-21
2018-03-21,2,30,427.4499999999997,450.2,814.27,387.0,2018-03-28
2018-03-29,2,30,371.2499999999998,426.82,790.89,420.0,2018-04-05
2018-01-01,2,31,479.5100000000001,525.33,1054.25,575.0,2018-01-08
2018-01-10,2,31,499.81000000000006,526.47,1055.39,556.0,2018-01-17
2018-01-19,2,31,487.4,526.84,1055.76,569.0,2018-01-26
2018-01-28,2,31,471.4999999999999,545.45,1074.3700000000001,603.0,2018-02-04
2018-02-05,2,31,559.3299999999998,571.54,1100.46,542.0,2018-02-12
2018-02-13,2,31,552.3699999999999,570.17,1099.0900000000001,547.0,2018-02-20
2018-02-21,2,31,551.5099999999999,565.8,1094.72,544.0,2018-02-28
2018-02-28,2,31,615.9499999999999,656.15,1185.08,570.0,2018-03-07
2018-03-07,2,31,616.04,659.91,1188.83,573.0,2018-03-14
2018-03-14,2,31,615.38,656.1,1185.0300000000002,570.0,2018-03-21
2018-03-21,2,31,615.52,657.37,1186.29,571.0,2018-03-28
2018-03-29,2,31,532.6899999999998,615.18,1144.1,612.0,2018-04-05
2018-01-01,2,32,361.2,416.86,816.9200000000001,456.0,2018-01-08
2018-01-09,2,32,420.64,425.48,825.53,405.0,2018-01-16
2018-01-17,2,32,420.23999999999995,425.55,825.61,406.0,2018-01-24
2018-01-25,2,32,417.2599999999998,427.86,827.9100000000001,411.0,2018-02-01
2018-02-02,2,32,408.4399999999998,454.2,854.26,446.0,2018-02-09
2018-02-10,2,32,404.26999999999975,457.62,857.6700000000001,454.0,2018-02-17
2018-02-18,2,32,401.14999999999975,458.64,858.7,458.0,2018-02-25
2018-02-25,2,32,467.6399999999998,494.85,894.9100000000001,428.0,2018-03-04
2018-03-04,2,32,467.9199999999998,519.22,919.28,452.0,2018-03-11
2018-03-11,2,32,467.82999999999976,525.33,925.3799999999999,458.0,2018-03-18
2018-03-18,2,32,467.6299999999998,525.75,925.81,459.0,2018-03-25
2018-03-26,2,32,417.0699999999999,467.15,867.2,451.0,2018-04-02
2018-01-01,2,33,565.45,621.02,1247.52,683.0,2018-01-08
2018-01-10,2,33,600.45,613.69,1240.19,640.0,2018-01-17
2018-01-19,2,33,579.5699999999999,611.39,1237.8899999999999,659.0,2018-01-26
2018-01-28,2,33,555.9999999999999,640.33,1266.83,711.0,2018-02-04
2018-02-06,2,33,593.2199999999999,655.39,1281.8899999999999,689.0,2018-02-13
2018-02-14,2,33,654.8999999999999,655.89,1282.3899999999999,628.0,2018-02-21
2018-02-22,2,33,649.3599999999999,671.27,1297.77,649.0,2018-03-01
2018-03-01,2,33,729.1499999999999,754.41,1380.91,652.0,2018-03-08
2018-03-08,2,33,728.8199999999998,753.6,1380.1,652.0,2018-03-15
2018-03-15,2,33,729.3,753.96,1380.46,652.0,2018-03-22
2018-03-22,2,33,729.42,751.44,1377.94,649.0,2018-03-29
2018-03-30,2,33,630.6899999999998,728.61,1355.1100000000001,725.0,2018-04-06
2018-01-01,2,34,210.18,239.52,472.21000000000004,263.0,2018-01-08
2018-01-10,2,34,222.19000000000003,237.96,470.64,249.0,2018-01-17
2018-01-19,2,34,216.62000000000003,236.95,469.63,254.0,2018-01-26
2018-01-27,2,34,243.37999999999997,248.9,481.58,239.0,2018-02-03
2018-02-04,2,34,239.46999999999997,257.91,490.6,252.0,2018-02-11
2018-02-12,2,34,250.36999999999998,256.34,489.03000000000003,239.0,2018-02-19
2018-02-20,2,34,246.24999999999994,255.97,488.65,243.0,2018-02-27
2018-02-27,2,34,274.7299999999999,292.46,525.14,251.0,2018-03-06
2018-03-06,2,34,274.7499999999999,295.72,528.4000000000001,254.0,2018-03-13
2018-03-13,2,34,274.4999999999999,297.79,530.48,256.0,2018-03-20
2018-03-20,2,34,274.1799999999999,295.83,528.52,255.0,2018-03-27
2018-03-28,2,34,240.8699999999999,274.13,506.82,266.0,2018-04-04
2018-01-01,2,35,540.8199999999999,586.71,1180.72,640.0,2018-01-08
2018-01-10,2,35,562.3,587.05,1181.07,619.0,2018-01-17
2018-01-19,2,35,550.6500000000001,572.46,1166.48,616.0,2018-01-26
2018-01-28,2,35,532.5500000000001,604.34,1198.35,666.0,2018-02-04
2018-02-06,2,35,563.3499999999999,617.44,1211.45,649.0,2018-02-13
2018-02-15,2,35,552.5199999999998,615.32,1209.3400000000001,657.0,2018-02-22
2018-02-23,2,35,613.6099999999997,644.8,1238.8200000000002,626.0,2018-03-02
2018-03-02,2,35,691.7799999999995,714.53,1308.5500000000002,617.0,2018-03-09
2018-03-09,2,35,691.2199999999993,715.53,1309.5500000000002,619.0,2018-03-16
2018-03-16,2,35,691.6499999999993,711.89,1305.9099999999999,615.0,2018-03-23
2018-03-23,2,35,691.7199999999993,720.3,1314.3200000000002,623.0,2018-03-30
2018-03-31,2,35,591.7599999999994,691.0,1285.02,694.0,2018-04-07
2018-01-01,2,36,628.6,683.78,1377.75,750.0,2018-01-08
2018-01-10,2,36,647.7900000000002,712.38,1406.3600000000001,759.0,2018-01-17
2018-01-19,2,36,631.2400000000001,711.44,1405.42,775.0,2018-01-26
2018-01-27,2,36,708.3100000000002,708.36,1402.34,695.0,2018-02-03
2018-02-04,2,36,701.97,750.8,1444.78,743.0,2018-02-11
2018-02-12,2,36,729.0099999999999,746.91,1440.89,712.0,2018-02-19
2018-02-20,2,36,720.5899999999998,743.5,1437.48,717.0,2018-02-27
2018-02-27,2,36,803.7799999999999,835.12,1529.1,726.0,2018-03-06
2018-03-06,2,36,804.3399999999999,839.02,1533.0,729.0,2018-03-13
2018-03-13,2,36,804.01,837.53,1531.51,728.0,2018-03-20
2018-03-20,2,36,804.1600000000001,822.3,1516.28,713.0,2018-03-27
2018-03-28,2,36,709.3700000000001,803.66,1497.64,789.0,2018-04-04
2018-01-01,2,37,238.68000000000004,257.05,519.2,281.0,2018-01-08
2018-01-10,2,37,253.60000000000002,253.99,516.1400000000001,263.0,2018-01-17
2018-01-19,2,37,248.43,255.15,517.2900000000001,269.0,2018-01-26
2018-01-28,2,37,241.98999999999998,265.59,527.74,286.0,2018-02-04
2018-02-06,2,37,252.23000000000005,275.43,537.5699999999999,286.0,2018-02-13
2018-02-15,2,37,246.74,276.24,538.3900000000001,292.0,2018-02-22
2018-02-23,2,37,273.97,288.79,550.9300000000001,277.0,2018-03-02
2018-03-02,2,37,308.72,318.98,581.1200000000001,273.0,2018-03-09
2018-03-09,2,37,309.28000000000003,316.28,578.4200000000001,270.0,2018-03-16
2018-03-16,2,37,309.55000000000007,323.52,585.6700000000001,277.0,2018-03-23
2018-03-23,2,37,309.57000000000005,323.55,585.7,277.0,2018-03-30
2018-03-31,2,37,264.4200000000001,308.68,570.8299999999999,307.0,2018-04-07
2018-01-01,2,38,659.86,724.34,1449.05,790.0,2018-01-08
2018-01-10,2,38,678.93,725.66,1450.3700000000001,772.0,2018-01-17
2018-01-19,2,38,663.97,734.67,1459.38,796.0,2018-01-26
2018-01-28,2,38,636.45,742.88,1467.5900000000001,832.0,2018-02-04
2018-02-05,2,38,765.4200000000001,768.24,1492.95,728.0,2018-02-12
2018-02-13,2,38,753.4600000000003,761.1,1485.82,733.0,2018-02-20
2018-02-21,2,38,753.9300000000002,761.09,1485.8,732.0,2018-02-28
2018-02-28,2,38,839.4000000000003,876.92,1601.64,763.0,2018-03-07
2018-03-07,2,38,840.0200000000004,871.0,1595.72,756.0,2018-03-14
2018-03-14,2,38,839.5600000000004,860.22,1584.94,746.0,2018-03-21
2018-03-21,2,38,839.9000000000004,862.2,1586.91,748.0,2018-03-28
2018-03-29,2,38,733.2200000000005,839.26,1563.98,831.0,2018-04-05
2018-01-01,2,39,359.05,387.78,782.02,423.0,2018-01-08
2018-01-10,2,39,376.67,388.46,782.71,407.0,2018-01-17
2018-01-19,2,39,365.93,390.95,785.19,420.0,2018-01-26
2018-01-28,2,39,355.50000000000006,408.77,803.01,448.0,2018-02-04
2018-02-06,2,39,375.8,416.19,810.4300000000001,435.0,2018-02-13
2018-02-14,2,39,414.63000000000005,424.18,818.42,404.0,2018-02-21
2018-02-22,2,39,411.1500000000001,434.1,828.34,418.0,2018-03-01
2018-03-01,2,39,461.96000000000004,488.05,882.29,421.0,2018-03-08
2018-03-08,2,39,461.82000000000005,485.11,879.35,418.0,2018-03-15
2018-03-15,2,39,461.60000000000014,486.25,880.49,419.0,2018-03-22
2018-03-22,2,39,461.2600000000001,486.03,880.27,420.0,2018-03-29
2018-03-30,2,39,397.44000000000017,461.16,855.4,458.0,2018-04-06
2018-01-01,2,40,240.54,262.52,526.8499999999999,287.0,2018-01-08
2018-01-10,2,40,252.85000000000002,273.52,537.8399999999999,285.0,2018-01-17
2018-01-19,2,40,242.69,276.72,541.04,299.0,2018-01-26
2018-01-27,2,40,275.40000000000003,283.93,548.25,273.0,2018-02-03
2018-02-04,2,40,269.79,293.89,558.21,289.0,2018-02-11
2018-02-12,2,40,283.95,299.23,563.55,280.0,2018-02-19
2018-02-20,2,40,278.35,294.11,558.4300000000001,281.0,2018-02-27
2018-02-27,2,40,312.23,338.86,603.19,291.0,2018-03-06
2018-03-06,2,40,311.38,341.26,605.5899999999999,295.0,2018-03-13
2018-03-13,2,40,312.11,338.78,603.11,291.0,2018-03-20
2018-03-20,2,40,311.32,340.96,605.29,294.0,2018-03-27
2018-03-28,2,40,271.91,311.3,575.62,304.0,2018-04-04
2018-01-01,2,41,178.92999999999998,189.21,385.92,207.0,2018-01-08
2018-01-11,2,41,170.48999999999998,190.41,387.11,217.0,2018-01-18
2018-01-20,2,41,185.32000000000002,190.17,386.87,202.0,2018-01-27
2018-01-29,2,41,190.2,200.17,396.87,207.0,2018-02-05
2018-02-07,2,41,187.86999999999998,204.29,401.0,214.0,2018-02-14
2018-02-16,2,41,184.26999999999998,206.94,403.64,220.0,2018-02-23
2018-02-24,2,41,206.35,220.14,416.84000000000003,211.0,2018-03-03
2018-03-03,2,41,233.36999999999998,238.16,434.86,202.0,2018-03-10
2018-03-10,2,41,233.38,236.02,432.73,200.0,2018-03-17
2018-03-17,2,41,233.51000000000002,237.9,434.61,202.0,2018-03-24
2018-03-24,2,41,233.76000000000005,237.42,434.13,201.0,2018-03-31
2018-01-01,2,42,303.48,354.95,688.71,386.0,2018-01-08
2018-01-10,2,42,315.40999999999997,348.13,681.89,367.0,2018-01-17
2018-01-18,2,42,350.59,350.66,684.42,334.0,2018-01-25
2018-01-26,2,42,346.0299999999999,359.81,693.5699999999999,348.0,2018-02-02
2018-02-03,2,42,340.89999999999986,380.64,714.4,374.0,2018-02-10
2018-02-11,2,42,337.49999999999983,383.43,717.18,380.0,2018-02-18
2018-02-19,2,42,354.39999999999986,384.21,717.96,364.0,2018-02-26
2018-02-26,2,42,391.72999999999985,428.42,762.18,371.0,2018-03-05
2018-03-04,2,42,435.65999999999985,441.3,775.06,340.0,2018-03-11
2018-03-11,2,42,391.8799999999999,446.01,779.76,388.0,2018-03-18
2018-03-18,2,42,391.40999999999997,446.78,780.53,390.0,2018-03-25
2018-03-26,2,42,348.70000000000005,391.32,725.08,377.0,2018-04-02
2018-01-01,2,43,419.31,467.26,929.8199999999999,511.0,2018-01-08
2018-01-10,2,43,434.65,464.95,927.51,493.0,2018-01-17
2018-01-19,2,43,423.11999999999995,468.1,930.6600000000001,508.0,2018-01-26
2018-01-27,2,43,475.8599999999999,482.02,944.5699999999999,469.0,2018-02-03
2018-02-04,2,43,465.7799999999999,502.09,964.6400000000001,499.0,2018-02-11
2018-02-12,2,43,489.5699999999998,513.1,975.6500000000001,487.0,2018-02-19
2018-02-20,2,43,481.4599999999998,511.19,973.74,493.0,2018-02-27
2018-02-27,2,43,538.7499999999999,569.35,1031.91,494.0,2018-03-06
2018-03-06,2,43,538.8599999999999,587.96,1050.51,512.0,2018-03-13
2018-03-13,2,43,538.38,586.72,1049.27,511.0,2018-03-20
2018-03-20,2,43,538.14,585.85,1048.41,511.0,2018-03-27
2018-03-28,2,43,470.78,538.05,1000.5999999999999,530.0,2018-04-04
2018-01-01,2,44,241.0,268.59,534.17,294.0,2018-01-08
2018-01-10,2,44,253.62000000000006,270.72,536.3,283.0,2018-01-17
2018-01-19,2,44,246.29000000000008,268.55,534.12,288.0,2018-01-26
2018-01-27,2,44,277.4200000000001,279.01,544.5899999999999,268.0,2018-02-03
2018-02-04,2,44,272.5300000000001,293.08,558.66,287.0,2018-02-11
2018-02-12,2,44,285.7300000000001,289.78,555.3599999999999,270.0,2018-02-19
2018-02-20,2,44,280.89000000000004,291.76,557.3399999999999,277.0,2018-02-27
2018-02-27,2,44,313.19,330.38,595.95,283.0,2018-03-06
2018-03-06,2,44,312.9,333.07,598.65,286.0,2018-03-13
2018-03-13,2,44,312.91999999999996,335.92,601.5,289.0,2018-03-20
2018-03-20,2,44,313.09,337.92,603.5,291.0,2018-03-27
2018-03-28,2,44,274.36999999999995,312.68,578.25,304.0,2018-04-04
2018-01-01,2,45,652.54,743.37,1470.17,818.0,2018-01-08
2018-01-10,2,45,679.0799999999999,731.66,1458.4699999999998,780.0,2018-01-17
2018-01-19,2,45,665.28,741.23,1468.03,803.0,2018-01-26
2018-01-27,2,45,737.94,752.12,1478.9299999999998,741.0,2018-02-03
2018-02-04,2,45,731.3100000000001,779.65,1506.4499999999998,776.0,2018-02-11
2018-02-12,2,45,764.19,772.7,1499.5099999999998,736.0,2018-02-19
2018-02-20,2,45,753.6400000000001,783.44,1510.25,757.0,2018-02-27
2018-02-27,2,45,842.6000000000001,879.0,1605.8,764.0,2018-03-06
2018-03-06,2,45,843.0100000000002,894.73,1621.54,779.0,2018-03-13
2018-03-13,2,45,842.6700000000003,893.92,1620.73,779.0,2018-03-20
2018-03-20,2,45,843.1600000000004,887.57,1614.3799999999999,772.0,2018-03-27
2018-03-28,2,45,738.9300000000003,842.19,1569.0,831.0,2018-04-04
2018-01-01,2,46,479.88000000000005,524.0,1052.71,573.0,2018-01-08
2018-01-10,2,46,502.93000000000006,530.79,1059.5,557.0,2018-01-17
2018-01-19,2,46,485.42,526.14,1054.85,570.0,2018-01-26
2018-01-27,2,46,545.0999999999999,545.9,1074.62,530.0,2018-02-03
2018-02-04,2,46,534.4999999999999,574.83,1103.54,570.0,2018-02-11
2018-02-12,2,46,561.7599999999998,576.52,1105.23,544.0,2018-02-19
2018-02-20,2,46,552.2799999999997,574.58,1103.29,552.0,2018-02-27
2018-02-27,2,46,616.8799999999999,649.0,1177.71,561.0,2018-03-06
2018-03-06,2,46,616.04,668.77,1197.49,582.0,2018-03-13
2018-03-13,2,46,616.43,667.88,1196.5900000000001,581.0,2018-03-20
2018-03-20,2,46,616.73,666.46,1195.17,579.0,2018-03-27
2018-03-28,2,46,539.9200000000001,615.88,1144.5900000000001,605.0,2018-04-04
2018-01-01,2,47,179.85999999999999,207.95,406.69000000000005,227.0,2018-01-08
2018-01-10,2,47,188.58999999999997,211.17,409.91,222.0,2018-01-17
2018-01-18,2,47,211.32999999999998,211.79,410.52000000000004,200.0,2018-01-25
2018-01-26,2,47,209.7,214.64,413.37,204.0,2018-02-02
2018-02-03,2,47,204.04999999999998,229.92,428.66,225.0,2018-02-10
2018-02-11,2,47,202.81,229.48,428.21000000000004,226.0,2018-02-18
2018-02-19,2,47,214.31999999999996,228.63,427.36,214.0,2018-02-26
2018-02-26,2,47,236.14999999999998,255.24,453.98,218.0,2018-03-05
2018-03-04,2,47,261.89,263.19,461.93,201.0,2018-03-11
2018-03-11,2,47,236.14999999999998,264.05,462.79,227.0,2018-03-18
2018-03-18,2,47,235.57,266.71,465.44,230.0,2018-03-25
2018-03-26,2,47,209.10999999999999,235.18,433.91,225.0,2018-04-02
2018-01-01,2,48,421.14,467.6,931.6300000000001,511.0,2018-01-08
2018-01-10,2,48,438.0999999999999,462.89,926.9200000000001,489.0,2018-01-17
2018-01-19,2,48,426.9499999999999,461.0,925.03,499.0,2018-01-26
2018-01-28,2,48,414.06999999999977,485.52,949.55,536.0,2018-02-04
2018-02-05,2,48,491.42999999999984,496.96,960.99,470.0,2018-02-12
2018-02-13,2,48,484.3699999999999,508.2,972.23,488.0,2018-02-20
2018-02-21,2,48,484.6899999999998,499.69,963.72,480.0,2018-02-28
2018-02-28,2,48,541.5399999999998,576.38,1040.41,499.0,2018-03-07
2018-03-07,2,48,540.6899999999998,585.77,1049.8,510.0,2018-03-14
2018-03-14,2,48,541.4499999999999,580.62,1044.65,504.0,2018-03-21
2018-03-21,2,48,541.37,578.63,1042.66,502.0,2018-03-28
2018-03-29,2,48,469.6300000000001,540.53,1004.56,535.0,2018-04-05
2018-01-01,2,49,241.05,260.13,524.94,284.0,2018-01-08
2018-01-10,2,49,254.23999999999998,262.81,527.61,274.0,2018-01-17
2018-01-19,2,49,250.37999999999994,263.97,528.78,279.0,2018-01-26
2018-01-28,2,49,242.19999999999993,274.86,539.6700000000001,298.0,2018-02-04
2018-02-05,2,49,285.04999999999995,285.64,550.44,266.0,2018-02-12
2018-02-13,2,49,281.4599999999999,287.75,552.56,272.0,2018-02-20
2018-02-21,2,49,281.9199999999999,285.82,550.63,269.0,2018-02-28
2018-02-28,2,49,312.5199999999999,331.37,596.1800000000001,284.0,2018-03-07
2018-03-07,2,49,312.56999999999994,327.97,592.78,281.0,2018-03-14
2018-03-14,2,49,313.01999999999987,331.79,596.59,284.0,2018-03-21
2018-03-21,2,49,312.65,331.59,596.3900000000001,284.0,2018-03-28
2018-03-29,2,49,272.24999999999994,312.23,577.03,305.0,2018-04-05
2018-01-01,2,50,542.9899999999999,583.31,1177.12,635.0,2018-01-08
2018-01-10,2,50,564.5799999999998,586.03,1179.84,616.0,2018-01-17
2018-01-19,2,50,547.1699999999998,578.37,1172.1799999999998,626.0,2018-01-26
2018-01-28,2,50,535.16,605.39,1199.1999999999998,665.0,2018-02-04
2018-02-06,2,50,563.8699999999999,614.1,1207.9099999999999,645.0,2018-02-13
2018-02-15,2,50,550.76,615.98,1209.79,660.0,2018-02-22
2018-02-23,2,50,614.1899999999999,642.05,1235.86,622.0,2018-03-02
2018-03-02,2,50,690.94,716.0,1309.81,619.0,2018-03-09
2018-03-09,2,50,690.75,715.52,1309.33,619.0,2018-03-16
2018-03-16,2,50,691.04,712.74,1306.55,616.0,2018-03-23
2018-03-23,2,50,691.0899999999999,718.03,1311.84,621.0,2018-03-30
2018-03-31,2,50,590.81,690.59,1284.3999999999999,694.0,2018-04-07
2018-01-01,3,1,159.45000000000002,182.79,359.12,200.0,2018-01-08
2018-01-10,3,1,169.99,183.2,359.52,190.0,2018-01-17
2018-01-19,3,1,167.93,178.89,355.22,188.0,2018-01-26
2018-01-27,3,1,187.79999999999998,188.16,364.48,177.0,2018-02-03
2018-02-04,3,1,182.83999999999995,197.83,374.15000000000003,192.0,2018-02-11
2018-02-12,3,1,192.25999999999993,195.42,371.75,180.0,2018-02-19
2018-02-20,3,1,188.50999999999993,196.29,372.62,185.0,2018-02-27
2018-02-27,3,1,210.69999999999993,224.39,400.72,191.0,2018-03-06
2018-03-06,3,1,210.79999999999993,228.73,405.05,195.0,2018-03-13
2018-03-13,3,1,210.5599999999999,229.96,406.29,196.0,2018-03-20
2018-03-20,3,1,210.08999999999992,228.67,404.99,195.0,2018-03-27
2018-03-28,3,1,183.6999999999999,209.79,386.12,203.0,2018-04-04
2018-01-01,3,2,425.46,474.58,944.3499999999999,519.0,2018-01-08
2018-01-10,3,2,441.59999999999985,483.44,953.21,512.0,2018-01-17
2018-01-19,3,2,430.87999999999994,485.58,955.3499999999999,525.0,2018-01-26
2018-01-27,3,2,482.41999999999996,492.6,962.3699999999999,480.0,2018-02-03
2018-02-04,3,2,476.01,519.96,989.72,514.0,2018-02-11
2018-02-12,3,2,497.8399999999999,515.73,985.5,488.0,2018-02-19
2018-02-20,3,2,489.8599999999999,515.85,985.62,496.0,2018-02-27
2018-02-27,3,2,548.2999999999998,580.38,1050.15,502.0,2018-03-06
2018-03-06,3,2,548.1999999999997,596.79,1066.56,519.0,2018-03-13
2018-03-13,3,2,548.6699999999996,595.09,1064.8600000000001,517.0,2018-03-20
2018-03-20,3,2,548.8499999999997,592.39,1062.1599999999999,514.0,2018-03-27
2018-03-28,3,2,481.0199999999997,548.06,1017.8199999999999,537.0,2018-04-04
2018-01-01,3,3,265.71,291.34,584.72,320.0,2018-01-08
2018-01-10,3,3,282.28,292.75,586.12,304.0,2018-01-17
2018-01-19,3,3,273.72999999999996,288.95,582.3199999999999,309.0,2018-01-26
2018-01-28,3,3,266.0899999999999,299.91,593.28,328.0,2018-02-04
2018-02-06,3,3,279.9099999999999,313.98,607.35,328.0,2018-02-13
2018-02-14,3,3,308.9099999999999,316.98,610.35,302.0,2018-02-21
2018-02-22,3,3,307.2299999999999,326.12,619.49,313.0,2018-03-01
2018-03-01,3,3,344.59999999999985,365.09,658.46,314.0,2018-03-08
2018-03-08,3,3,343.97999999999985,367.48,660.86,317.0,2018-03-15
2018-03-15,3,3,343.98999999999984,366.39,659.76,316.0,2018-03-22
2018-03-22,3,3,344.0799999999998,367.27,660.6500000000001,317.0,2018-03-29
2018-03-30,3,3,297.16999999999985,343.81,637.19,341.0,2018-04-06
2018-01-01,3,4,161.09,170.74,346.93,186.0,2018-01-08
2018-01-10,3,4,173.05999999999997,173.6,349.79,177.0,2018-01-17
2018-01-19,3,4,169.43999999999994,176.42,352.61,184.0,2018-01-26
2018-01-28,3,4,163.40999999999994,182.98,359.17,196.0,2018-02-04
2018-02-06,3,4,172.62999999999988,186.5,362.69,191.0,2018-02-13
2018-02-15,3,4,169.4299999999999,188.01,364.2,195.0,2018-02-22
2018-02-23,3,4,187.30999999999986,196.85,373.04,186.0,2018-03-02
2018-03-02,3,4,210.25999999999988,216.34,392.53,183.0,2018-03-09
2018-03-09,3,4,210.7099999999999,212.55,388.74,179.0,2018-03-16
2018-03-16,3,4,210.9699999999999,213.87,390.06,180.0,2018-03-23
2018-03-23,3,4,210.8899999999999,215.02,391.21,181.0,2018-03-30
2018-03-31,3,4,181.8199999999999,210.01,386.2,205.0,2018-04-07
2018-01-01,3,5,132.37,155.1,302.1,170.0,2018-01-08
2018-01-09,3,5,158.45,159.41,306.40999999999997,148.0,2018-01-16
2018-01-17,3,5,158.08999999999997,160.43,307.44,150.0,2018-01-24
2018-01-25,3,5,157.83999999999997,162.21,309.22,152.0,2018-02-01
2018-02-02,3,5,155.64999999999998,171.42,318.43,163.0,2018-02-09
2018-02-10,3,5,153.83999999999997,173.42,320.43,167.0,2018-02-17
2018-02-18,3,5,151.81,172.88,319.89,169.0,2018-02-25
2018-02-25,3,5,176.91000000000003,189.45,336.46000000000004,160.0,2018-03-04
2018-03-04,3,5,176.45000000000005,199.67,346.68,171.0,2018-03-11
2018-03-11,3,5,176.77000000000007,198.47,345.48,169.0,2018-03-18
2018-03-18,3,5,176.29000000000005,199.01,346.02,170.0,2018-03-25
2018-03-26,3,5,157.01000000000002,176.02,323.03,167.0,2018-04-02
2018-01-01,3,6,427.53999999999996,469.5,940.39,513.0,2018-01-08
2018-01-10,3,6,445.57000000000005,467.89,938.78,494.0,2018-01-17
2018-01-19,3,6,434.78000000000014,467.05,937.94,504.0,2018-01-26
2018-01-28,3,6,420.4900000000002,491.58,962.47,542.0,2018-02-04
2018-02-05,3,6,499.44000000000017,499.89,970.78,472.0,2018-02-12
2018-02-13,3,6,493.1200000000001,511.43,982.3199999999999,490.0,2018-02-20
2018-02-21,3,6,493.7800000000002,501.0,971.9,479.0,2018-02-28
2018-02-28,3,6,549.9600000000003,578.73,1049.62,500.0,2018-03-07
2018-03-07,3,6,549.4200000000002,588.06,1058.9499999999998,510.0,2018-03-14
2018-03-14,3,6,549.5400000000002,581.76,1052.65,504.0,2018-03-21
2018-03-21,3,6,549.9700000000003,583.51,1054.4,505.0,2018-03-28
2018-03-29,3,6,478.00000000000034,549.08,1019.9699999999999,542.0,2018-04-05
2018-01-01,3,7,426.43,474.83,943.84,518.0,2018-01-08
2018-01-10,3,7,440.65,482.46,951.47,511.0,2018-01-17
2018-01-19,3,7,430.1399999999999,481.54,950.55,521.0,2018-01-26
2018-01-27,3,7,482.34999999999985,493.68,962.6800000000001,481.0,2018-02-03
2018-02-04,3,7,472.18999999999994,522.02,991.02,519.0,2018-02-11
2018-02-12,3,7,496.18999999999994,522.1,991.1,495.0,2018-02-19
2018-02-20,3,7,488.0399999999999,521.04,990.05,503.0,2018-02-27
2018-02-27,3,7,547.55,586.67,1055.67,509.0,2018-03-06
2018-03-06,3,7,547.42,602.42,1071.42,525.0,2018-03-13
2018-03-13,3,7,547.54,599.5,1068.5,521.0,2018-03-20
2018-03-20,3,7,546.58,598.32,1067.32,521.0,2018-03-27
2018-03-28,3,7,478.56000000000006,546.56,1015.56,537.0,2018-04-04
2018-01-01,3,8,556.07,607.17,1221.28,666.0,2018-01-08
2018-01-10,3,8,579.11,597.28,1211.3899999999999,633.0,2018-01-17
2018-01-19,3,8,570.04,599.64,1213.75,644.0,2018-01-26
2018-01-28,3,8,546.9300000000001,626.15,1240.26,694.0,2018-02-04
2018-02-06,3,8,581.85,644.5,1258.6100000000001,677.0,2018-02-13
2018-02-14,3,8,642.5799999999999,644.83,1258.9499999999998,617.0,2018-02-21
2018-02-22,3,8,638.6299999999999,660.17,1274.28,636.0,2018-03-01
2018-03-01,3,8,714.3599999999999,740.83,1354.94,641.0,2018-03-08
2018-03-08,3,8,714.4499999999998,742.65,1356.76,643.0,2018-03-15
2018-03-15,3,8,714.7199999999999,744.46,1358.57,644.0,2018-03-22
2018-03-22,3,8,714.1899999999999,737.34,1351.46,638.0,2018-03-29
2018-03-30,3,8,618.02,714.05,1328.1599999999999,711.0,2018-04-06
2018-01-01,3,9,371.95000000000005,421.93,833.61,462.0,2018-01-08
2018-01-10,3,9,384.80000000000007,426.03,837.7,453.0,2018-01-17
2018-01-19,3,9,375.5000000000001,425.77,837.44,462.0,2018-01-26
2018-01-27,3,9,421.90000000000003,437.97,849.6500000000001,428.0,2018-02-03
2018-02-04,3,9,413.9100000000002,456.0,867.6700000000001,454.0,2018-02-11
2018-02-12,3,9,434.33000000000015,458.13,869.8,436.0,2018-02-19
2018-02-20,3,9,427.5200000000002,456.91,868.58,442.0,2018-02-27
2018-02-27,3,9,479.4000000000002,510.92,922.59,444.0,2018-03-06
2018-03-06,3,9,479.28000000000026,523.52,935.19,456.0,2018-03-13
2018-03-13,3,9,478.5500000000003,522.47,934.1400000000001,456.0,2018-03-20
2018-03-20,3,9,478.8700000000003,524.0,935.6800000000001,457.0,2018-03-27
2018-03-28,3,9,417.9100000000003,478.49,890.1600000000001,473.0,2018-04-04
2018-01-01,3,10,532.5500000000001,561.86,1146.5700000000002,615.0,2018-01-08
2018-01-10,3,10,554.47,563.3,1148.01,594.0,2018-01-17
2018-01-19,3,10,543.8399999999999,546.9,1131.6100000000001,588.0,2018-01-26
2018-01-28,3,10,528.7099999999998,582.58,1167.29,639.0,2018-02-04
2018-02-06,3,10,556.2499999999999,599.35,1184.0700000000002,628.0,2018-02-13
2018-02-15,3,10,542.4099999999999,600.73,1185.44,644.0,2018-02-22
2018-02-23,3,10,605.2199999999999,626.25,1210.97,606.0,2018-03-02
2018-03-02,3,10,679.8599999999999,690.1,1274.8200000000002,595.0,2018-03-09
2018-03-09,3,10,679.6599999999999,689.37,1274.0900000000001,595.0,2018-03-16
2018-03-16,3,10,680.1699999999998,692.69,1277.4,598.0,2018-03-23
2018-03-23,3,10,680.3799999999999,693.28,1277.99,598.0,2018-03-30
2018-03-31,3,10,584.4299999999998,679.61,1264.33,680.0,2018-04-07
2018-01-01,3,11,505.69,568.46,1126.3600000000001,621.0,2018-01-08
2018-01-10,3,11,522.96,568.13,1126.03,604.0,2018-01-17
2018-01-18,3,11,581.61,583.8,1141.6999999999998,561.0,2018-01-25
2018-01-26,3,11,576.33,584.08,1141.99,566.0,2018-02-02
2018-02-03,3,11,564.9800000000001,612.69,1170.5900000000001,606.0,2018-02-10
2018-02-11,3,11,559.07,611.51,1169.4099999999999,611.0,2018-02-18
2018-02-19,3,11,588.94,613.3,1171.1999999999998,583.0,2018-02-26
2018-02-26,3,11,649.13,682.4,1240.3,592.0,2018-03-05
2018-03-05,3,11,649.23,707.43,1265.33,617.0,2018-03-12
2018-03-12,3,11,649.2800000000001,713.44,1271.3400000000001,623.0,2018-03-19
2018-03-19,3,11,649.33,709.17,1267.07,618.0,2018-03-26
2018-03-27,3,11,566.75,648.38,1206.28,640.0,2018-04-03
2018-01-01,3,12,504.81000000000006,568.65,1124.45,620.0,2018-01-08
2018-01-10,3,12,522.6800000000001,558.25,1114.0500000000002,592.0,2018-01-17
2018-01-19,3,12,509.5100000000001,562.39,1118.19,609.0,2018-01-26
2018-01-27,3,12,571.1100000000001,574.77,1130.5700000000002,560.0,2018-02-03
2018-02-04,3,12,558.8600000000002,598.96,1154.7600000000002,596.0,2018-02-11
2018-02-12,3,12,589.3400000000004,599.08,1154.88,566.0,2018-02-19
2018-02-20,3,12,579.6900000000004,597.7,1153.5,574.0,2018-02-27
2018-02-27,3,12,646.1200000000003,683.18,1238.98,593.0,2018-03-06
2018-03-06,3,12,646.0600000000003,686.56,1242.3600000000001,597.0,2018-03-13
2018-03-13,3,12,646.6400000000003,688.67,1244.47,598.0,2018-03-20
2018-03-20,3,12,646.1000000000004,689.89,1245.69,600.0,2018-03-27
2018-03-28,3,12,567.3900000000003,645.96,1201.7600000000002,635.0,2018-04-04
2018-01-01,3,13,611.54,680.07,1356.34,745.0,2018-01-08
2018-01-10,3,13,632.38,682.27,1358.54,727.0,2018-01-17
2018-01-19,3,13,615.04,690.86,1367.1299999999999,753.0,2018-01-26
2018-01-27,3,13,692.2199999999999,706.6,1382.87,691.0,2018-02-03
2018-02-04,3,13,679.8499999999999,732.11,1408.3799999999999,729.0,2018-02-11
2018-02-12,3,13,714.8,739.59,1415.86,702.0,2018-02-19
2018-02-20,3,13,703.22,732.41,1408.68,706.0,2018-02-27
2018-02-27,3,13,785.39,819.31,1495.58,711.0,2018-03-06
2018-03-06,3,13,785.6399999999999,825.89,1502.16,717.0,2018-03-13
2018-03-13,3,13,785.3199999999999,826.53,1502.8,718.0,2018-03-20
2018-03-20,3,13,785.36,816.62,1492.8899999999999,708.0,2018-03-27
2018-03-28,3,13,690.99,784.82,1461.09,771.0,2018-04-04
2018-01-01,3,14,425.98999999999995,471.09,940.9300000000001,515.0,2018-01-08
2018-01-10,3,14,443.6399999999999,477.31,947.14,504.0,2018-01-17
2018-01-19,3,14,434.0699999999998,474.49,944.32,511.0,2018-01-26
2018-01-27,3,14,484.90999999999974,488.87,958.71,474.0,2018-02-03
2018-02-04,3,14,475.31999999999965,507.67,977.5,503.0,2018-02-11
2018-02-12,3,14,499.92999999999967,517.95,987.7900000000001,488.0,2018-02-19
2018-02-20,3,14,490.0399999999997,515.57,985.4,496.0,2018-02-27
2018-02-27,3,14,548.3199999999997,577.46,1047.29,499.0,2018-03-06
2018-03-06,3,14,547.7099999999997,592.43,1062.27,515.0,2018-03-13
2018-03-13,3,14,548.1199999999997,592.41,1062.25,515.0,2018-03-20
2018-03-20,3,14,548.5599999999997,591.55,1061.38,513.0,2018-03-27
2018-03-28,3,14,479.36999999999966,547.66,1017.5,539.0,2018-04-04
2018-01-01,3,15,639.65,688.32,1392.38,753.0,2018-01-08
2018-01-10,3,15,671.3399999999998,680.83,1384.8899999999999,714.0,2018-01-17
2018-01-19,3,15,645.8199999999997,693.59,1397.65,752.0,2018-01-26
2018-01-28,3,15,629.1399999999998,709.53,1413.59,785.0,2018-02-04
2018-02-06,3,15,666.6499999999999,728.75,1432.81,767.0,2018-02-13
2018-02-15,3,15,649.0899999999999,727.86,1431.92,783.0,2018-02-22
2018-02-23,3,15,724.5099999999999,763.97,1468.03,744.0,2018-03-02
2018-03-02,3,15,818.2699999999999,830.56,1534.62,717.0,2018-03-09
2018-03-09,3,15,818.43,830.26,1534.32,716.0,2018-03-16
2018-03-16,3,15,817.8899999999999,823.68,1527.74,710.0,2018-03-23
2018-03-23,3,15,817.9399999999999,818.01,1522.07,705.0,2018-03-30
2018-03-31,3,15,705.4,817.77,1521.83,817.0,2018-04-07
2018-01-01,3,16,186.31,206.31,411.34000000000003,226.0,2018-01-08
2018-01-10,3,16,199.20000000000002,207.77,412.78999999999996,214.0,2018-01-17
2018-01-19,3,16,192.22000000000006,211.13,416.15,224.0,2018-01-26
2018-01-27,3,16,214.39000000000001,218.51,423.53,210.0,2018-02-03
2018-02-04,3,16,211.28000000000003,230.35,435.37,225.0,2018-02-11
2018-02-12,3,16,222.49000000000004,228.52,433.55,212.0,2018-02-19
2018-02-20,3,16,218.17000000000002,228.83,433.85,216.0,2018-02-27
2018-02-27,3,16,242.94000000000003,259.89,464.91999999999996,222.0,2018-03-06
2018-03-06,3,16,242.64000000000007,261.82,466.85,225.0,2018-03-13
2018-03-13,3,16,243.4100000000001,265.18,470.21000000000004,227.0,2018-03-20
2018-03-20,3,16,242.83000000000013,265.24,470.27,228.0,2018-03-27
2018-03-28,3,16,213.2200000000001,242.63,447.65,235.0,2018-04-04
2018-01-01,3,17,241.54999999999998,256.21,521.23,280.0,2018-01-08
2018-01-10,3,17,254.11999999999998,261.13,526.15,273.0,2018-01-17
2018-01-19,3,17,250.22999999999996,262.49,527.5,278.0,2018-01-26
2018-01-28,3,17,241.83999999999997,269.54,534.55,293.0,2018-02-04
2018-02-06,3,17,252.83000000000004,282.89,547.9,296.0,2018-02-13
2018-02-14,3,17,281.51000000000005,284.71,549.73,269.0,2018-02-21
2018-02-22,3,17,279.09000000000003,287.55,552.5699999999999,274.0,2018-03-01
2018-03-01,3,17,312.22,326.26,591.28,280.0,2018-03-08
2018-03-08,3,17,312.64,324.95,589.96,278.0,2018-03-15
2018-03-15,3,17,312.37,329.22,594.23,282.0,2018-03-22
2018-03-22,3,17,311.84,329.63,594.65,283.0,2018-03-29
2018-03-30,3,17,268.62,311.69,576.7,309.0,2018-04-06
2018-01-01,3,18,611.0500000000001,665.62,1340.42,730.0,2018-01-08
2018-01-10,3,18,641.7600000000002,660.5,1335.3000000000002,694.0,2018-01-17
2018-01-19,3,18,622.1600000000002,674.75,1349.5500000000002,728.0,2018-01-26
2018-01-28,3,18,594.5700000000002,688.14,1362.94,769.0,2018-02-04
2018-02-06,3,18,631.8100000000003,710.06,1384.8600000000001,754.0,2018-02-13
2018-02-14,3,18,703.2700000000002,708.44,1383.2400000000002,680.0,2018-02-21
2018-02-22,3,18,696.6,722.54,1397.3400000000001,701.0,2018-03-01
2018-03-01,3,18,782.7800000000001,816.12,1490.92,709.0,2018-03-08
2018-03-08,3,18,783.3700000000001,815.45,1490.25,707.0,2018-03-15
2018-03-15,3,18,782.64,817.67,1492.4700000000003,710.0,2018-03-22
2018-03-22,3,18,782.68,806.15,1480.95,699.0,2018-03-29
2018-03-30,3,18,678.5199999999999,782.54,1457.3400000000001,779.0,2018-04-06
2018-01-01,3,19,293.09,301.2,622.15,330.0,2018-01-08
2018-01-11,3,19,280.0799999999999,301.15,622.0899999999999,343.0,2018-01-18
2018-01-21,3,19,260.98999999999995,298.69,619.64,359.0,2018-01-28
2018-01-31,3,19,286.6099999999999,322.22,643.17,357.0,2018-02-07
2018-02-09,3,19,298.90999999999985,324.96,645.91,348.0,2018-02-16
2018-02-18,3,19,288.6499999999998,327.02,647.97,360.0,2018-02-25
2018-02-26,3,19,346.6299999999999,366.92,687.8699999999999,342.0,2018-03-05
2018-03-05,3,19,377.8399999999999,378.14,699.0899999999999,322.0,2018-03-12
2018-03-12,3,19,377.8399999999999,380.74,701.6899999999999,324.0,2018-03-19
2018-03-19,3,19,377.2499999999999,383.33,704.28,328.0,2018-03-26
2018-03-27,3,19,334.96999999999986,377.12,698.06,364.0,2018-04-03
2018-01-01,3,20,345.39,392.31,773.8699999999999,429.0,2018-01-08
2018-01-10,3,20,360.61999999999995,388.8,770.3699999999999,410.0,2018-01-17
2018-01-19,3,20,348.64,389.94,771.51,423.0,2018-01-26
2018-01-27,3,20,393.60999999999996,403.55,785.1099999999999,392.0,2018-02-03
2018-02-04,3,20,386.93999999999994,414.95,796.52,410.0,2018-02-11
2018-02-12,3,20,404.9699999999999,423.6,805.17,401.0,2018-02-19
2018-02-20,3,20,398.27999999999986,423.04,804.6099999999999,407.0,2018-02-27
2018-02-27,3,20,445.88999999999993,477.73,859.3,414.0,2018-03-06
2018-03-06,3,20,445.83,484.63,866.2,421.0,2018-03-13
2018-03-13,3,20,445.86,488.76,870.3299999999999,425.0,2018-03-20
2018-03-20,3,20,445.76000000000005,484.53,866.0999999999999,421.0,2018-03-27
2018-03-28,3,20,390.14000000000004,445.2,826.77,437.0,2018-04-04
2018-01-01,3,21,292.82,321.65,644.91,353.0,2018-01-08
2018-01-10,3,21,308.75,325.15,648.41,340.0,2018-01-17
2018-01-19,3,21,299.89000000000004,325.74,649.0,350.0,2018-01-26
2018-01-27,3,21,336.58000000000004,339.83,663.0899999999999,327.0,2018-02-03
2018-02-04,3,21,328.4200000000001,358.48,681.74,354.0,2018-02-11
2018-02-12,3,21,345.1,362.16,685.42,341.0,2018-02-19
2018-02-20,3,21,338.85,361.68,684.94,347.0,2018-02-27
2018-02-27,3,21,379.82000000000005,411.49,734.75,355.0,2018-03-06
2018-03-06,3,21,378.96,417.02,740.28,362.0,2018-03-13
2018-03-13,3,21,379.59000000000003,423.72,746.98,368.0,2018-03-20
2018-03-20,3,21,379.51000000000005,418.7,741.96,363.0,2018-03-27
2018-03-28,3,21,331.73,378.89,702.15,371.0,2018-04-04
2018-01-01,3,22,583.28,631.39,1275.32,693.0,2018-01-08
2018-01-10,3,22,612.6199999999999,623.26,1267.19,655.0,2018-01-17
2018-01-19,3,22,597.8499999999998,620.52,1264.46,667.0,2018-01-26
2018-01-28,3,22,573.5899999999997,648.95,1292.8899999999999,720.0,2018-02-04
2018-02-06,3,22,611.0499999999997,659.72,1303.65,693.0,2018-02-13
2018-02-15,3,22,594.6399999999998,660.92,1304.85,711.0,2018-02-22
2018-02-23,3,22,663.8999999999997,691.78,1335.7199999999998,672.0,2018-03-02
2018-03-02,3,22,747.8399999999998,758.01,1401.94,655.0,2018-03-09
2018-03-09,3,22,748.5599999999997,757.19,1401.12,653.0,2018-03-16
2018-03-16,3,22,748.0999999999998,755.56,1399.5,652.0,2018-03-23
2018-03-23,3,22,748.2699999999998,756.49,1400.42,653.0,2018-03-30
2018-03-31,3,22,641.6699999999996,747.67,1391.6100000000001,750.0,2018-04-07
2018-01-01,3,23,212.63,240.15,474.99999999999994,263.0,2018-01-08
2018-01-10,3,23,224.41999999999996,241.23,476.08,252.0,2018-01-17
2018-01-19,3,23,219.29999999999998,242.23,477.08,258.0,2018-01-26
2018-01-27,3,23,245.10999999999999,252.05,486.90999999999997,242.0,2018-02-03
2018-02-04,3,23,241.57999999999998,259.86,494.71,254.0,2018-02-11
2018-02-12,3,23,252.94000000000003,257.84,492.68999999999994,240.0,2018-02-19
2018-02-20,3,23,248.68,258.85,493.7,246.0,2018-02-27
2018-02-27,3,23,277.9,297.23,532.0799999999999,255.0,2018-03-06
2018-03-06,3,23,277.75,300.91,535.76,259.0,2018-03-13
2018-03-13,3,23,277.92,304.17,539.03,262.0,2018-03-20
2018-03-20,3,23,277.84000000000003,304.38,539.23,262.0,2018-03-27
2018-03-28,3,23,242.77,276.96,511.80999999999995,270.0,2018-04-04
2018-01-01,3,24,475.48999999999995,555.54,1084.94,610.0,2018-01-08
2018-01-10,3,24,499.5899999999999,544.16,1073.57,574.0,2018-01-17
2018-01-18,3,24,548.5099999999999,558.88,1088.29,540.0,2018-01-25
2018-01-26,3,24,543.5499999999998,567.15,1096.56,554.0,2018-02-02
2018-02-03,3,24,534.7799999999997,597.01,1126.42,592.0,2018-02-10
2018-02-11,3,24,528.9399999999997,594.51,1123.9099999999999,595.0,2018-02-18
2018-02-19,3,24,557.4999999999998,594.34,1123.75,567.0,2018-02-26
2018-02-26,3,24,616.4799999999998,670.36,1199.77,584.0,2018-03-05
2018-03-04,3,24,687.3299999999998,694.74,1224.15,537.0,2018-03-11
2018-03-11,3,24,615.9,697.74,1227.1399999999999,612.0,2018-03-18
2018-03-18,3,24,616.4900000000001,696.38,1225.79,610.0,2018-03-25
2018-03-26,3,24,546.9300000000002,615.77,1145.17,599.0,2018-04-02
2018-01-01,3,25,584.54,660.47,1306.15,722.0,2018-01-08
2018-01-10,3,25,607.06,650.94,1296.62,690.0,2018-01-17
2018-01-19,3,25,584.5,650.91,1296.5900000000001,713.0,2018-01-26
2018-01-27,3,25,659.3299999999999,673.52,1319.19,660.0,2018-02-03
2018-02-04,3,25,650.5699999999999,696.7,1342.38,692.0,2018-02-11
2018-02-12,3,25,679.66,701.69,1347.3600000000001,668.0,2018-02-19
2018-02-20,3,25,671.57,696.14,1341.8200000000002,671.0,2018-02-27
2018-02-27,3,25,748.63,787.3,1432.98,685.0,2018-03-06
2018-03-06,3,25,748.52,805.08,1450.7599999999998,703.0,2018-03-13
2018-03-13,3,25,748.63,808.31,1453.9899999999998,706.0,2018-03-20
2018-03-20,3,25,748.5200000000001,797.43,1443.1100000000001,695.0,2018-03-27
2018-03-28,3,25,655.21,747.89,1393.5700000000002,739.0,2018-04-04
2018-01-01,3,26,345.82,386.69,767.77,422.0,2018-01-08
2018-01-10,3,26,361.72999999999996,385.4,766.47,405.0,2018-01-17
2018-01-19,3,26,351.03,382.26,763.3299999999999,413.0,2018-01-26
2018-01-27,3,26,396.40999999999997,402.11,783.1800000000001,387.0,2018-02-03
2018-02-04,3,26,388.2,412.22,793.29,406.0,2018-02-11
2018-02-12,3,26,407.29,415.04,796.1099999999999,389.0,2018-02-19
2018-02-20,3,26,399.70000000000005,419.03,800.1099999999999,401.0,2018-02-27
2018-02-27,3,26,446.64000000000004,471.76,852.8299999999999,407.0,2018-03-06
2018-03-06,3,26,446.86,479.13,860.2,414.0,2018-03-13
2018-03-13,3,26,446.71000000000004,484.49,865.5699999999999,419.0,2018-03-20
2018-03-20,3,26,446.1900000000001,480.43,861.5,416.0,2018-03-27
2018-03-28,3,26,391.8800000000001,446.07,827.1500000000001,436.0,2018-04-04
2018-01-01,3,27,160.87999999999997,180.22,356.9,197.0,2018-01-08
2018-01-10,3,27,170.67999999999998,185.17,361.85,192.0,2018-01-17
2018-01-19,3,27,167.37999999999994,186.98,363.65999999999997,197.0,2018-01-26
2018-01-27,3,27,186.72999999999993,193.39,370.07,184.0,2018-02-03
2018-02-04,3,27,183.03999999999994,201.03,377.7,195.0,2018-02-11
2018-02-12,3,27,192.17999999999992,201.22,377.9,186.0,2018-02-19
2018-02-20,3,27,189.0499999999999,201.77,378.45,190.0,2018-02-27
2018-02-27,3,27,211.25999999999988,228.98,405.65999999999997,195.0,2018-03-06
2018-03-06,3,27,211.25999999999985,232.41,409.09,198.0,2018-03-13
2018-03-13,3,27,210.83999999999986,232.89,409.57,199.0,2018-03-20
2018-03-20,3,27,210.93999999999988,233.65,410.33,200.0,2018-03-27
2018-03-28,3,27,184.90999999999988,210.69,387.37,203.0,2018-04-04
2018-01-01,3,28,638.0799999999999,666.71,1368.3899999999999,731.0,2018-01-08
2018-01-11,3,28,593.2799999999999,661.25,1362.9299999999998,770.0,2018-01-18
2018-01-20,3,28,638.7499999999999,674.77,1376.4499999999998,738.0,2018-01-27
2018-01-29,3,28,654.77,697.58,1399.26,745.0,2018-02-05
2018-02-07,3,28,653.2799999999999,712.28,1413.96,761.0,2018-02-14
2018-02-16,3,28,635.8699999999999,709.49,1411.17,776.0,2018-02-23
2018-02-24,3,28,716.4799999999999,753.83,1455.51,740.0,2018-03-03
2018-03-03,3,28,813.66,815.88,1517.56,704.0,2018-03-10
2018-03-10,3,28,812.7799999999997,820.33,1522.01,710.0,2018-03-17
2018-03-17,3,28,813.4599999999997,813.77,1515.4499999999998,702.0,2018-03-24
2018-03-24,3,28,812.7099999999997,813.12,1514.8,703.0,2018-03-31
2018-01-01,3,29,507.73,560.94,1121.1399999999999,614.0,2018-01-08
2018-01-10,3,29,527.9000000000001,564.0,1124.2,597.0,2018-01-17
2018-01-19,3,29,515.84,563.37,1123.58,608.0,2018-01-26
2018-01-27,3,29,574.21,579.56,1139.77,566.0,2018-02-03
2018-02-04,3,29,562.01,603.68,1163.8899999999999,602.0,2018-02-11
2018-02-12,3,29,593.15,602.2,1162.41,570.0,2018-02-19
2018-02-20,3,29,584.63,604.41,1164.6100000000001,580.0,2018-02-27
2018-02-27,3,29,651.27,690.67,1250.88,600.0,2018-03-06
2018-03-06,3,29,651.64,702.13,1262.3400000000001,611.0,2018-03-13
2018-03-13,3,29,651.5400000000001,702.0,1262.2,611.0,2018-03-20
2018-03-20,3,29,651.5900000000001,706.12,1266.33,615.0,2018-03-27
2018-03-28,3,29,568.9900000000001,651.24,1211.45,643.0,2018-04-04
2018-01-01,3,30,292.73,336.81,660.3499999999999,368.0,2018-01-08
2018-01-10,3,30,306.23,331.24,654.78,349.0,2018-01-17
2018-01-19,3,30,297.2700000000001,337.9,661.45,365.0,2018-01-26
2018-01-27,3,30,335.10000000000014,349.42,672.96,338.0,2018-02-03
2018-02-04,3,30,327.7600000000002,367.66,691.2,364.0,2018-02-11
2018-02-12,3,30,343.54000000000013,367.84,691.39,348.0,2018-02-19
2018-02-20,3,30,338.0400000000002,365.11,688.65,351.0,2018-02-27
2018-02-27,3,30,379.69000000000017,418.52,742.06,363.0,2018-03-06
2018-03-06,3,30,379.9200000000002,421.08,744.6199999999999,365.0,2018-03-13
2018-03-13,3,30,379.59000000000026,426.98,750.52,371.0,2018-03-20
2018-03-20,3,30,379.36000000000024,423.82,747.3599999999999,368.0,2018-03-27
2018-03-27,3,30,379.2900000000003,379.32,702.8599999999999,324.0,2018-04-03
2018-01-01,3,31,427.77,467.07,937.47,510.0,2018-01-08
2018-01-10,3,31,447.78,462.21,932.61,485.0,2018-01-17
2018-01-19,3,31,435.69,464.22,934.6300000000001,499.0,2018-01-26
2018-01-28,3,31,419.84999999999997,487.21,957.6200000000001,538.0,2018-02-04
2018-02-06,3,31,443.8399999999999,500.32,970.72,527.0,2018-02-13
2018-02-14,3,31,491.0899999999999,508.59,978.99,488.0,2018-02-21
2018-02-22,3,31,488.53,513.81,984.22,496.0,2018-03-01
2018-03-01,3,31,548.78,583.08,1053.49,505.0,2018-03-08
2018-03-08,3,31,548.76,586.2,1056.6100000000001,508.0,2018-03-15
2018-03-15,3,31,548.61,587.13,1057.53,509.0,2018-03-22
2018-03-22,3,31,548.5400000000001,584.6,1055.0,507.0,2018-03-29
2018-03-30,3,31,471.68,548.48,1018.8800000000001,548.0,2018-04-06
2018-01-01,3,32,317.84999999999997,365.06,717.0999999999999,400.0,2018-01-08
2018-01-10,3,32,335.9799999999999,361.33,713.3599999999999,378.0,2018-01-17
2018-01-19,3,32,325.9799999999999,369.05,721.0799999999999,396.0,2018-01-26
2018-01-27,3,32,366.9599999999999,373.36,725.4,359.0,2018-02-03
2018-02-04,3,32,357.99999999999994,394.13,746.16,389.0,2018-02-11
2018-02-12,3,32,376.53,394.08,746.12,370.0,2018-02-19
2018-02-20,3,32,370.72,390.28,742.3199999999999,372.0,2018-02-27
2018-02-27,3,32,413.7300000000001,439.99,792.03,379.0,2018-03-06
2018-03-06,3,32,414.0500000000001,448.82,800.8599999999999,387.0,2018-03-13
2018-03-13,3,32,413.53000000000014,451.78,803.8199999999999,391.0,2018-03-20
2018-03-20,3,32,414.05000000000007,448.76,800.79,387.0,2018-03-27
2018-03-28,3,32,363.32000000000016,413.29,765.3299999999999,403.0,2018-04-04
2018-01-01,3,33,502.5,557.07,1113.5700000000002,612.0,2018-01-08
2018-01-10,3,33,524.11,560.97,1117.47,594.0,2018-01-17
2018-01-19,3,33,506.68000000000006,560.85,1117.35,611.0,2018-01-26
2018-01-27,3,33,569.7600000000002,575.59,1132.0900000000001,563.0,2018-02-03
2018-02-04,3,33,559.0200000000002,599.0,1155.51,597.0,2018-02-11
2018-02-12,3,33,588.3000000000003,598.31,1154.81,567.0,2018-02-19
2018-02-20,3,33,579.9500000000004,597.74,1154.24,575.0,2018-02-27
2018-02-27,3,33,646.6800000000005,688.0,1244.5,598.0,2018-03-06
2018-03-06,3,33,646.1500000000005,697.22,1253.72,608.0,2018-03-13
2018-03-13,3,33,646.4100000000005,701.26,1257.76,612.0,2018-03-20
2018-03-20,3,33,646.6200000000005,698.82,1255.3200000000002,609.0,2018-03-27
2018-03-28,3,33,564.0300000000004,645.96,1202.46,639.0,2018-04-04
2018-01-01,3,34,185.74,208.96,413.71,228.0,2018-01-08
2018-01-10,3,34,195.45,212.91,417.65999999999997,223.0,2018-01-17
2018-01-19,3,34,192.25,213.27,418.02,226.0,2018-01-26
2018-01-27,3,34,214.18999999999997,222.02,426.77,213.0,2018-02-03
2018-02-04,3,34,209.89000000000001,231.35,436.09000000000003,227.0,2018-02-11
2018-02-12,3,34,221.92000000000002,232.1,436.85,215.0,2018-02-19
2018-02-20,3,34,216.68,230.96,435.71,220.0,2018-02-27
2018-02-27,3,34,243.23000000000005,263.07,467.82,225.0,2018-03-06
2018-03-06,3,34,242.67000000000007,263.9,468.65,226.0,2018-03-13
2018-03-13,3,34,242.29000000000005,269.0,473.75,232.0,2018-03-20
2018-03-20,3,34,242.80000000000007,268.49,473.24,231.0,2018-03-27
2018-03-28,3,34,212.64000000000004,242.23,446.98,235.0,2018-04-04
2018-01-01,3,35,475.52,527.21,1052.0,577.0,2018-01-08
2018-01-10,3,35,495.8200000000001,525.67,1050.46,555.0,2018-01-17
2018-01-19,3,35,476.62000000000006,526.34,1051.13,575.0,2018-01-26
2018-01-27,3,35,536.7800000000001,542.9,1067.69,531.0,2018-02-03
2018-02-04,3,35,526.6000000000003,577.68,1102.47,576.0,2018-02-11
2018-02-12,3,35,554.0000000000002,576.38,1101.17,548.0,2018-02-19
2018-02-20,3,35,544.6400000000002,573.29,1098.07,554.0,2018-02-27
2018-02-27,3,35,609.4800000000002,649.98,1174.77,566.0,2018-03-06
2018-03-06,3,35,609.6200000000001,669.05,1193.83,585.0,2018-03-13
2018-03-13,3,35,609.6800000000001,667.39,1192.17,583.0,2018-03-20
2018-03-20,3,35,609.4100000000001,666.28,1191.06,582.0,2018-03-27
2018-03-28,3,35,532.8700000000001,608.94,1133.7199999999998,601.0,2018-04-04
2018-01-01,3,36,558.9200000000001,606.88,1223.29,665.0,2018-01-08
2018-01-10,3,36,590.26,610.89,1227.3000000000002,638.0,2018-01-17
2018-01-19,3,36,569.7700000000001,615.23,1231.64,662.0,2018-01-26
2018-01-28,3,36,546.12,635.13,1251.5500000000002,706.0,2018-02-04
2018-02-06,3,36,581.64,653.79,1270.21,689.0,2018-02-13
2018-02-14,3,36,643.1999999999999,654.18,1270.6000000000001,628.0,2018-02-21
2018-02-22,3,36,637.51,669.71,1286.13,649.0,2018-03-01
2018-03-01,3,36,717.0199999999999,752.49,1368.91,652.0,2018-03-08
2018-03-08,3,36,716.7699999999999,750.96,1367.3700000000001,651.0,2018-03-15
2018-03-15,3,36,717.05,751.27,1367.69,651.0,2018-03-22
2018-03-22,3,36,717.01,750.48,1366.9,650.0,2018-03-29
2018-03-30,3,36,618.39,716.66,1333.0700000000002,715.0,2018-04-06
2018-01-01,3,37,213.88,239.89,475.15999999999997,262.0,2018-01-08
2018-01-10,3,37,225.02,239.47,474.75,250.0,2018-01-17
2018-01-19,3,37,219.88000000000002,240.29,475.56,256.0,2018-01-26
2018-01-27,3,37,246.10000000000002,250.96,486.23,241.0,2018-02-03
2018-02-04,3,37,243.03000000000006,259.48,494.75,252.0,2018-02-11
2018-02-12,3,37,253.12999999999997,257.86,493.14,241.0,2018-02-19
2018-02-20,3,37,250.18999999999994,259.2,494.46999999999997,245.0,2018-02-27
2018-02-27,3,37,278.4099999999999,296.92,532.2,254.0,2018-03-06
2018-03-06,3,37,277.9099999999999,301.07,536.3399999999999,259.0,2018-03-13
2018-03-13,3,37,278.25999999999993,303.11,538.38,261.0,2018-03-20
2018-03-20,3,37,278.5899999999999,304.67,539.94,262.0,2018-03-27
2018-03-28,3,37,243.5799999999999,277.73,513.0,270.0,2018-04-04
2018-01-01,3,38,583.3800000000001,642.35,1287.54,705.0,2018-01-08
2018-01-10,3,38,612.4300000000001,635.19,1280.3899999999999,668.0,2018-01-17
2018-01-19,3,38,592.0700000000002,646.19,1291.38,700.0,2018-01-26
2018-01-28,3,38,571.0200000000002,665.43,1310.62,740.0,2018-02-04
2018-02-05,3,38,684.8600000000002,685.39,1330.5900000000001,646.0,2018-02-12
2018-02-13,3,38,672.2200000000003,687.41,1332.6,661.0,2018-02-20
2018-02-21,3,38,673.2200000000003,689.15,1334.35,662.0,2018-02-28
2018-02-28,3,38,750.9600000000004,786.98,1432.17,682.0,2018-03-07
2018-03-07,3,38,750.8800000000003,804.03,1449.23,699.0,2018-03-14
2018-03-14,3,38,750.7400000000002,798.71,1443.91,694.0,2018-03-21
2018-03-21,3,38,750.9200000000002,799.73,1444.92,694.0,2018-03-28
2018-03-28,3,38,750.0900000000003,750.11,1395.3000000000002,646.0,2018-04-04
2018-01-01,3,39,320.9,362.81,715.69,395.0,2018-01-08
2018-01-10,3,39,333.64,365.45,718.3299999999999,385.0,2018-01-17
2018-01-19,3,39,322.91999999999996,366.0,718.87,396.0,2018-01-26
2018-01-27,3,39,366.09,369.82,722.7,357.0,2018-02-03
2018-02-04,3,39,359.48,392.81,745.6800000000001,387.0,2018-02-11
2018-02-12,3,39,376.46000000000004,389.4,742.27,366.0,2018-02-19
2018-02-20,3,39,369.7100000000001,388.23,741.1,372.0,2018-02-27
2018-02-27,3,39,413.9200000000001,441.68,794.56,381.0,2018-03-06
2018-03-06,3,39,413.67000000000013,449.06,801.9300000000001,389.0,2018-03-13
2018-03-13,3,39,414.0600000000002,450.73,803.6,390.0,2018-03-20
2018-03-20,3,39,413.77000000000015,448.39,801.26,388.0,2018-03-27
2018-03-28,3,39,363.5500000000002,413.29,766.1700000000001,403.0,2018-04-04
2018-01-01,3,40,214.68,236.62,472.45,258.0,2018-01-08
2018-01-10,3,40,227.80000000000004,238.35,474.17999999999995,247.0,2018-01-17
2018-01-19,3,40,225.37000000000006,240.28,476.11,251.0,2018-01-26
2018-01-27,3,40,247.89000000000004,249.3,485.13,238.0,2018-02-03
2018-02-04,3,40,244.63000000000005,260.03,495.86,252.0,2018-02-11
2018-02-12,3,40,255.73000000000005,257.94,493.77,239.0,2018-02-19
2018-02-20,3,40,252.08999999999997,255.46,491.28999999999996,240.0,2018-02-27
2018-02-27,3,40,280.1599999999999,292.19,528.02,248.0,2018-03-06
2018-03-06,3,40,279.5099999999999,296.44,532.27,253.0,2018-03-13
2018-03-13,3,40,279.6099999999999,299.46,535.29,256.0,2018-03-20
2018-03-20,3,40,279.6799999999999,295.54,531.38,252.0,2018-03-27
2018-03-28,3,40,245.7299999999999,279.35,515.1800000000001,270.0,2018-04-04
2018-01-01,3,41,160.02,172.18,347.38,188.0,2018-01-08
2018-01-10,3,41,172.44,173.39,348.6,177.0,2018-01-17
2018-01-19,3,41,169.76000000000002,174.08,349.29,180.0,2018-01-26
2018-01-28,3,41,162.56000000000003,182.24,357.45000000000005,195.0,2018-02-04
2018-02-06,3,41,171.38,186.01,361.22,190.0,2018-02-13
2018-02-15,3,41,167.59,187.17,362.37,195.0,2018-02-22
2018-02-23,3,41,186.29000000000002,196.27,371.48,186.0,2018-03-02
2018-03-02,3,41,209.80000000000004,216.26,391.47,182.0,2018-03-09
2018-03-09,3,41,209.32000000000005,212.41,387.62,179.0,2018-03-16
2018-03-16,3,41,209.70000000000005,212.3,387.5,178.0,2018-03-23
2018-03-23,3,41,209.17000000000004,214.42,389.63,181.0,2018-03-30
2018-03-31,3,41,180.23000000000005,209.02,384.23,204.0,2018-04-07
2018-01-01,3,42,266.22,290.37,584.16,318.0,2018-01-08
2018-01-10,3,42,284.30000000000007,289.91,583.7,300.0,2018-01-17
2018-01-19,3,42,275.06000000000006,297.0,590.8,316.0,2018-01-26
2018-01-28,3,42,268.4200000000001,305.23,599.03,331.0,2018-02-04
2018-02-05,3,42,316.32000000000005,318.27,612.06,296.0,2018-02-12
2018-02-13,3,42,310.77000000000004,321.87,615.66,305.0,2018-02-20
2018-02-21,3,42,310.87000000000006,322.56,616.3499999999999,306.0,2018-02-28
2018-02-28,3,42,346.5600000000001,373.55,667.3399999999999,321.0,2018-03-07
2018-03-07,3,42,346.23000000000013,374.02,667.81,322.0,2018-03-14
2018-03-14,3,42,346.4500000000001,377.01,670.8,325.0,2018-03-21
2018-03-21,3,42,346.66000000000014,378.74,672.53,326.0,2018-03-28
2018-03-29,3,42,299.5900000000001,346.04,639.8299999999999,341.0,2018-04-05
2018-01-01,3,43,369.33,417.65,826.66,458.0,2018-01-08
2018-01-10,3,43,384.08000000000004,411.7,820.71,437.0,2018-01-17
2018-01-19,3,43,377.68,406.85,815.8599999999999,439.0,2018-01-26
2018-01-27,3,43,422.71000000000004,425.57,834.5799999999999,412.0,2018-02-03
2018-02-04,3,43,414.19,438.93,847.94,434.0,2018-02-11
2018-02-12,3,43,434.11000000000007,442.16,851.17,418.0,2018-02-19
2018-02-20,3,43,427.94000000000005,441.96,850.97,424.0,2018-02-27
2018-02-27,3,43,477.50000000000006,498.57,907.5799999999999,431.0,2018-03-06
2018-03-06,3,43,477.43,506.3,915.31,438.0,2018-03-13
2018-03-13,3,43,476.64,514.11,923.12,447.0,2018-03-20
2018-03-20,3,43,477.04999999999995,506.11,915.12,439.0,2018-03-27
2018-03-28,3,43,418.8499999999999,476.53,885.55,467.0,2018-04-04
2018-01-01,3,44,213.81,229.03,462.97,250.0,2018-01-08
2018-01-10,3,44,227.08,230.27,464.21000000000004,238.0,2018-01-17
2018-01-19,3,44,223.59000000000003,230.47,464.40999999999997,241.0,2018-01-26
2018-01-28,3,44,216.26000000000002,241.75,475.69,260.0,2018-02-04
2018-02-06,3,44,226.45999999999998,248.26,482.2,256.0,2018-02-13
2018-02-15,3,44,221.06,248.52,482.46000000000004,262.0,2018-02-22
2018-02-23,3,44,246.69,256.72,490.66,244.0,2018-03-02
2018-03-02,3,44,277.18,282.04,515.98,239.0,2018-03-09
2018-03-09,3,44,277.38,281.68,515.62,239.0,2018-03-16
2018-03-16,3,44,277.92,284.25,518.19,241.0,2018-03-23
2018-03-23,3,44,277.91,282.61,516.56,239.0,2018-03-30
2018-03-31,3,44,238.95,277.19,511.13,273.0,2018-04-07
2018-01-01,3,45,583.4200000000001,648.42,1294.03,711.0,2018-01-08
2018-01-10,3,45,608.01,652.73,1298.3400000000001,691.0,2018-01-17
2018-01-19,3,45,587.2099999999999,663.54,1309.15,722.0,2018-01-26
2018-01-27,3,45,656.92,678.69,1324.29,668.0,2018-02-03
2018-02-04,3,45,651.43,702.08,1347.69,697.0,2018-02-11
2018-02-12,3,45,681.77,705.67,1351.28,670.0,2018-02-19
2018-02-20,3,45,672.4300000000001,701.79,1347.4,675.0,2018-02-27
2018-02-27,3,45,749.1800000000001,793.59,1439.1999999999998,691.0,2018-03-06
2018-03-06,3,45,750.1400000000001,804.24,1449.85,700.0,2018-03-13
2018-03-13,3,45,749.4300000000003,812.67,1458.28,709.0,2018-03-20
2018-03-20,3,45,749.3000000000004,793.94,1439.55,691.0,2018-03-27
2018-03-28,3,45,659.0500000000004,749.18,1394.79,736.0,2018-04-04
2018-01-01,3,46,425.94,483.14,952.98,528.0,2018-01-08
2018-01-10,3,46,439.8399999999999,490.97,960.8000000000001,521.0,2018-01-17
2018-01-19,3,46,425.5099999999999,487.44,957.28,532.0,2018-01-26
2018-01-27,3,46,480.8499999999999,501.34,971.1800000000001,491.0,2018-02-03
2018-02-04,3,46,472.8799999999999,523.08,992.9200000000001,521.0,2018-02-11
2018-02-12,3,46,496.56999999999994,524.91,994.75,499.0,2018-02-19
2018-02-20,3,46,489.99000000000007,525.45,995.2900000000001,506.0,2018-02-27
2018-02-27,3,46,547.8200000000002,591.65,1061.49,514.0,2018-03-06
2018-03-06,3,46,547.4600000000003,602.61,1072.45,525.0,2018-03-13
2018-03-13,3,46,547.1400000000002,605.18,1075.01,528.0,2018-03-20
2018-03-20,3,46,547.2500000000002,604.93,1074.77,528.0,2018-03-27
2018-03-28,3,46,478.05000000000024,547.15,1016.99,539.0,2018-04-04
2018-01-01,3,47,160.14999999999998,182.36,359.03999999999996,199.0,2018-01-08
2018-01-10,3,47,170.13,183.04,359.71999999999997,190.0,2018-01-17
2018-01-19,3,47,167.89000000000004,181.82,358.5,191.0,2018-01-26
2018-01-27,3,47,187.12000000000006,188.15,364.8299999999999,178.0,2018-02-03
2018-02-04,3,47,183.52000000000004,198.19,374.87,192.0,2018-02-11
2018-02-12,3,47,192.75000000000003,196.95,373.64,181.0,2018-02-19
2018-02-20,3,47,188.63,197.01,373.68999999999994,186.0,2018-02-27
2018-02-27,3,47,211.35000000000002,225.11,401.78999999999996,191.0,2018-03-06
2018-03-06,3,47,210.97000000000003,229.2,405.88,195.0,2018-03-13
2018-03-13,3,47,210.51000000000005,230.54,407.22999999999996,197.0,2018-03-20
2018-03-20,3,47,210.70000000000005,228.93,405.60999999999996,195.0,2018-03-27
2018-03-28,3,47,184.29000000000005,210.41,387.09999999999997,203.0,2018-04-04
2018-01-01,3,48,373.74,422.38,835.45,462.0,2018-01-08
2018-01-10,3,48,389.3999999999999,427.72,840.79,452.0,2018-01-17
2018-01-19,3,48,379.01999999999987,427.67,840.74,462.0,2018-01-26
2018-01-27,3,48,425.9599999999998,440.64,853.72,428.0,2018-02-03
2018-02-04,3,48,418.1899999999998,458.1,871.17,453.0,2018-02-11
2018-02-12,3,48,438.3599999999998,461.05,874.12,436.0,2018-02-19
2018-02-20,3,48,431.4799999999998,458.89,871.96,441.0,2018-02-27
2018-02-27,3,48,483.2299999999998,513.39,926.46,444.0,2018-03-06
2018-03-06,3,48,483.4799999999998,521.59,934.6600000000001,452.0,2018-03-13
2018-03-13,3,48,483.5199999999998,525.45,938.52,456.0,2018-03-20
2018-03-20,3,48,483.70999999999987,524.91,937.99,455.0,2018-03-27
2018-03-28,3,48,422.6699999999999,482.68,895.76,474.0,2018-04-04
2018-01-01,3,49,212.78,239.3,473.24,261.0,2018-01-08
2018-01-10,3,49,224.89000000000007,240.42,474.36,250.0,2018-01-17
2018-01-19,3,49,218.87000000000006,243.27,477.21,259.0,2018-01-26
2018-01-27,3,49,245.74000000000007,252.08,486.03,241.0,2018-02-03
2018-02-04,3,49,242.69000000000005,260.36,494.3,252.0,2018-02-11
2018-02-12,3,49,252.56000000000003,258.6,492.54,240.0,2018-02-19
2018-02-20,3,49,248.54000000000002,259.78,493.71999999999997,246.0,2018-02-27
2018-02-27,3,49,277.84000000000003,297.5,531.44,254.0,2018-03-06
2018-03-06,3,49,277.42,301.65,535.5899999999999,259.0,2018-03-13
2018-03-13,3,49,277.85,303.69,537.63,260.0,2018-03-20
2018-03-20,3,49,277.26,304.62,538.56,262.0,2018-03-27
2018-03-28,3,49,242.94999999999996,277.0,510.94,268.0,2018-04-04
2018-01-01,3,50,478.35,522.37,1048.98,571.0,2018-01-08
2018-01-10,3,50,499.44999999999993,518.31,1044.92,546.0,2018-01-17
2018-01-19,3,50,481.68,522.88,1049.49,568.0,2018-01-26
2018-01-28,3,50,466.2000000000001,538.88,1065.49,600.0,2018-02-04
2018-02-05,3,50,556.0900000000001,566.0,1092.6100000000001,537.0,2018-02-12
2018-02-13,3,50,548.0100000000001,564.9,1091.51,544.0,2018-02-20
2018-02-21,3,50,547.6900000000002,562.12,1088.73,542.0,2018-02-28
2018-02-28,3,50,611.8500000000001,648.38,1174.99,564.0,2018-03-07
2018-03-07,3,50,611.7400000000001,654.03,1180.6399999999999,569.0,2018-03-14
2018-03-14,3,50,610.9800000000001,652.47,1179.08,569.0,2018-03-21
2018-03-21,3,50,611.7700000000001,648.67,1175.28,564.0,2018-03-28
2018-03-29,3,50,531.0400000000002,610.85,1137.46,607.0,2018-04-05
2018-01-01,4,1,146.25,168.97,330.6,185.0,2018-01-08
2018-01-10,4,1,155.26000000000002,173.59,335.21999999999997,180.0,2018-01-17
2018-01-18,4,1,172.81000000000003,174.02,335.65,163.0,2018-01-25
2018-01-26,4,1,171.74,177.64,339.27,168.0,2018-02-02
2018-02-03,4,1,168.2,185.25,346.88,179.0,2018-02-10
2018-02-11,4,1,166.44,184.8,346.43,180.0,2018-02-18
2018-02-19,4,1,175.13000000000002,187.88,349.51,175.0,2018-02-26
2018-02-26,4,1,193.39000000000001,208.17,369.79,177.0,2018-03-05
2018-03-04,4,1,214.02,215.96,377.59,164.0,2018-03-11
2018-03-11,4,1,193.2,215.88,377.51,185.0,2018-03-18
2018-03-18,4,1,193.45999999999998,217.3,378.93,186.0,2018-03-25
2018-03-26,4,1,172.60999999999999,192.78,354.40999999999997,182.0,2018-04-02
2018-01-01,4,2,393.47,447.09,881.0899999999999,488.0,2018-01-08
2018-01-10,4,2,406.51,442.87,876.87,471.0,2018-01-17
2018-01-19,4,2,398.15999999999997,440.79,874.79,477.0,2018-01-26
2018-01-27,4,2,447.91999999999996,459.71,893.71,446.0,2018-02-03
2018-02-04,4,2,439.54999999999995,475.75,909.75,471.0,2018-02-11
2018-02-12,4,2,461.89,485.31,919.31,458.0,2018-02-19
2018-02-20,4,2,453.91999999999996,476.28,910.28,457.0,2018-02-27
2018-02-27,4,2,507.21999999999997,538.9,972.9,466.0,2018-03-06
2018-03-06,4,2,506.9,543.24,977.24,471.0,2018-03-13
2018-03-13,4,2,507.2399999999999,545.93,979.9300000000001,473.0,2018-03-20
2018-03-20,4,2,506.89,543.18,977.1800000000001,471.0,2018-03-27
2018-03-28,4,2,444.36999999999995,506.61,940.6099999999999,497.0,2018-04-04
2018-01-01,4,3,246.45000000000005,278.99,550.3800000000001,304.0,2018-01-08
2018-01-10,4,3,258.82,282.82,554.21,296.0,2018-01-17
2018-01-18,4,3,286.47,288.26,559.6500000000001,274.0,2018-01-25
2018-01-26,4,3,283.34000000000003,285.76,557.1500000000001,274.0,2018-02-02
2018-02-03,4,3,278.97,307.13,578.52,300.0,2018-02-10
2018-02-11,4,3,276.99000000000007,310.29,581.6800000000001,305.0,2018-02-18
2018-02-19,4,3,289.88000000000005,311.08,582.48,293.0,2018-02-26
2018-02-26,4,3,320.1000000000001,345.06,616.45,297.0,2018-03-05
2018-03-04,4,3,356.13000000000005,356.86,628.25,273.0,2018-03-11
2018-03-11,4,3,320.56,358.71,630.1000000000001,310.0,2018-03-18
2018-03-18,4,3,320.15000000000003,362.57,633.96,314.0,2018-03-25
2018-03-26,4,3,285.21,319.72,591.1100000000001,306.0,2018-04-02
2018-01-01,4,4,146.8,185.57,349.15999999999997,203.0,2018-01-08
2018-01-09,4,4,175.37000000000003,193.61,357.2,182.0,2018-01-16
2018-01-17,4,4,174.49,193.96,357.54999999999995,184.0,2018-01-24
2018-01-25,4,4,174.03,193.36,356.95,183.0,2018-02-01
2018-02-01,4,4,195.39,210.61,374.2,179.0,2018-02-08
2018-02-08,4,4,195.52,208.06,371.64,177.0,2018-02-15
2018-02-15,4,4,196.20000000000005,206.52,370.11,174.0,2018-02-22
2018-02-22,4,4,195.41000000000003,215.29,378.87,184.0,2018-03-01
2018-02-28,4,4,226.42000000000002,244.02,407.61,182.0,2018-03-07
2018-03-06,4,4,224.63000000000002,242.98,406.57,182.0,2018-03-13
2018-03-12,4,4,223.63000000000002,244.7,408.28999999999996,185.0,2018-03-19
2018-03-18,4,4,220.19,242.16,405.75,186.0,2018-03-25
2018-03-24,4,4,230.71,239.37,402.96,173.0,2018-03-31
2018-01-01,4,5,124.31,141.6,278.73,155.0,2018-01-08
2018-01-10,4,5,135.46,142.22,279.35,144.0,2018-01-17
2018-01-19,4,5,132.89,141.57,278.7,146.0,2018-01-26
2018-01-27,4,5,147.22999999999996,147.37,284.5,138.0,2018-02-03
2018-02-04,4,5,144.93999999999997,150.8,287.94,144.0,2018-02-11
2018-02-13,4,5,135.95,151.7,288.83,153.0,2018-02-20
2018-02-21,4,5,148.9,150.21,287.34,139.0,2018-02-28
2018-02-28,4,5,165.77000000000004,171.28,308.40999999999997,143.0,2018-03-07
2018-03-07,4,5,165.56000000000003,173.28,310.42,145.0,2018-03-14
2018-03-14,4,5,165.35000000000002,173.93,311.06,146.0,2018-03-21
2018-03-21,4,5,165.49,172.11,309.25,144.0,2018-03-28
2018-03-29,4,5,145.23,165.19,302.33,158.0,2018-04-05
2018-01-01,4,6,391.37,429.19,859.54,469.0,2018-01-08
2018-01-10,4,6,408.4,425.38,855.74,448.0,2018-01-17
2018-01-19,4,6,398.0500000000001,430.2,860.55,463.0,2018-01-26
2018-01-28,4,6,384.7400000000001,446.45,876.81,493.0,2018-02-04
2018-02-05,4,6,457.8600000000002,459.05,889.4,432.0,2018-02-12
2018-02-13,4,6,450.7900000000002,462.78,893.1399999999999,443.0,2018-02-20
2018-02-21,4,6,451.1900000000001,460.82,891.17,440.0,2018-02-28
2018-02-28,4,6,501.75,524.08,954.4399999999998,453.0,2018-03-07
2018-03-07,4,6,502.06,529.73,960.0899999999999,459.0,2018-03-14
2018-03-14,4,6,502.71,526.62,956.98,455.0,2018-03-21
2018-03-21,4,6,502.47,528.99,959.3399999999999,457.0,2018-03-28
2018-03-29,4,6,436.09,501.78,932.1299999999999,497.0,2018-04-05
2018-01-01,4,7,393.29999999999995,436.21,869.23,476.0,2018-01-08
2018-01-10,4,7,410.84000000000003,430.21,863.23,453.0,2018-01-17
2018-01-19,4,7,402.51000000000005,435.03,868.04,466.0,2018-01-26
2018-01-28,4,7,386.18,450.92,883.94,498.0,2018-02-04
2018-02-05,4,7,460.23999999999995,463.2,896.22,436.0,2018-02-12
2018-02-13,4,7,453.98999999999995,469.76,902.78,449.0,2018-02-20
2018-02-21,4,7,453.02000000000004,465.6,898.6099999999999,446.0,2018-02-28
2018-02-28,4,7,505.81000000000006,533.45,966.46,461.0,2018-03-07
2018-03-07,4,7,505.74000000000007,532.79,965.8,461.0,2018-03-14
2018-03-14,4,7,506.3300000000001,531.62,964.63,459.0,2018-03-21
2018-03-21,4,7,506.1,531.37,964.38,459.0,2018-03-28
2018-03-29,4,7,439.33000000000004,505.38,938.4,500.0,2018-04-05
2018-01-01,4,8,517.5400000000001,576.54,1144.38,627.0,2018-01-08
2018-01-10,4,8,536.8199999999999,560.22,1128.06,592.0,2018-01-17
2018-01-19,4,8,523.19,561.88,1129.72,607.0,2018-01-26
2018-01-28,4,8,503.4200000000001,592.64,1160.48,658.0,2018-02-04
2018-02-06,4,8,537.9500000000002,604.43,1172.27,635.0,2018-02-13
2018-02-14,4,8,594.7100000000002,603.23,1171.0700000000002,577.0,2018-02-21
2018-02-22,4,8,590.2100000000002,621.19,1189.04,599.0,2018-03-01
2018-03-01,4,8,661.0600000000002,702.81,1270.6599999999999,610.0,2018-03-08
2018-03-08,4,8,661.3000000000002,707.72,1275.56,615.0,2018-03-15
2018-03-15,4,8,661.6300000000001,703.46,1271.3000000000002,610.0,2018-03-22
2018-03-22,4,8,661.2300000000001,712.01,1279.85,619.0,2018-03-29
2018-03-30,4,8,567.8100000000001,660.88,1228.73,661.0,2018-04-06
2018-01-01,4,9,344.25,391.21,771.6,428.0,2018-01-08
2018-01-10,4,9,358.32000000000005,389.65,770.03,412.0,2018-01-17
2018-01-19,4,9,347.4100000000001,392.43,772.81,426.0,2018-01-26
2018-01-27,4,9,391.7700000000001,404.48,784.87,394.0,2018-02-03
2018-02-04,4,9,387.0000000000001,421.56,801.94,415.0,2018-02-11
2018-02-12,4,9,404.03000000000014,426.83,807.22,404.0,2018-02-19
2018-02-20,4,9,397.34000000000015,424.49,804.88,408.0,2018-02-27
2018-02-27,4,9,445.1000000000002,481.98,862.37,418.0,2018-03-06
2018-03-06,4,9,445.36000000000024,485.53,865.9200000000001,421.0,2018-03-13
2018-03-13,4,9,445.0700000000002,490.44,870.8199999999999,426.0,2018-03-20
2018-03-20,4,9,444.8700000000001,487.68,868.06,424.0,2018-03-27
2018-03-28,4,9,389.70000000000016,444.61,824.99,436.0,2018-04-04
2018-01-01,4,10,490.5,548.68,1090.42,600.0,2018-01-08
2018-01-10,4,10,510.03000000000003,544.23,1085.97,576.0,2018-01-17
2018-01-19,4,10,494.76000000000005,531.79,1073.52,579.0,2018-01-26
2018-01-27,4,10,556.64,557.69,1099.42,543.0,2018-02-03
2018-02-04,4,10,544.86,591.56,1133.29,589.0,2018-02-11
2018-02-12,4,10,575.1500000000001,587.31,1129.04,554.0,2018-02-19
2018-02-20,4,10,564.3600000000001,583.03,1124.76,561.0,2018-02-27
2018-02-27,4,10,630.24,668.31,1210.05,580.0,2018-03-06
2018-03-06,4,10,629.8300000000002,681.6,1223.3400000000001,594.0,2018-03-13
2018-03-13,4,10,630.1200000000002,678.48,1220.21,591.0,2018-03-20
2018-03-20,4,10,630.5500000000003,678.86,1220.5900000000001,591.0,2018-03-27
2018-03-28,4,10,551.8700000000002,629.66,1171.3899999999999,620.0,2018-04-04
2018-01-01,4,11,465.87000000000006,544.79,1062.0900000000001,597.0,2018-01-08
2018-01-09,4,11,544.1000000000001,552.9,1070.21,527.0,2018-01-16
2018-01-17,4,11,543.1900000000002,550.35,1067.65,525.0,2018-01-24
2018-01-25,4,11,539.1600000000002,555.64,1072.95,534.0,2018-02-01
2018-02-02,4,11,527.2600000000001,593.68,1110.98,584.0,2018-02-09
2018-02-10,4,11,522.3399999999999,596.23,1113.5300000000002,592.0,2018-02-17
2018-02-18,4,11,517.9699999999999,596.07,1113.3700000000001,596.0,2018-02-25
2018-02-25,4,11,604.24,647.98,1165.2800000000002,562.0,2018-03-04
2018-03-04,4,11,604.6,684.91,1202.2200000000003,598.0,2018-03-11
2018-03-11,4,11,604.03,685.32,1202.6200000000001,599.0,2018-03-18
2018-03-18,4,11,604.05,687.18,1204.48,601.0,2018-03-25
2018-03-26,4,11,537.1099999999999,603.67,1120.9700000000003,584.0,2018-04-02
2018-01-01,4,12,465.19000000000005,527.93,1042.7000000000003,578.0,2018-01-08
2018-01-10,4,12,487.24000000000007,524.67,1039.44,553.0,2018-01-17
2018-01-19,4,12,467.96000000000015,529.36,1044.13,577.0,2018-01-26
2018-01-27,4,12,527.1400000000001,542.0,1056.77,530.0,2018-02-03
2018-02-04,4,12,516.7300000000001,579.08,1093.8600000000001,578.0,2018-02-11
2018-02-12,4,12,544.6000000000001,575.77,1090.54,546.0,2018-02-19
2018-02-20,4,12,533.7300000000001,573.4,1088.17,555.0,2018-02-27
2018-02-27,4,12,599.3400000000001,649.86,1164.64,566.0,2018-03-06
2018-03-06,4,12,599.48,669.09,1183.8600000000001,585.0,2018-03-13
2018-03-13,4,12,599.4,667.13,1181.91,583.0,2018-03-20
2018-03-20,4,12,599.2700000000001,666.16,1180.93,582.0,2018-03-27
2018-03-28,4,12,522.7300000000001,598.76,1113.54,591.0,2018-04-04
2018-01-01,4,13,560.49,655.52,1279.71,720.0,2018-01-08
2018-01-10,4,13,585.93,633.12,1257.31,672.0,2018-01-17
2018-01-18,4,13,649.8299999999999,653.69,1277.8700000000001,629.0,2018-01-25
2018-01-26,4,13,639.7899999999998,660.69,1284.88,646.0,2018-02-02
2018-02-03,4,13,630.8299999999999,690.32,1314.5100000000002,684.0,2018-02-10
2018-02-11,4,13,623.0299999999999,698.68,1322.8700000000001,700.0,2018-02-18
2018-02-19,4,13,655.4099999999999,692.66,1316.8500000000001,662.0,2018-02-26
2018-02-26,4,13,724.4599999999998,762.24,1386.43,662.0,2018-03-05
2018-03-05,4,13,723.9399999999998,800.52,1424.71,701.0,2018-03-12
2018-03-11,4,13,805.8199999999998,805.92,1430.1100000000001,625.0,2018-03-18
2018-03-18,4,13,724.6199999999999,796.69,1420.88,697.0,2018-03-25
2018-03-26,4,13,645.61,723.91,1348.1000000000001,703.0,2018-04-02
2018-01-01,4,14,393.87,433.17,867.02,474.0,2018-01-08
2018-01-10,4,14,412.67,431.6,865.46,453.0,2018-01-17
2018-01-19,4,14,398.5999999999999,438.23,872.0899999999999,474.0,2018-01-26
2018-01-27,4,14,449.0899999999999,449.34,883.19,435.0,2018-02-03
2018-02-04,4,14,441.0199999999999,468.63,902.49,462.0,2018-02-11
2018-02-12,4,14,461.56999999999994,470.55,904.4099999999999,443.0,2018-02-19
2018-02-20,4,14,453.42999999999995,468.62,902.48,450.0,2018-02-27
2018-02-27,4,14,506.76999999999987,522.8,956.6499999999999,450.0,2018-03-06
2018-03-06,4,14,505.9399999999998,532.88,966.74,461.0,2018-03-13
2018-03-13,4,14,506.02999999999975,537.16,971.01,465.0,2018-03-20
2018-03-20,4,14,505.8399999999997,533.99,967.8499999999999,463.0,2018-03-27
2018-03-28,4,14,446.0999999999998,505.81,939.6699999999998,494.0,2018-04-04
2018-01-01,4,15,587.2400000000001,656.77,1308.0500000000002,721.0,2018-01-08
2018-01-10,4,15,609.2,659.75,1311.02,702.0,2018-01-17
2018-01-19,4,15,595.21,660.75,1312.02,717.0,2018-01-26
2018-01-27,4,15,662.4000000000001,681.78,1333.0500000000002,671.0,2018-02-03
2018-02-04,4,15,656.5800000000002,706.27,1357.5500000000002,701.0,2018-02-11
2018-02-12,4,15,686.8200000000002,704.69,1355.9700000000003,670.0,2018-02-19
2018-02-20,4,15,676.7300000000002,700.08,1351.3600000000001,675.0,2018-02-27
2018-02-27,4,15,754.8300000000004,792.95,1444.23,690.0,2018-03-06
2018-03-06,4,15,755.0900000000004,801.26,1452.54,698.0,2018-03-13
2018-03-13,4,15,755.0300000000004,810.89,1462.17,708.0,2018-03-20
2018-03-20,4,15,755.3400000000005,800.97,1452.25,697.0,2018-03-27
2018-03-28,4,15,661.5000000000005,754.45,1405.7200000000003,745.0,2018-04-04
2018-01-01,4,16,174.83,185.04,375.72,201.0,2018-01-08
2018-01-11,4,16,165.84999999999997,183.02,373.68999999999994,208.0,2018-01-18
2018-01-20,4,16,180.11999999999995,183.34,374.02,194.0,2018-01-27
2018-01-29,4,16,185.02999999999997,194.77,385.44999999999993,201.0,2018-02-05
2018-02-07,4,16,183.48,199.31,389.98,207.0,2018-02-14
2018-02-16,4,16,179.36999999999995,199.89,390.55999999999995,212.0,2018-02-23
2018-02-24,4,16,201.25999999999996,215.84,406.51,206.0,2018-03-03
2018-03-03,4,16,226.98,230.95,421.62,195.0,2018-03-10
2018-03-10,4,16,226.6,232.12,422.78999999999996,197.0,2018-03-17
2018-03-17,4,16,227.03999999999994,231.08,421.76,195.0,2018-03-24
2018-03-24,4,16,226.49999999999994,234.08,424.75,199.0,2018-03-31
2018-01-01,4,17,220.66,234.75,476.67,257.0,2018-01-08
2018-01-11,4,17,209.32999999999996,227.67,469.59000000000003,261.0,2018-01-18
2018-01-20,4,17,229.79999999999998,230.05,471.98,243.0,2018-01-27
2018-01-29,4,17,235.03999999999994,243.73,485.65999999999997,251.0,2018-02-05
2018-02-07,4,17,232.3999999999999,245.35,487.28,255.0,2018-02-14
2018-02-16,4,17,227.18999999999986,248.3,490.22,264.0,2018-02-23
2018-02-24,4,17,254.7699999999999,261.89,503.81,250.0,2018-03-03
2018-03-04,4,17,248.0999999999999,281.87,523.79,276.0,2018-03-11
2018-03-12,4,17,259.0699999999998,283.84,525.77,267.0,2018-03-19
2018-03-20,4,17,254.84999999999982,282.83,524.75,270.0,2018-03-27
2018-03-28,4,17,254.98999999999978,286.3,528.22,274.0,2018-04-04
2018-01-01,4,18,560.95,620.58,1241.9,681.0,2018-01-08
2018-01-10,4,18,593.3100000000001,609.74,1231.06,638.0,2018-01-17
2018-01-19,4,18,572.23,615.16,1236.48,665.0,2018-01-26
2018-01-28,4,18,548.9499999999999,641.34,1262.65,714.0,2018-02-04
2018-02-06,4,18,586.4199999999998,656.5,1277.81,692.0,2018-02-13
2018-02-14,4,18,649.5799999999999,660.39,1281.71,633.0,2018-02-21
2018-02-22,4,18,642.43,673.74,1295.0500000000002,653.0,2018-03-01
2018-03-01,4,18,721.76,754.62,1375.9299999999998,655.0,2018-03-08
2018-03-08,4,18,722.2200000000001,752.74,1374.0500000000002,652.0,2018-03-15
2018-03-15,4,18,721.5600000000002,753.93,1375.25,654.0,2018-03-22
2018-03-22,4,18,721.7100000000002,751.96,1373.27,652.0,2018-03-29
2018-03-30,4,18,623.4500000000002,721.38,1342.6999999999998,720.0,2018-04-06
2018-01-01,4,19,270.09,307.19,606.02,336.0,2018-01-08
2018-01-10,4,19,284.55999999999995,307.28,606.1099999999999,322.0,2018-01-17
2018-01-19,4,19,277.6699999999999,306.89,605.72,329.0,2018-01-26
2018-01-27,4,19,311.3599999999999,318.37,617.2,306.0,2018-02-03
2018-02-04,4,19,304.15999999999985,334.24,633.0699999999999,329.0,2018-02-11
2018-02-12,4,19,319.2499999999999,334.05,632.88,314.0,2018-02-19
2018-02-20,4,19,314.2399999999999,334.41,633.23,319.0,2018-02-27
2018-02-27,4,19,351.1499999999999,380.93,679.75,329.0,2018-03-06
2018-03-06,4,19,351.53999999999996,387.58,686.41,335.0,2018-03-13
2018-03-13,4,19,351.27,391.72,690.54,340.0,2018-03-20
2018-03-20,4,19,351.87,387.39,686.21,335.0,2018-03-27
2018-03-28,4,19,307.47999999999996,351.14,649.97,343.0,2018-04-04
2018-01-01,4,20,320.93,335.48,686.1800000000001,366.0,2018-01-08
2018-01-11,4,20,299.53,335.96,686.66,388.0,2018-01-18
2018-01-20,4,20,323.05999999999995,337.82,688.53,366.0,2018-01-27
2018-01-29,4,20,333.40999999999997,357.69,708.39,375.0,2018-02-05
2018-02-07,4,20,328.1899999999999,366.1,716.8,389.0,2018-02-14
2018-02-15,4,20,365.3999999999999,365.93,716.63,352.0,2018-02-22
2018-02-23,4,20,364.1299999999999,382.46,733.16,370.0,2018-03-02
2018-03-02,4,20,411.2399999999999,421.04,771.74,361.0,2018-03-09
2018-03-09,4,20,410.76999999999987,425.71,776.41,366.0,2018-03-16
2018-03-16,4,20,410.6299999999999,425.75,776.45,366.0,2018-03-23
2018-03-23,4,20,410.44999999999993,425.12,775.8199999999999,366.0,2018-03-30
2018-03-31,4,20,350.21,410.28,760.98,411.0,2018-04-07
2018-01-01,4,21,271.26000000000005,298.95,596.6000000000001,326.0,2018-01-08
2018-01-10,4,21,283.1900000000001,302.89,600.53,318.0,2018-01-17
2018-01-19,4,21,276.3700000000001,304.28,601.9300000000001,326.0,2018-01-26
2018-01-27,4,21,309.8600000000001,314.8,612.44,303.0,2018-02-03
2018-02-04,4,21,302.24000000000007,330.53,628.1700000000001,326.0,2018-02-11
2018-02-12,4,21,317.1500000000001,329.97,627.6200000000001,311.0,2018-02-19
2018-02-20,4,21,313.14000000000004,331.5,629.1500000000001,317.0,2018-02-27
2018-02-27,4,21,350.04,378.03,675.6800000000001,326.0,2018-03-06
2018-03-06,4,21,349.41,383.63,681.27,332.0,2018-03-13
2018-03-13,4,21,349.19000000000005,389.33,686.97,338.0,2018-03-20
2018-03-20,4,21,349.26000000000005,387.71,685.3500000000001,337.0,2018-03-27
2018-03-28,4,21,305.65000000000003,349.05,646.69,342.0,2018-04-04
2018-01-01,4,22,538.6199999999999,600.23,1194.82,657.0,2018-01-08
2018-01-10,4,22,560.1399999999999,591.21,1185.79,626.0,2018-01-17
2018-01-19,4,22,543.5999999999999,596.46,1191.04,648.0,2018-01-26
2018-01-27,4,22,609.39,611.88,1206.46,598.0,2018-02-03
2018-02-04,4,22,598.1100000000001,637.4,1231.98,634.0,2018-02-11
2018-02-12,4,22,627.5300000000001,638.35,1232.9299999999998,606.0,2018-02-19
2018-02-20,4,22,617.35,639.45,1234.04,617.0,2018-02-27
2018-02-27,4,22,689.5600000000001,722.45,1317.0299999999997,628.0,2018-03-06
2018-03-06,4,22,689.77,735.75,1330.33,641.0,2018-03-13
2018-03-13,4,22,689.6899999999998,739.22,1333.7999999999997,645.0,2018-03-20
2018-03-20,4,22,690.1499999999999,732.57,1327.1499999999999,637.0,2018-03-27
2018-03-27,4,22,689.2499999999999,689.28,1283.86,595.0,2018-04-03
2018-01-01,4,23,196.52,217.68,433.69999999999993,238.0,2018-01-08
2018-01-10,4,23,207.58,217.99,434.0,227.0,2018-01-17
2018-01-19,4,23,204.91000000000003,216.3,432.30999999999995,228.0,2018-01-26
2018-01-28,4,23,197.78000000000006,228.76,444.78,247.0,2018-02-04
2018-02-05,4,23,233.37000000000006,234.27,450.28,217.0,2018-02-12
2018-02-13,4,23,229.67000000000002,234.3,450.30999999999995,221.0,2018-02-20
2018-02-21,4,23,229.69000000000003,236.04,452.05999999999995,223.0,2018-02-28
2018-02-28,4,23,256.17,268.99,485.0,229.0,2018-03-07
2018-03-07,4,23,255.69000000000005,269.02,485.03,230.0,2018-03-14
2018-03-14,4,23,256.20000000000005,272.28,488.3,233.0,2018-03-21
2018-03-21,4,23,256.44000000000005,272.19,488.21,232.0,2018-03-28
2018-03-29,4,23,223.04000000000008,255.52,471.53999999999996,249.0,2018-04-05
2018-01-01,4,24,440.51,484.13,969.86,530.0,2018-01-08
2018-01-10,4,24,457.2900000000001,491.13,976.86,520.0,2018-01-17
2018-01-19,4,24,447.92,486.49,972.23,525.0,2018-01-26
2018-01-28,4,24,432.46000000000004,503.29,989.03,557.0,2018-02-04
2018-02-05,4,24,515.71,525.29,1011.02,496.0,2018-02-12
2018-02-13,4,24,508.23,526.18,1011.91,504.0,2018-02-20
2018-02-21,4,24,507.54,525.19,1010.92,504.0,2018-02-28
2018-02-28,4,24,566.0300000000001,601.11,1086.8400000000001,521.0,2018-03-07
2018-03-07,4,24,565.6000000000001,606.14,1091.87,527.0,2018-03-14
2018-03-14,4,24,566.1300000000002,608.05,1093.78,528.0,2018-03-21
2018-03-21,4,24,565.7400000000002,601.56,1087.29,522.0,2018-03-28
2018-03-29,4,24,491.91000000000037,565.43,1051.1599999999999,560.0,2018-04-05
2018-01-01,4,25,543.52,598.63,1196.22,653.0,2018-01-08
2018-01-10,4,25,563.8499999999999,598.48,1196.0700000000002,633.0,2018-01-17
2018-01-19,4,25,546.1,608.39,1205.98,660.0,2018-01-26
2018-01-27,4,25,612.31,616.33,1213.92,602.0,2018-02-03
2018-02-04,4,25,600.67,642.2,1239.79,640.0,2018-02-11
2018-02-12,4,25,632.74,640.99,1238.58,606.0,2018-02-19
2018-02-20,4,25,621.87,643.97,1241.56,620.0,2018-02-27
2018-02-27,4,25,693.6199999999999,727.51,1325.1,632.0,2018-03-06
2018-03-06,4,25,693.8399999999998,740.32,1337.91,645.0,2018-03-13
2018-03-13,4,25,694.2499999999998,740.89,1338.48,645.0,2018-03-20
2018-03-20,4,25,694.0899999999998,736.96,1334.5500000000002,641.0,2018-03-27
2018-03-28,4,25,609.2699999999998,693.34,1290.93,682.0,2018-04-04
2018-01-01,4,26,318.86,352.78,703.76,385.0,2018-01-08
2018-01-10,4,26,335.19,355.04,706.02,371.0,2018-01-17
2018-01-19,4,26,326.00999999999993,351.1,702.08,377.0,2018-01-26
2018-01-28,4,26,318.94,370.91,721.8900000000001,403.0,2018-02-04
2018-02-05,4,26,374.76000000000005,385.33,736.31,362.0,2018-02-12
2018-02-13,4,26,369.11000000000007,386.71,737.69,369.0,2018-02-20
2018-02-21,4,26,369.43000000000006,386.13,737.11,368.0,2018-02-28
2018-02-28,4,26,411.92,443.56,794.54,383.0,2018-03-07
2018-03-07,4,26,411.99,448.29,799.27,388.0,2018-03-14
2018-03-14,4,26,412.31,448.52,799.5,388.0,2018-03-21
2018-03-21,4,26,412.42,447.89,798.87,387.0,2018-03-28
2018-03-29,4,26,356.39,411.58,762.56,407.0,2018-04-05
2018-01-01,4,27,147.95000000000002,162.68,325.08000000000004,178.0,2018-01-08
2018-01-10,4,27,158.00000000000003,166.04,328.44,171.0,2018-01-17
2018-01-19,4,27,155.31,166.13,328.53,174.0,2018-01-26
2018-01-28,4,27,150.2,173.67,336.07,186.0,2018-02-04
2018-02-05,4,27,176.68999999999994,179.47,341.87,166.0,2018-02-12
2018-02-13,4,27,175.05999999999995,181.42,343.82,169.0,2018-02-20
2018-02-21,4,27,174.30999999999997,179.78,342.18,168.0,2018-02-28
2018-02-28,4,27,193.61,207.12,369.52,176.0,2018-03-07
2018-03-07,4,27,193.56,205.43,367.83000000000004,175.0,2018-03-14
2018-03-14,4,27,194.19,207.39,369.78999999999996,176.0,2018-03-21
2018-03-21,4,27,193.87,205.32,367.72,174.0,2018-03-28
2018-03-29,4,27,168.45999999999998,193.47,355.87,188.0,2018-04-05
2018-01-01,4,28,587.85,648.7,1299.07,712.0,2018-01-08
2018-01-10,4,28,613.97,645.52,1295.9,682.0,2018-01-17
2018-01-19,4,28,597.0400000000001,650.7,1301.07,705.0,2018-01-26
2018-01-28,4,28,577.67,673.69,1324.06,747.0,2018-02-04
2018-02-05,4,28,688.7499999999999,695.01,1345.38,657.0,2018-02-12
2018-02-13,4,28,676.1899999999998,698.28,1348.65,673.0,2018-02-20
2018-02-21,4,28,678.1999999999998,694.83,1345.1999999999998,667.0,2018-02-28
2018-02-28,4,28,755.0299999999999,798.76,1449.13,695.0,2018-03-07
2018-03-07,4,28,755.9499999999998,808.2,1458.57,703.0,2018-03-14
2018-03-14,4,28,755.4199999999998,806.79,1457.1599999999999,702.0,2018-03-21
2018-03-21,4,28,755.2999999999998,803.17,1453.54,699.0,2018-03-28
2018-03-29,4,28,657.9199999999997,755.04,1405.4099999999999,748.0,2018-04-05
2018-01-01,4,29,467.63000000000005,514.26,1029.18,562.0,2018-01-08
2018-01-10,4,29,483.8900000000001,521.13,1036.0500000000002,553.0,2018-01-17
2018-01-19,4,29,472.94,519.55,1034.47,562.0,2018-01-26
2018-01-27,4,29,530.9300000000001,535.06,1049.99,520.0,2018-02-03
2018-02-04,4,29,522.1100000000001,568.79,1083.71,562.0,2018-02-11
2018-02-12,4,29,547.2600000000001,565.94,1080.8600000000001,534.0,2018-02-19
2018-02-20,4,29,539.04,564.4,1079.3200000000002,541.0,2018-02-27
2018-02-27,4,29,601.4699999999999,636.75,1151.68,551.0,2018-03-06
2018-03-06,4,29,601.5399999999998,646.83,1161.75,561.0,2018-03-13
2018-03-13,4,29,601.5299999999999,645.26,1160.18,559.0,2018-03-20
2018-03-20,4,29,601.0899999999998,646.68,1161.6000000000001,561.0,2018-03-27
2018-03-28,4,29,527.1699999999998,600.73,1115.66,589.0,2018-04-04
2018-01-01,4,30,271.12,306.26,605.1700000000001,335.0,2018-01-08
2018-01-10,4,30,284.65000000000003,304.32,603.22,319.0,2018-01-17
2018-01-19,4,30,278.1,304.21,603.1200000000001,326.0,2018-01-26
2018-01-27,4,30,311.84,317.02,615.9200000000001,305.0,2018-02-03
2018-02-04,4,30,303.98999999999995,331.08,629.98,326.0,2018-02-11
2018-02-12,4,30,318.5999999999999,331.87,630.78,313.0,2018-02-19
2018-02-20,4,30,314.1099999999999,333.1,632.0,318.0,2018-02-27
2018-02-27,4,30,350.6899999999999,379.8,678.7,329.0,2018-03-06
2018-03-06,4,30,351.55999999999995,385.22,684.1200000000001,333.0,2018-03-13
2018-03-13,4,30,351.01,389.09,688.0,337.0,2018-03-20
2018-03-20,4,30,350.56999999999994,387.83,686.73,337.0,2018-03-27
2018-03-28,4,30,307.09999999999997,350.56,649.47,343.0,2018-04-04
2018-01-01,4,31,390.90000000000003,446.23,877.71,487.0,2018-01-08
2018-01-10,4,31,403.61,440.29,871.77,469.0,2018-01-17
2018-01-19,4,31,394.0699999999999,444.35,875.8199999999999,482.0,2018-01-26
2018-01-27,4,31,441.7499999999999,458.4,889.88,449.0,2018-02-03
2018-02-04,4,31,435.4399999999999,477.11,908.5799999999999,474.0,2018-02-11
2018-02-12,4,31,456.63999999999993,484.33,915.8,460.0,2018-02-19
2018-02-20,4,31,448.6199999999999,480.85,912.3199999999999,464.0,2018-02-27
2018-02-27,4,31,502.03,539.53,971.01,469.0,2018-03-06
2018-03-06,4,31,501.76999999999987,543.9,975.38,474.0,2018-03-13
2018-03-13,4,31,502.1399999999998,548.16,979.64,478.0,2018-03-20
2018-03-20,4,31,502.2399999999998,545.13,976.6,475.0,2018-03-27
2018-03-28,4,31,438.3199999999997,501.74,933.22,495.0,2018-04-04
2018-01-01,4,32,293.42,327.36,651.6,359.0,2018-01-08
2018-01-10,4,32,310.25000000000006,329.7,653.94,344.0,2018-01-17
2018-01-19,4,32,301.45000000000005,330.49,654.73,354.0,2018-01-26
2018-01-27,4,32,338.28999999999996,343.43,667.6700000000001,330.0,2018-02-03
2018-02-04,4,32,330.17,360.63,684.87,355.0,2018-02-11
2018-02-12,4,32,346.79999999999995,363.83,688.0699999999999,342.0,2018-02-19
2018-02-20,4,32,340.97999999999996,362.76,687.0,347.0,2018-02-27
2018-02-27,4,32,381.98,414.74,738.97,357.0,2018-03-06
2018-03-06,4,32,380.97999999999996,418.13,742.37,362.0,2018-03-13
2018-03-13,4,32,381.5899999999999,424.26,748.5,367.0,2018-03-20
2018-03-20,4,32,381.06999999999994,421.68,745.9200000000001,365.0,2018-03-27
2018-03-28,4,32,333.40999999999985,380.98,705.22,372.0,2018-04-04
2018-01-01,4,33,470.29,513.04,1028.52,559.0,2018-01-08
2018-01-10,4,33,487.98000000000013,510.43,1025.91,538.0,2018-01-17
2018-01-19,4,33,469.8600000000002,510.31,1025.79,556.0,2018-01-26
2018-01-27,4,33,527.4800000000002,528.84,1044.33,517.0,2018-02-03
2018-02-04,4,33,520.1600000000002,561.25,1076.73,557.0,2018-02-11
2018-02-12,4,33,544.9800000000001,557.91,1073.3899999999999,529.0,2018-02-19
2018-02-20,4,33,536.6,554.93,1070.41,534.0,2018-02-27
2018-02-27,4,33,598.4200000000001,628.65,1144.1399999999999,546.0,2018-03-06
2018-03-06,4,33,598.5300000000002,639.03,1154.51,556.0,2018-03-13
2018-03-13,4,33,598.2600000000002,635.22,1150.71,553.0,2018-03-20
2018-03-20,4,33,598.7900000000002,636.18,1151.6599999999999,553.0,2018-03-27
2018-03-28,4,33,524.9000000000001,598.25,1113.74,589.0,2018-04-04
2018-01-01,4,34,172.09,198.24,388.36,217.0,2018-01-08
2018-01-10,4,34,184.79000000000002,200.55,390.67,206.0,2018-01-17
2018-01-19,4,34,179.11000000000004,199.71,389.82,211.0,2018-01-26
2018-01-27,4,34,200.43000000000004,209.25,399.37,199.0,2018-02-03
2018-02-04,4,34,196.38000000000005,214.62,404.74,209.0,2018-02-11
2018-02-12,4,34,206.75000000000006,215.74,405.85,200.0,2018-02-19
2018-02-20,4,34,203.58000000000004,216.24,406.36,203.0,2018-02-27
2018-02-27,4,34,226.77000000000004,245.41,435.53000000000003,209.0,2018-03-06
2018-03-06,4,34,226.79000000000005,247.58,437.7,211.0,2018-03-13
2018-03-13,4,34,226.63000000000002,251.01,441.12,215.0,2018-03-20
2018-03-20,4,34,227.05,247.65,437.77,211.0,2018-03-27
2018-03-28,4,34,199.03,226.53,416.65000000000003,218.0,2018-04-04
2018-01-01,4,35,441.45000000000005,473.2,957.26,516.0,2018-01-08
2018-01-10,4,35,460.5800000000001,469.6,953.6500000000001,494.0,2018-01-17
2018-01-19,4,35,452.69000000000017,474.03,958.08,506.0,2018-01-26
2018-01-28,4,35,436.91000000000014,493.4,977.45,541.0,2018-02-04
2018-02-06,4,35,459.84000000000015,503.09,987.1500000000001,528.0,2018-02-13
2018-02-14,4,35,507.53000000000014,513.28,997.33,490.0,2018-02-21
2018-02-22,4,35,504.96000000000004,519.83,1003.8800000000001,499.0,2018-03-01
2018-03-01,4,35,565.2100000000002,586.48,1070.5300000000002,506.0,2018-03-08
2018-03-08,4,35,565.8100000000001,589.05,1073.1100000000001,508.0,2018-03-15
2018-03-15,4,35,565.8300000000002,590.57,1074.6200000000001,509.0,2018-03-22
2018-03-22,4,35,565.3400000000001,589.74,1073.79,509.0,2018-03-29
2018-03-30,4,35,488.3700000000002,565.12,1049.17,561.0,2018-04-06
2018-01-01,4,36,514.13,593.66,1164.3,651.0,2018-01-08
2018-01-10,4,36,535.4300000000001,584.48,1155.12,620.0,2018-01-17
2018-01-18,4,36,592.47,595.28,1165.92,574.0,2018-01-25
2018-01-26,4,36,586.94,596.67,1167.31,581.0,2018-02-02
2018-02-03,4,36,576.2300000000001,632.69,1203.33,628.0,2018-02-10
2018-02-11,4,36,571.4000000000001,634.16,1204.8,634.0,2018-02-18
2018-02-19,4,36,600.4599999999999,635.94,1206.58,607.0,2018-02-26
2018-02-26,4,36,663.8,706.23,1276.87,614.0,2018-03-05
2018-03-05,4,36,663.8499999999999,732.57,1303.2199999999998,640.0,2018-03-12
2018-03-11,4,36,735.2299999999999,737.45,1308.09,573.0,2018-03-18
2018-03-18,4,36,663.0699999999999,729.19,1299.83,637.0,2018-03-25
2018-03-26,4,36,591.17,662.92,1233.56,643.0,2018-04-02
2018-01-01,4,37,196.75,215.8,431.61,235.0,2018-01-08
2018-01-10,4,37,209.50000000000003,218.15,433.96000000000004,225.0,2018-01-17
2018-01-19,4,37,205.01000000000005,212.44,428.25,224.0,2018-01-26
2018-01-28,4,37,197.96000000000006,227.48,443.28999999999996,246.0,2018-02-04
2018-02-06,4,37,208.72000000000008,233.02,448.84000000000003,241.0,2018-02-13
2018-02-14,4,37,230.53000000000006,233.44,449.25,219.0,2018-02-21
2018-02-22,4,37,228.56000000000006,238.98,454.78999999999996,227.0,2018-03-01
2018-03-01,4,37,256.3700000000001,269.06,484.88,229.0,2018-03-08
2018-03-08,4,37,256.08000000000015,266.47,482.28000000000003,227.0,2018-03-15
2018-03-15,4,37,256.4200000000002,271.09,486.90000000000003,231.0,2018-03-22
2018-03-22,4,37,256.11000000000024,271.21,487.02,231.0,2018-03-29
2018-03-30,4,37,220.03000000000026,255.59,471.4,252.0,2018-04-06
2018-01-01,4,38,535.48,602.0,1196.43,661.0,2018-01-08
2018-01-10,4,38,558.42,598.02,1192.46,635.0,2018-01-17
2018-01-19,4,38,546.2700000000001,599.49,1193.92,648.0,2018-01-26
2018-01-27,4,38,611.6800000000001,612.95,1207.3899999999999,596.0,2018-02-03
2018-02-04,4,38,596.32,634.73,1229.1599999999999,633.0,2018-02-11
2018-02-12,4,38,628.9200000000001,640.96,1235.4,607.0,2018-02-19
2018-02-20,4,38,618.7,640.32,1234.76,617.0,2018-02-27
2018-02-27,4,38,691.5400000000001,723.96,1318.3899999999999,627.0,2018-03-06
2018-03-06,4,38,690.75,735.92,1330.3600000000001,640.0,2018-03-13
2018-03-13,4,38,691.0,740.69,1335.13,645.0,2018-03-20
2018-03-20,4,38,691.49,734.08,1328.51,638.0,2018-03-27
2018-03-28,4,38,606.99,690.6,1285.04,679.0,2018-04-04
2018-01-01,4,39,294.09999999999997,330.66,655.67,362.0,2018-01-08
2018-01-10,4,39,309.68,327.43,652.44,343.0,2018-01-17
2018-01-19,4,39,300.19,330.49,655.5,356.0,2018-01-26
2018-01-27,4,39,338.31000000000006,343.27,668.27,330.0,2018-02-03
2018-02-04,4,39,329.9100000000001,360.42,685.43,356.0,2018-02-11
2018-02-12,4,39,347.23,362.63,687.63,341.0,2018-02-19
2018-02-20,4,39,340.90999999999997,362.04,687.05,347.0,2018-02-27
2018-02-27,4,39,381.90999999999997,414.02,739.02,358.0,2018-03-06
2018-03-06,4,39,381.9099999999999,417.42,742.42,361.0,2018-03-13
2018-03-13,4,39,381.51999999999987,423.55,748.55,368.0,2018-03-20
2018-03-20,4,39,381.9999999999999,420.96,745.97,364.0,2018-03-27
2018-03-28,4,39,333.3399999999998,381.01,706.02,373.0,2018-04-04
2018-01-01,4,40,194.37,222.96,437.79,244.0,2018-01-08
2018-01-10,4,40,205.88000000000002,221.37,436.20000000000005,231.0,2018-01-17
2018-01-19,4,40,203.39,220.73,435.56,233.0,2018-01-26
2018-01-27,4,40,226.71,229.59,444.42,218.0,2018-02-03
2018-02-04,4,40,221.62999999999994,238.48,453.31,232.0,2018-02-11
2018-02-12,4,40,233.51999999999995,237.4,452.23,219.0,2018-02-19
2018-02-20,4,40,228.69999999999996,238.94,453.77,226.0,2018-02-27
2018-02-27,4,40,255.82,269.89,484.72,229.0,2018-03-06
2018-03-06,4,40,254.99000000000004,271.29,486.12,232.0,2018-03-13
2018-03-13,4,40,255.77,275.25,490.08000000000004,235.0,2018-03-20
2018-03-20,4,40,255.58000000000004,275.32,490.15,235.0,2018-03-27
2018-03-28,4,40,224.80000000000004,254.88,469.71000000000004,245.0,2018-04-04
2018-01-01,4,41,147.50000000000003,171.47,334.92,188.0,2018-01-08
2018-01-10,4,41,156.41,174.55,338.0,182.0,2018-01-17
2018-01-19,4,41,153.94000000000003,174.98,338.43,185.0,2018-01-26
2018-01-27,4,41,172.49000000000004,181.9,345.35,173.0,2018-02-03
2018-02-04,4,41,168.12,189.35,352.8,185.0,2018-02-11
2018-02-12,4,41,176.79999999999998,193.09,356.54,180.0,2018-02-19
2018-02-20,4,41,173.71999999999997,192.06,355.51,182.0,2018-02-27
2018-02-27,4,41,195.0,217.88,381.33000000000004,187.0,2018-03-06
2018-03-06,4,41,195.44999999999996,220.03,383.48,189.0,2018-03-13
2018-03-12,4,41,221.67999999999995,224.71,388.15000000000003,167.0,2018-03-19
2018-03-18,4,41,217.00999999999993,221.42,384.87,168.0,2018-03-25
2018-03-26,4,41,173.8999999999999,194.77,358.22,185.0,2018-04-02
2018-01-01,4,42,247.31000000000003,263.61,534.03,287.0,2018-01-08
2018-01-10,4,42,258.63000000000005,264.96,535.3700000000001,277.0,2018-01-17
2018-01-19,4,42,254.99000000000007,264.44,534.86,280.0,2018-01-26
2018-01-28,4,42,245.93000000000006,277.92,548.3299999999999,303.0,2018-02-04
2018-02-06,4,42,258.09,286.87,557.28,300.0,2018-02-13
2018-02-14,4,42,286.7799999999999,288.34,558.75,272.0,2018-02-21
2018-02-22,4,42,283.9899999999999,294.35,564.76,281.0,2018-03-01
2018-03-01,4,42,317.8599999999999,331.47,601.8800000000001,285.0,2018-03-08
2018-03-08,4,42,318.60999999999984,329.9,600.31,282.0,2018-03-15
2018-03-15,4,42,317.9299999999998,332.54,602.95,286.0,2018-03-22
2018-03-22,4,42,318.61999999999983,334.55,604.97,287.0,2018-03-29
2018-03-30,4,42,274.64999999999986,317.62,588.03,314.0,2018-04-06
2018-01-01,4,43,345.32000000000005,390.03,770.1199999999999,425.0,2018-01-08
2018-01-10,4,43,357.64000000000004,391.88,771.97,415.0,2018-01-17
2018-01-19,4,43,348.39000000000004,390.35,770.4399999999999,423.0,2018-01-26
2018-01-27,4,43,393.93000000000006,404.86,784.9499999999999,392.0,2018-02-03
2018-02-04,4,43,385.84000000000015,417.05,797.1399999999999,412.0,2018-02-11
2018-02-12,4,43,404.4000000000002,424.64,804.74,401.0,2018-02-19
2018-02-20,4,43,397.2800000000002,423.67,803.76,407.0,2018-02-27
2018-02-27,4,43,444.8800000000003,479.33,859.43,415.0,2018-03-06
2018-03-06,4,43,444.83000000000027,483.89,863.99,420.0,2018-03-13
2018-03-13,4,43,445.2200000000003,489.22,869.31,425.0,2018-03-20
2018-03-20,4,43,445.28000000000026,484.6,864.6899999999999,420.0,2018-03-27
2018-03-28,4,43,389.22000000000025,444.39,824.49,436.0,2018-04-04
2018-01-01,4,44,197.4,222.87,440.43,244.0,2018-01-08
2018-01-10,4,44,207.89000000000001,223.02,440.59,233.0,2018-01-17
2018-01-19,4,44,203.91000000000003,223.98,441.55,238.0,2018-01-26
2018-01-27,4,44,228.09000000000003,232.5,450.06,222.0,2018-02-03
2018-02-04,4,44,222.78000000000003,239.21,456.78000000000003,234.0,2018-02-11
2018-02-12,4,44,234.60000000000002,241.54,459.11,225.0,2018-02-19
2018-02-20,4,44,230.50000000000006,241.38,458.94,229.0,2018-02-27
2018-02-27,4,44,257.48000000000013,270.87,488.43,231.0,2018-03-06
2018-03-06,4,44,256.98000000000013,275.27,492.83,236.0,2018-03-13
2018-03-13,4,44,257.0600000000001,277.77,495.34,239.0,2018-03-20
2018-03-20,4,44,257.6400000000001,277.06,494.62,237.0,2018-03-27
2018-03-28,4,44,226.4200000000001,256.93,474.5,249.0,2018-04-04
2018-01-01,4,45,538.28,585.91,1180.0,642.0,2018-01-08
2018-01-10,4,45,567.39,587.16,1181.25,614.0,2018-01-17
2018-01-19,4,45,546.81,581.02,1175.12,629.0,2018-01-26
2018-01-28,4,45,533.6099999999999,606.86,1200.95,668.0,2018-02-04
2018-02-06,4,45,564.1199999999998,618.94,1213.04,649.0,2018-02-13
2018-02-15,4,45,549.9099999999997,618.63,1212.72,663.0,2018-02-22
2018-02-23,4,45,613.4199999999997,646.71,1240.8,628.0,2018-03-02
2018-03-02,4,45,691.4999999999998,713.54,1307.63,617.0,2018-03-09
2018-03-09,4,45,691.7399999999998,720.4,1314.49,623.0,2018-03-16
2018-03-16,4,45,691.1299999999998,711.94,1306.04,615.0,2018-03-23
2018-03-23,4,45,690.9699999999998,720.15,1314.25,624.0,2018-03-30
2018-03-31,4,45,592.1699999999998,690.9,1284.99,693.0,2018-04-07
2018-01-01,4,46,391.14000000000004,445.66,877.63,487.0,2018-01-08
2018-01-10,4,46,407.1600000000001,437.75,869.72,463.0,2018-01-17
2018-01-19,4,46,394.6200000000001,444.05,876.02,482.0,2018-01-26
2018-01-27,4,46,444.8300000000001,459.29,891.26,447.0,2018-02-03
2018-02-04,4,46,438.7000000000001,476.09,908.06,470.0,2018-02-11
2018-02-12,4,46,459.4400000000001,485.95,917.9200000000001,459.0,2018-02-19
2018-02-20,4,46,451.61000000000007,478.02,909.99,459.0,2018-02-27
2018-02-27,4,46,504.9100000000001,538.66,970.63,466.0,2018-03-06
2018-03-06,4,46,504.56000000000006,544.44,976.4100000000001,472.0,2018-03-13
2018-03-13,4,46,504.45000000000005,546.71,978.6800000000001,475.0,2018-03-20
2018-03-20,4,46,505.07000000000016,540.73,972.7,468.0,2018-03-27
2018-03-28,4,46,441.6100000000002,504.29,936.26,495.0,2018-04-04
2018-01-01,4,47,147.38,173.25,336.28,189.0,2018-01-08
2018-01-09,4,47,175.45999999999998,177.05,340.08000000000004,165.0,2018-01-16
2018-01-17,4,47,175.99999999999994,176.6,339.63,164.0,2018-01-24
2018-01-25,4,47,174.58999999999992,177.18,340.22,166.0,2018-02-01
2018-02-02,4,47,171.51999999999992,190.15,353.19,182.0,2018-02-09
2018-02-10,4,47,169.84999999999994,193.37,356.4,187.0,2018-02-17
2018-02-18,4,47,167.40999999999997,192.73,355.76,189.0,2018-02-25
2018-02-25,4,47,195.45999999999995,212.28,375.32000000000005,180.0,2018-03-04
2018-03-04,4,47,194.92999999999992,220.96,383.99,190.0,2018-03-11
2018-03-11,4,47,195.7399999999999,225.85,388.88,194.0,2018-03-18
2018-03-18,4,47,195.6499999999999,223.81,386.84000000000003,192.0,2018-03-25
2018-03-26,4,47,174.57999999999987,194.77,357.81,184.0,2018-04-02
2018-01-01,4,48,342.18,385.41,763.55,422.0,2018-01-08
2018-01-10,4,48,359.12999999999994,386.32,764.46,406.0,2018-01-17
2018-01-19,4,48,347.65999999999997,389.86,768.0,421.0,2018-01-26
2018-01-27,4,48,392.55999999999995,400.39,778.53,386.0,2018-02-03
2018-02-04,4,48,384.71000000000004,412.04,790.1800000000001,406.0,2018-02-11
2018-02-12,4,48,403.31000000000006,417.54,795.6800000000001,393.0,2018-02-19
2018-02-20,4,48,396.9500000000001,415.09,793.23,397.0,2018-02-27
2018-02-27,4,48,443.4800000000001,471.48,849.6200000000001,407.0,2018-03-06
2018-03-06,4,48,443.6200000000001,478.15,856.29,413.0,2018-03-13
2018-03-13,4,48,443.09000000000015,482.59,860.72,418.0,2018-03-20
2018-03-20,4,48,443.1300000000001,479.73,857.8700000000001,415.0,2018-03-27
2018-03-28,4,48,388.18000000000006,442.76,820.9000000000001,433.0,2018-04-04
2018-01-01,4,49,197.45,215.45,431.9,235.0,2018-01-08
2018-01-10,4,49,210.23999999999995,216.69,433.13,223.0,2018-01-17
2018-01-19,4,49,205.57999999999998,215.32,431.76,227.0,2018-01-26
2018-01-28,4,49,198.77,227.47,443.91,246.0,2018-02-04
2018-02-06,4,49,208.95000000000005,233.11,449.55,241.0,2018-02-13
2018-02-14,4,49,230.73000000000005,233.68,450.12,220.0,2018-02-21
2018-02-22,4,49,229.59000000000003,238.98,455.42,226.0,2018-03-01
2018-03-01,4,49,256.47,269.06,485.5,230.0,2018-03-08
2018-03-08,4,49,257.26000000000005,266.46,482.9,226.0,2018-03-15
2018-03-15,4,49,256.68000000000006,271.08,487.53,231.0,2018-03-22
2018-03-22,4,49,256.4500000000001,271.21,487.65,232.0,2018-03-29
2018-03-30,4,49,221.43000000000012,256.33,472.77,252.0,2018-04-06
2018-01-01,4,50,440.34000000000003,480.31,964.29,524.0,2018-01-08
2018-01-10,4,50,457.46000000000004,483.51,967.49,511.0,2018-01-17
2018-01-19,4,50,445.37,480.16,964.14,519.0,2018-01-26
2018-01-28,4,50,427.46999999999997,500.1,984.0799999999999,557.0,2018-02-04
2018-02-05,4,50,514.24,521.76,1005.74,492.0,2018-02-12
2018-02-13,4,50,507.26000000000005,523.65,1007.63,501.0,2018-02-20
2018-02-21,4,50,506.56999999999994,520.31,1004.2900000000001,498.0,2018-02-28
2018-02-28,4,50,564.2199999999999,598.37,1082.3600000000001,519.0,2018-03-07
2018-03-07,4,50,564.8099999999998,602.6,1086.58,522.0,2018-03-14
2018-03-14,4,50,564.1599999999999,599.18,1083.17,520.0,2018-03-21
2018-03-21,4,50,564.9499999999998,597.73,1081.72,517.0,2018-03-28
2018-03-29,4,50,490.4399999999998,563.95,1047.93,558.0,2018-04-05
2018-01-01,5,1,106.90000000000002,127.98,245.93,140.0,2018-01-08
2018-01-10,5,1,115.81000000000002,128.75,246.69000000000003,131.0,2018-01-17
2018-01-18,5,1,127.28000000000002,131.28,249.22000000000003,122.0,2018-01-25
2018-01-26,5,1,125.9,134.28,252.23000000000002,127.0,2018-02-02
2018-02-03,5,1,124.34999999999998,138.83,256.78000000000003,133.0,2018-02-10
2018-02-11,5,1,123.74999999999997,140.02,257.96000000000004,135.0,2018-02-18
2018-02-19,5,1,129.48999999999995,140.17,258.12,129.0,2018-02-26
2018-02-26,5,1,142.81999999999994,153.53,271.47,129.0,2018-03-05
2018-03-04,5,1,158.50999999999993,160.44,278.39,120.0,2018-03-11
2018-03-11,5,1,142.55999999999995,157.86,275.81000000000006,134.0,2018-03-18
2018-03-18,5,1,143.17999999999995,161.22,279.17,136.0,2018-03-25
2018-03-25,5,1,142.45999999999992,142.47,260.42,118.0,2018-04-01
2018-01-01,5,2,283.24,320.44,633.3400000000001,351.0,2018-01-08
2018-01-10,5,2,296.31,315.69,628.5900000000001,333.0,2018-01-17
2018-01-19,5,2,289.64000000000004,319.61,632.51,343.0,2018-01-26
2018-01-27,5,2,323.65000000000003,330.67,643.5699999999999,320.0,2018-02-03
2018-02-04,5,2,317.95000000000005,346.61,659.51,342.0,2018-02-11
2018-02-12,5,2,333.3500000000001,344.74,657.6400000000001,325.0,2018-02-19
2018-02-20,5,2,329.20000000000005,346.74,659.6400000000001,331.0,2018-02-27
2018-02-27,5,2,366.94000000000005,397.53,710.4300000000001,344.0,2018-03-06
2018-03-06,5,2,366.89,398.59,711.49,345.0,2018-03-13
2018-03-13,5,2,366.77,394.51,707.4100000000001,341.0,2018-03-20
2018-03-20,5,2,366.73,395.8,708.7,342.0,2018-03-27
2018-03-28,5,2,320.87,366.39,679.29,359.0,2018-04-04
2018-01-01,5,3,177.07999999999998,200.17,395.95,219.0,2018-01-08
2018-01-10,5,3,189.96,202.06,397.85,208.0,2018-01-17
2018-01-19,5,3,184.10000000000002,201.62,397.40999999999997,214.0,2018-01-26
2018-01-27,5,3,206.60999999999999,209.79,405.57,199.0,2018-02-03
2018-02-04,5,3,202.20000000000002,216.07,411.85,210.0,2018-02-11
2018-02-12,5,3,212.44000000000005,218.58,414.37,202.0,2018-02-19
2018-02-20,5,3,208.66000000000005,219.56,415.35,207.0,2018-02-27
2018-02-27,5,3,232.77000000000007,247.36,443.14,211.0,2018-03-06
2018-03-06,5,3,233.07000000000005,248.04,443.83,211.0,2018-03-13
2018-03-13,5,3,232.70000000000002,252.41,448.2,216.0,2018-03-20
2018-03-20,5,3,232.96000000000004,249.38,445.16999999999996,213.0,2018-03-27
2018-03-28,5,3,205.25000000000006,232.44,428.23,223.0,2018-04-04
2018-01-01,5,4,107.52000000000001,122.49,240.58,134.0,2018-01-08
2018-01-10,5,4,116.29000000000002,127.53,245.62,130.0,2018-01-17
2018-01-19,5,4,112.09999999999998,118.06,236.15,125.0,2018-01-26
2018-01-27,5,4,128.08999999999997,129.86,247.95,120.0,2018-02-03
2018-02-04,5,4,123.75999999999996,133.44,251.53,128.0,2018-02-11
2018-02-12,5,4,130.26999999999995,131.93,250.02,120.0,2018-02-19
2018-02-20,5,4,128.57999999999998,134.29,252.37,124.0,2018-02-27
2018-02-27,5,4,142.41000000000003,150.8,268.89,127.0,2018-03-06
2018-03-06,5,4,142.74000000000004,155.39,273.48,131.0,2018-03-13
2018-03-13,5,4,142.46000000000004,155.85,273.93,132.0,2018-03-20
2018-03-20,5,4,142.73000000000005,155.79,273.88,132.0,2018-03-27
2018-03-28,5,4,124.88000000000002,142.21,260.28999999999996,136.0,2018-04-04
2018-01-01,5,5,89.48,103.72,202.56,114.0,2018-01-08
2018-01-10,5,5,98.83999999999999,105.65,204.49,106.0,2018-01-17
2018-01-19,5,5,96.97,103.42,202.26,106.0,2018-01-26
2018-01-28,5,5,95.10000000000001,104.97,203.81,109.0,2018-02-04
2018-02-06,5,5,100.16000000000001,105.3,204.13,104.0,2018-02-13
2018-02-15,5,5,97.91,104.17,203.01,106.0,2018-02-22
2018-02-24,5,5,96.29999999999997,111.12,209.95999999999998,114.0,2018-03-03
2018-03-03,5,5,121.09999999999995,125.08,223.92,103.0,2018-03-10
2018-03-10,5,5,120.94999999999995,125.61,224.45,104.0,2018-03-17
2018-03-17,5,5,121.25999999999996,122.12,220.95,100.0,2018-03-24
2018-03-24,5,5,121.05999999999996,126.65,225.48,105.0,2018-03-31
2018-01-01,5,6,284.96,297.97,610.3199999999999,326.0,2018-01-08
2018-01-11,5,6,270.19999999999993,296.4,608.74,339.0,2018-01-18
2018-01-20,5,6,292.7899999999999,295.98,608.3199999999999,316.0,2018-01-27
2018-01-29,5,6,300.56999999999994,310.93,623.27,323.0,2018-02-05
2018-02-07,5,6,297.74999999999994,322.46,634.8,338.0,2018-02-14
2018-02-16,5,6,290.56999999999994,324.38,636.72,347.0,2018-02-23
2018-02-24,5,6,325.00999999999993,349.46,661.81,337.0,2018-03-03
2018-03-03,5,6,367.67999999999995,374.77,687.1099999999999,320.0,2018-03-10
2018-03-10,5,6,368.04999999999995,380.07,692.41,325.0,2018-03-17
2018-03-17,5,6,368.10999999999996,379.89,692.24,325.0,2018-03-24
2018-03-24,5,6,368.36,383.87,696.21,328.0,2018-03-31
2018-01-01,5,7,284.8,305.08,617.77,333.0,2018-01-08
2018-01-10,5,7,300.4,307.31,620.0,320.0,2018-01-17
2018-01-19,5,7,293.69999999999993,308.53,621.22,328.0,2018-01-26
2018-01-28,5,7,285.5099999999999,323.55,636.24,351.0,2018-02-04
2018-02-06,5,7,298.1899999999999,333.98,646.6700000000001,349.0,2018-02-13
2018-02-14,5,7,330.2799999999999,334.06,646.75,317.0,2018-02-21
2018-02-22,5,7,328.08,343.36,656.05,328.0,2018-03-01
2018-03-01,5,7,367.28000000000003,387.86,700.55,334.0,2018-03-08
2018-03-08,5,7,367.97,387.35,700.04,333.0,2018-03-15
2018-03-15,5,7,368.15999999999997,394.58,707.27,340.0,2018-03-22
2018-03-22,5,7,368.13,389.27,701.96,334.0,2018-03-29
2018-03-30,5,7,316.3299999999999,367.2,679.9000000000001,364.0,2018-04-06
2018-01-01,5,8,375.61,411.45,822.84,448.0,2018-01-08
2018-01-10,5,8,393.1900000000001,403.38,814.77,422.0,2018-01-17
2018-01-19,5,8,382.57000000000005,415.21,826.6000000000001,445.0,2018-01-26
2018-01-28,5,8,369.6700000000001,428.64,840.0300000000001,471.0,2018-02-04
2018-02-05,5,8,440.39000000000016,441.06,852.44,413.0,2018-02-12
2018-02-13,5,8,432.43000000000006,443.82,855.21,423.0,2018-02-20
2018-02-21,5,8,432.63000000000005,443.41,854.8000000000001,423.0,2018-02-28
2018-02-28,5,8,482.39,507.61,919.0,437.0,2018-03-07
2018-03-07,5,8,481.94,511.71,923.1000000000001,442.0,2018-03-14
2018-03-14,5,8,482.3999999999999,515.29,926.6800000000001,445.0,2018-03-21
2018-03-21,5,8,482.28,510.24,921.6300000000001,440.0,2018-03-28
2018-03-29,5,8,420.1099999999999,481.54,892.9200000000001,473.0,2018-04-05
2018-01-01,5,9,249.29000000000005,274.83,547.97,299.0,2018-01-08
2018-01-10,5,9,261.78000000000003,278.03,551.1700000000001,290.0,2018-01-17
2018-01-19,5,9,254.02000000000004,281.44,554.58,301.0,2018-01-26
2018-01-27,5,9,284.45,288.22,561.35,277.0,2018-02-03
2018-02-04,5,9,279.77,299.94,573.07,294.0,2018-02-11
2018-02-12,5,9,292.84999999999997,303.35,576.49,284.0,2018-02-19
2018-02-20,5,9,288.52,301.35,574.49,286.0,2018-02-27
2018-02-27,5,9,321.64,345.11,618.25,297.0,2018-03-06
2018-03-06,5,9,322.01,350.0,623.1400000000001,302.0,2018-03-13
2018-03-13,5,9,322.5,350.74,623.8800000000001,302.0,2018-03-20
2018-03-20,5,9,322.26,350.5,623.6400000000001,302.0,2018-03-27
2018-03-28,5,9,282.8999999999999,321.6,594.74,312.0,2018-04-04
2018-01-01,5,10,354.13,395.39,785.5699999999999,432.0,2018-01-08
2018-01-10,5,10,371.99,391.37,781.55,410.0,2018-01-17
2018-01-19,5,10,359.1600000000001,392.76,782.94,424.0,2018-01-26
2018-01-27,5,10,404.0800000000001,407.9,798.08,394.0,2018-02-03
2018-02-04,5,10,397.56000000000006,418.81,808.99,412.0,2018-02-11
2018-02-12,5,10,415.82,426.49,816.6700000000001,401.0,2018-02-19
2018-02-20,5,10,408.16999999999996,425.16,815.34,408.0,2018-02-27
2018-02-27,5,10,456.8299999999999,480.73,870.9100000000001,415.0,2018-03-06
2018-03-06,5,10,456.8999999999999,486.94,877.12,421.0,2018-03-13
2018-03-13,5,10,456.75,491.25,881.4300000000001,425.0,2018-03-20
2018-03-20,5,10,456.31000000000006,487.4,877.58,422.0,2018-03-27
2018-03-28,5,10,401.06000000000006,455.99,846.1700000000001,446.0,2018-04-04
2018-01-01,5,11,337.94,370.03,742.01,405.0,2018-01-08
2018-01-10,5,11,355.31,372.56,744.5500000000001,390.0,2018-01-17
2018-01-19,5,11,344.22,371.76,743.74,400.0,2018-01-26
2018-01-28,5,11,336.73,385.41,757.4,421.0,2018-02-04
2018-02-05,5,11,398.64000000000004,403.55,775.5400000000001,377.0,2018-02-12
2018-02-13,5,11,391.54,398.65,770.63,380.0,2018-02-20
2018-02-21,5,11,393.7100000000001,398.14,770.12,377.0,2018-02-28
2018-02-28,5,11,436.73000000000013,454.95,826.94,391.0,2018-03-07
2018-03-07,5,11,436.9100000000001,455.75,827.73,391.0,2018-03-14
2018-03-14,5,11,436.30999999999995,455.63,827.61,392.0,2018-03-21
2018-03-21,5,11,436.8299999999999,452.84,824.82,388.0,2018-03-28
2018-03-28,5,11,436.12999999999994,436.14,808.13,373.0,2018-04-04
2018-01-01,5,12,339.37,358.1,730.08,391.0,2018-01-08
2018-01-10,5,12,357.32000000000005,362.69,734.6700000000001,378.0,2018-01-17
2018-01-19,5,12,348.7900000000001,360.63,732.62,384.0,2018-01-26
2018-01-28,5,12,338.67,376.95,748.9300000000001,411.0,2018-02-04
2018-02-06,5,12,354.95000000000005,393.07,765.05,411.0,2018-02-13
2018-02-15,5,12,347.47,393.02,765.01,418.0,2018-02-22
2018-02-23,5,12,385.8700000000001,406.77,778.75,393.0,2018-03-02
2018-03-02,5,12,435.1400000000001,446.53,818.51,384.0,2018-03-09
2018-03-09,5,12,435.6600000000001,451.24,823.23,388.0,2018-03-16
2018-03-16,5,12,435.46000000000004,453.59,825.57,391.0,2018-03-23
2018-03-23,5,12,435.91999999999996,449.13,821.12,386.0,2018-03-30
2018-03-31,5,12,373.69,435.04,807.02,434.0,2018-04-07
2018-01-01,5,13,411.23,444.02,895.88,485.0,2018-01-08
2018-01-10,5,13,428.45,445.1,896.95,469.0,2018-01-17
2018-01-19,5,13,417.66999999999996,445.83,897.68,481.0,2018-01-26
2018-01-28,5,13,405.82,465.61,917.47,512.0,2018-02-04
2018-02-06,5,13,426.5800000000001,476.92,928.77,503.0,2018-02-13
2018-02-14,5,13,471.52000000000015,482.37,934.22,463.0,2018-02-21
2018-02-22,5,13,469.6,489.48,941.3399999999999,472.0,2018-03-01
2018-03-01,5,13,526.79,548.08,999.9299999999998,474.0,2018-03-08
2018-03-08,5,13,527.3799999999999,546.17,998.02,471.0,2018-03-15
2018-03-15,5,13,526.8899999999999,545.62,997.48,471.0,2018-03-22
2018-03-22,5,13,526.9399999999999,548.13,999.98,474.0,2018-03-29
2018-03-30,5,13,455.0499999999998,526.53,978.3799999999999,524.0,2018-04-06
2018-01-01,5,14,285.11,323.19,639.6600000000001,355.0,2018-01-08
2018-01-10,5,14,300.46000000000004,328.65,645.1200000000001,345.0,2018-01-17
2018-01-18,5,14,332.68000000000006,333.23,649.7,318.0,2018-01-25
2018-01-26,5,14,329.9200000000001,337.27,653.74,324.0,2018-02-02
2018-02-03,5,14,323.1300000000001,358.62,675.09,352.0,2018-02-10
2018-02-11,5,14,319.9000000000001,364.07,680.54,361.0,2018-02-18
2018-02-19,5,14,338.29000000000013,362.47,678.94,341.0,2018-02-26
2018-02-26,5,14,371.85000000000014,405.74,722.21,351.0,2018-03-05
2018-03-04,5,14,412.98000000000013,417.15,733.6200000000001,321.0,2018-03-11
2018-03-11,5,14,371.8600000000001,421.76,738.23,367.0,2018-03-18
2018-03-18,5,14,372.14000000000004,420.44,736.9100000000001,365.0,2018-03-25
2018-03-26,5,14,331.1,371.54,688.01,357.0,2018-04-02
2018-01-01,5,15,427.56000000000006,487.35,959.1500000000001,532.0,2018-01-08
2018-01-10,5,15,441.17,495.61,967.4100000000001,527.0,2018-01-17
2018-01-18,5,15,491.01,492.12,963.9200000000001,473.0,2018-01-25
2018-01-26,5,15,484.53000000000003,501.08,972.8800000000001,489.0,2018-02-02
2018-02-03,5,15,478.63,525.76,997.5600000000001,519.0,2018-02-10
2018-02-11,5,15,472.2800000000001,527.61,999.4100000000001,528.0,2018-02-18
2018-02-19,5,15,498.73,525.52,997.32,499.0,2018-02-26
2018-02-26,5,15,549.6400000000001,582.72,1054.52,505.0,2018-03-05
2018-03-05,5,15,549.3600000000001,603.99,1075.79,527.0,2018-03-12
2018-03-12,5,15,549.7900000000001,608.17,1079.9700000000003,531.0,2018-03-19
2018-03-19,5,15,550.0400000000001,603.63,1075.4300000000003,526.0,2018-03-26
2018-03-27,5,15,479.63000000000017,549.21,1021.0100000000001,542.0,2018-04-03
2018-01-01,5,16,123.13000000000001,136.6,272.76,150.0,2018-01-08
2018-01-10,5,16,133.64000000000001,140.99,277.14,144.0,2018-01-17
2018-01-19,5,16,130.80000000000004,138.82,274.98,145.0,2018-01-26
2018-01-27,5,16,145.45000000000007,145.71,281.87,137.0,2018-02-03
2018-02-04,5,16,142.11000000000004,150.93,287.08000000000004,145.0,2018-02-11
2018-02-12,5,16,148.59000000000006,152.27,288.41999999999996,140.0,2018-02-19
2018-02-20,5,16,146.25000000000003,150.45,286.6,141.0,2018-02-27
2018-02-27,5,16,163.38,169.39,305.53999999999996,143.0,2018-03-06
2018-03-06,5,16,163.57,177.56,313.72,151.0,2018-03-13
2018-03-13,5,16,163.58999999999997,176.13,312.28,149.0,2018-03-20
2018-03-20,5,16,163.03999999999996,174.94,311.09000000000003,149.0,2018-03-27
2018-03-28,5,16,144.32999999999996,162.73,298.89,155.0,2018-04-04
2018-01-01,5,17,160.09,173.88,349.79999999999995,190.0,2018-01-08
2018-01-10,5,17,170.01999999999998,177.65,353.57,184.0,2018-01-17
2018-01-19,5,17,169.94999999999996,175.36,351.27,182.0,2018-01-26
2018-01-28,5,17,163.24999999999994,185.21,361.12,198.0,2018-02-04
2018-02-06,5,17,172.60999999999996,187.45,363.36,191.0,2018-02-13
2018-02-15,5,17,168.75,189.05,364.96,197.0,2018-02-22
2018-02-23,5,17,187.2,199.28,375.19,188.0,2018-03-02
2018-03-02,5,17,210.03999999999996,219.0,394.91999999999996,185.0,2018-03-09
2018-03-09,5,17,210.15999999999997,217.66,393.57,184.0,2018-03-16
2018-03-16,5,17,210.63999999999996,220.83,396.74,187.0,2018-03-23
2018-03-23,5,17,210.93999999999997,219.79,395.7,185.0,2018-03-30
2018-03-31,5,17,181.02999999999997,210.04,385.95,205.0,2018-04-07
2018-01-01,5,18,408.1600000000001,464.37,915.3800000000001,508.0,2018-01-08
2018-01-10,5,18,420.4100000000001,456.61,907.6200000000001,488.0,2018-01-17
2018-01-19,5,18,411.58000000000015,464.1,915.1100000000001,504.0,2018-01-26
2018-01-27,5,18,463.4300000000001,477.44,928.45,466.0,2018-02-03
2018-02-04,5,18,453.8300000000001,496.36,947.3700000000001,494.0,2018-02-11
2018-02-12,5,18,477.52,506.51,957.52,480.0,2018-02-19
2018-02-20,5,18,468.32,496.53,947.54,480.0,2018-02-27
2018-02-27,5,18,525.43,565.87,1016.8800000000001,492.0,2018-03-06
2018-03-06,5,18,525.21,581.02,1032.03,507.0,2018-03-13
2018-03-13,5,18,524.84,577.47,1028.48,504.0,2018-03-20
2018-03-20,5,18,525.0200000000001,573.87,1024.88,500.0,2018-03-27
2018-03-28,5,18,457.69000000000005,524.65,975.6700000000001,518.0,2018-04-04
2018-01-01,5,19,195.87,207.01,422.13,227.0,2018-01-08
2018-01-11,5,19,187.60000000000002,205.62,420.73,234.0,2018-01-18
2018-01-20,5,19,203.5300000000001,204.87,419.99,217.0,2018-01-27
2018-01-29,5,19,209.5500000000001,218.26,433.38,224.0,2018-02-05
2018-02-07,5,19,207.96000000000012,222.0,437.11,230.0,2018-02-14
2018-02-16,5,19,201.81000000000014,224.77,439.88,239.0,2018-02-23
2018-02-24,5,19,226.51000000000013,238.74,453.85,228.0,2018-03-03
2018-03-04,5,19,219.09000000000015,251.61,466.72,248.0,2018-03-11
2018-03-11,5,19,255.32000000000016,257.02,472.13,217.0,2018-03-18
2018-03-19,5,19,230.1500000000002,253.98,469.1,239.0,2018-03-26
2018-03-27,5,19,226.80000000000024,254.92,470.03000000000003,244.0,2018-04-03
2018-01-01,5,20,231.89000000000001,259.34,515.05,284.0,2018-01-08
2018-01-10,5,20,242.98000000000002,265.4,521.1,279.0,2018-01-17
2018-01-19,5,20,239.17000000000002,262.35,518.0600000000001,279.0,2018-01-26
2018-01-27,5,20,266.45000000000005,271.79,527.5,262.0,2018-02-03
2018-02-04,5,20,261.5400000000001,287.11,542.8100000000001,282.0,2018-02-11
2018-02-12,5,20,274.4300000000001,287.17,542.87,269.0,2018-02-19
2018-02-20,5,20,270.5800000000001,286.25,541.96,272.0,2018-02-27
2018-02-27,5,20,301.91000000000014,324.65,580.36,279.0,2018-03-06
2018-03-06,5,20,301.85000000000014,328.01,583.71,282.0,2018-03-13
2018-03-13,5,20,301.42000000000013,332.12,587.83,287.0,2018-03-20
2018-03-20,5,20,301.8700000000001,331.24,586.9399999999999,286.0,2018-03-27
2018-03-28,5,20,264.6100000000001,301.26,556.97,293.0,2018-04-04
2018-01-01,5,21,194.44,211.02,424.88,231.0,2018-01-08
2018-01-10,5,21,207.86999999999998,209.75,423.6,216.0,2018-01-17
2018-01-19,5,21,204.57000000000002,207.11,420.97,217.0,2018-01-26
2018-01-28,5,21,199.63,217.6,431.46000000000004,232.0,2018-02-04
2018-02-06,5,21,208.66,227.16,441.01,233.0,2018-02-13
2018-02-15,5,21,202.90000000000006,226.39,440.24,238.0,2018-02-22
2018-02-23,5,21,226.60000000000002,236.42,450.27,224.0,2018-03-02
2018-03-02,5,21,254.17000000000002,257.12,470.97,217.0,2018-03-09
2018-03-09,5,21,254.04000000000002,256.7,470.54999999999995,217.0,2018-03-16
2018-03-16,5,21,254.32000000000005,256.55,470.40999999999997,217.0,2018-03-23
2018-03-23,5,21,254.76000000000005,257.38,471.23,217.0,2018-03-30
2018-03-31,5,21,218.92000000000004,253.86,467.71000000000004,249.0,2018-04-07
2018-01-01,5,22,391.66999999999996,436.14,867.41,476.0,2018-01-08
2018-01-10,5,22,405.64,436.5,867.78,463.0,2018-01-17
2018-01-19,5,22,400.26000000000005,438.73,870.0,470.0,2018-01-26
2018-01-27,5,22,444.04,449.12,880.39,437.0,2018-02-03
2018-02-04,5,22,437.68000000000006,468.78,900.06,463.0,2018-02-11
2018-02-12,5,22,458.4200000000001,468.79,900.0699999999999,442.0,2018-02-19
2018-02-20,5,22,450.8000000000002,467.71,898.99,449.0,2018-02-27
2018-02-27,5,22,503.74000000000024,523.91,955.18,452.0,2018-03-06
2018-03-06,5,22,503.48000000000025,532.77,964.05,461.0,2018-03-13
2018-03-13,5,22,503.35000000000025,534.67,965.9399999999999,463.0,2018-03-20
2018-03-20,5,22,503.3300000000004,531.53,962.81,460.0,2018-03-27
2018-03-28,5,22,442.56000000000034,502.9,934.17,492.0,2018-04-04
2018-01-01,5,23,142.22,154.3,310.89,169.0,2018-01-08
2018-01-11,5,23,137.76,151.2,307.78999999999996,171.0,2018-01-18
2018-01-20,5,23,151.09999999999997,151.15,307.75,157.0,2018-01-27
2018-01-29,5,23,152.50999999999996,159.51,316.1,164.0,2018-02-05
2018-02-07,5,23,152.67999999999998,161.88,318.48,166.0,2018-02-14
2018-02-16,5,23,150.06,166.89,323.48,174.0,2018-02-23
2018-02-24,5,23,166.66,175.04,331.63,165.0,2018-03-03
2018-03-03,5,23,187.25,189.33,345.91999999999996,159.0,2018-03-10
2018-03-10,5,23,187.54,190.39,346.99,160.0,2018-03-17
2018-03-17,5,23,187.76000000000002,191.32,347.90999999999997,161.0,2018-03-24
2018-03-24,5,23,188.07,190.08,346.66999999999996,159.0,2018-03-31
2018-01-01,5,24,321.67,349.21,701.87,381.0,2018-01-08
2018-01-10,5,24,335.39,353.14,705.8,371.0,2018-01-17
2018-01-19,5,24,328.58000000000004,353.51,706.1800000000001,378.0,2018-01-26
2018-01-28,5,24,319.65000000000003,370.82,723.49,404.0,2018-02-04
2018-02-05,5,24,376.15999999999997,383.86,736.52,361.0,2018-02-12
2018-02-13,5,24,370.5899999999999,385.44,738.1,368.0,2018-02-20
2018-02-21,5,24,370.80999999999995,385.83,738.49,368.0,2018-02-28
2018-02-28,5,24,413.28999999999996,442.4,795.07,382.0,2018-03-07
2018-03-07,5,24,413.2,447.03,799.69,387.0,2018-03-14
2018-03-14,5,24,413.47999999999996,444.55,797.21,384.0,2018-03-21
2018-03-21,5,24,413.2399999999999,446.6,799.26,387.0,2018-03-28
2018-03-29,5,24,359.17999999999995,412.96,765.62,407.0,2018-04-05
2018-01-01,5,25,391.38,425.15,854.95,464.0,2018-01-08
2018-01-10,5,25,409.36,427.13,856.9300000000001,448.0,2018-01-17
2018-01-19,5,25,399.28000000000003,432.62,862.4200000000001,464.0,2018-01-26
2018-01-28,5,25,386.72,447.51,877.31,491.0,2018-02-04
2018-02-05,5,25,458.3,460.2,890.0,432.0,2018-02-12
2018-02-13,5,25,451.7,464.12,893.9200000000001,443.0,2018-02-20
2018-02-21,5,25,452.38,461.61,891.4100000000001,440.0,2018-02-28
2018-02-28,5,25,503.75000000000006,524.71,954.51,451.0,2018-03-07
2018-03-07,5,25,503.03000000000003,525.72,955.52,453.0,2018-03-14
2018-03-14,5,25,503.2800000000001,528.06,957.8599999999999,455.0,2018-03-21
2018-03-21,5,25,503.2000000000001,528.93,958.73,456.0,2018-03-28
2018-03-29,5,25,437.7200000000001,502.76,932.56,495.0,2018-04-05
2018-01-01,5,26,232.75,244.99,499.99,268.0,2018-01-08
2018-01-11,5,26,219.58,246.46,501.46,282.0,2018-01-18
2018-01-20,5,26,237.73,245.17,500.17,263.0,2018-01-27
2018-01-29,5,26,244.26000000000002,261.83,516.8399999999999,273.0,2018-02-05
2018-02-07,5,26,242.32000000000005,267.75,522.76,281.0,2018-02-14
2018-02-15,5,26,269.21000000000004,270.71,525.71,257.0,2018-02-22
2018-02-23,5,26,267.11,281.82,536.8199999999999,270.0,2018-03-02
2018-03-02,5,26,300.9100000000001,310.43,565.44,265.0,2018-03-09
2018-03-09,5,26,301.0900000000001,310.58,565.59,265.0,2018-03-16
2018-03-16,5,26,301.1300000000001,314.31,569.31,269.0,2018-03-23
2018-03-23,5,26,301.44000000000005,317.11,572.11,271.0,2018-03-30
2018-03-31,5,26,257.77000000000004,300.65,555.66,298.0,2018-04-07
2018-01-01,5,27,107.72999999999999,115.84,233.59,126.0,2018-01-08
2018-01-10,5,27,116.45999999999997,117.19,234.94,119.0,2018-01-17
2018-01-19,5,27,116.11999999999995,117.32,235.06,119.0,2018-01-26
2018-01-28,5,27,111.75999999999996,122.56,240.31,129.0,2018-02-04
2018-02-06,5,27,118.19999999999995,126.55,244.29000000000002,127.0,2018-02-13
2018-02-15,5,27,115.55999999999996,127.37,245.11,130.0,2018-02-22
2018-02-23,5,27,126.48999999999994,136.6,254.34,128.0,2018-03-02
2018-03-02,5,27,142.67999999999995,150.68,268.42,126.0,2018-03-09
2018-03-09,5,27,142.77999999999997,150.66,268.4,126.0,2018-03-16
2018-03-16,5,27,142.90999999999997,151.09,268.84000000000003,126.0,2018-03-23
2018-03-23,5,27,142.58999999999995,148.04,265.78,124.0,2018-03-30
2018-03-31,5,27,124.05999999999996,142.49,260.24,137.0,2018-04-07
2018-01-01,5,28,426.21000000000004,475.97,947.2199999999999,522.0,2018-01-08
2018-01-10,5,28,439.44000000000005,485.59,956.8299999999999,518.0,2018-01-17
2018-01-19,5,28,430.22999999999996,491.78,963.02,533.0,2018-01-26
2018-01-27,5,28,481.40999999999997,498.97,970.2199999999999,489.0,2018-02-03
2018-02-04,5,28,474.48,520.49,991.73,518.0,2018-02-11
2018-02-12,5,28,497.98999999999995,525.57,996.8199999999999,499.0,2018-02-19
2018-02-20,5,28,490.25,520.3,991.54,502.0,2018-02-27
2018-02-27,5,28,548.65,587.23,1058.47,510.0,2018-03-06
2018-03-06,5,28,548.12,599.06,1070.3,523.0,2018-03-13
2018-03-13,5,28,548.76,594.06,1065.3,517.0,2018-03-20
2018-03-20,5,28,548.4,596.72,1067.96,520.0,2018-03-27
2018-03-28,5,28,480.51,547.96,1019.2,539.0,2018-04-04
2018-01-01,5,29,336.8,364.88,735.3199999999999,399.0,2018-01-08
2018-01-10,5,29,355.96000000000004,368.74,739.1800000000001,384.0,2018-01-17
2018-01-19,5,29,342.77,367.95,738.39,396.0,2018-01-26
2018-01-28,5,29,336.03000000000003,378.05,748.49,413.0,2018-02-04
2018-02-05,5,29,396.77,399.0,769.44,373.0,2018-02-12
2018-02-13,5,29,389.72999999999996,395.89,766.3199999999999,377.0,2018-02-20
2018-02-21,5,29,390.61,391.84,762.28,372.0,2018-02-28
2018-02-28,5,29,433.79999999999995,450.3,820.74,387.0,2018-03-07
2018-03-07,5,29,433.51999999999987,453.62,824.06,391.0,2018-03-14
2018-03-14,5,29,433.92999999999984,452.59,823.03,390.0,2018-03-21
2018-03-21,5,29,434.3599999999998,449.55,819.99,386.0,2018-03-28
2018-03-29,5,29,378.17999999999984,433.49,803.9300000000001,426.0,2018-04-05
2018-01-01,5,30,196.76,213.43,429.31,233.0,2018-01-08
2018-01-10,5,30,208.93,215.61,431.5,223.0,2018-01-17
2018-01-19,5,30,204.02000000000004,216.77,432.65999999999997,229.0,2018-01-26
2018-01-28,5,30,196.6700000000001,227.06,442.94,247.0,2018-02-04
2018-02-06,5,30,208.11000000000007,232.52,448.4,241.0,2018-02-13
2018-02-14,5,30,229.8300000000001,233.37,449.26,220.0,2018-02-21
2018-02-22,5,30,228.34000000000015,238.81,454.7,227.0,2018-03-01
2018-03-01,5,30,255.65000000000015,268.79,484.68,230.0,2018-03-08
2018-03-08,5,30,256.0000000000001,266.93,482.82,227.0,2018-03-15
2018-03-15,5,30,255.20000000000016,271.59,487.46999999999997,233.0,2018-03-22
2018-03-22,5,30,255.75000000000014,270.68,486.56,231.0,2018-03-29
2018-03-30,5,30,219.5600000000001,254.98,470.87,252.0,2018-04-06
2018-01-01,5,31,284.66,316.96,631.34,347.0,2018-01-08
2018-01-10,5,31,299.58,311.66,626.04,327.0,2018-01-17
2018-01-19,5,31,293.97,315.25,629.62,336.0,2018-01-26
2018-01-27,5,31,325.71000000000004,329.86,644.24,319.0,2018-02-03
2018-02-04,5,31,320.6,343.75,658.12,338.0,2018-02-11
2018-02-12,5,31,334.96,343.01,657.38,323.0,2018-02-19
2018-02-20,5,31,331.4699999999999,345.17,659.54,329.0,2018-02-27
2018-02-27,5,31,369.2199999999999,395.02,709.39,341.0,2018-03-06
2018-03-06,5,31,369.1099999999999,397.95,712.32,344.0,2018-03-13
2018-03-13,5,31,369.0699999999998,393.44,707.81,339.0,2018-03-20
2018-03-20,5,31,368.5399999999998,396.57,710.94,343.0,2018-03-27
2018-03-28,5,31,323.62999999999977,368.27,682.65,360.0,2018-04-04
2018-01-01,5,32,211.6,236.97,470.91999999999996,260.0,2018-01-08
2018-01-10,5,32,226.05999999999997,240.87,474.81,249.0,2018-01-17
2018-01-19,5,32,219.03000000000003,242.91,476.85,258.0,2018-01-26
2018-01-27,5,32,245.08000000000004,250.03,483.98,239.0,2018-02-03
2018-02-04,5,32,241.05000000000004,260.79,494.72999999999996,254.0,2018-02-11
2018-02-12,5,32,251.96000000000006,259.01,492.95,241.0,2018-02-19
2018-02-20,5,32,248.02000000000007,260.18,494.12,247.0,2018-02-27
2018-02-27,5,32,277.50000000000006,297.65,531.5899999999999,255.0,2018-03-06
2018-03-06,5,32,277.50000000000006,301.66,535.5999999999999,259.0,2018-03-13
2018-03-13,5,32,277.49,305.46,539.4000000000001,262.0,2018-03-20
2018-03-20,5,32,276.68,304.97,538.9100000000001,263.0,2018-03-27
2018-03-28,5,32,242.61,276.59,510.53000000000003,268.0,2018-04-04
2018-01-01,5,33,341.05,358.49,731.0999999999999,391.0,2018-01-08
2018-01-11,5,33,319.87000000000006,355.35,727.96,409.0,2018-01-18
2018-01-20,5,33,350.4600000000001,354.29,726.9,377.0,2018-01-27
2018-01-29,5,33,356.76000000000016,375.9,748.51,392.0,2018-02-05
2018-02-07,5,33,351.5000000000002,387.03,759.65,409.0,2018-02-14
2018-02-16,5,33,343.2000000000003,385.68,758.29,416.0,2018-02-23
2018-02-24,5,33,385.6600000000003,415.2,787.81,403.0,2018-03-03
2018-03-03,5,33,437.83000000000027,440.84,813.4499999999999,376.0,2018-03-10
2018-03-10,5,33,437.3600000000003,440.68,813.3,376.0,2018-03-17
2018-03-17,5,33,437.05000000000035,440.52,813.1299999999999,377.0,2018-03-24
2018-03-24,5,33,437.9100000000003,439.82,812.43,375.0,2018-03-31
2018-01-01,5,34,125.92999999999999,131.31,269.0,144.0,2018-01-08
2018-01-11,5,34,123.31999999999998,134.27,271.96000000000004,149.0,2018-01-18
2018-01-20,5,34,132.6,134.06,271.75,140.0,2018-01-27
2018-01-29,5,34,136.69000000000003,141.35,279.03999999999996,143.0,2018-02-05
2018-02-07,5,34,135.51000000000005,143.62,281.31,146.0,2018-02-14
2018-02-16,5,34,131.95000000000005,146.17,283.86,152.0,2018-02-23
2018-02-24,5,34,146.91000000000005,155.66,293.35,147.0,2018-03-03
2018-03-03,5,34,166.15000000000006,167.85,305.53999999999996,140.0,2018-03-10
2018-03-10,5,34,166.20000000000007,170.91,308.6,143.0,2018-03-17
2018-03-17,5,34,166.21000000000006,169.64,307.33000000000004,142.0,2018-03-24
2018-03-24,5,34,166.47000000000006,169.8,307.49,142.0,2018-03-31
2018-01-01,5,35,321.18,355.79,708.59,388.0,2018-01-08
2018-01-10,5,35,336.2399999999999,359.81,712.61,377.0,2018-01-17
2018-01-19,5,35,326.91999999999985,359.99,712.79,386.0,2018-01-26
2018-01-27,5,35,365.0999999999999,368.72,721.52,357.0,2018-02-03
2018-02-04,5,35,360.3099999999999,389.15,741.95,382.0,2018-02-11
2018-02-12,5,35,375.9899999999998,389.6,742.4000000000001,367.0,2018-02-19
2018-02-20,5,35,370.9499999999997,389.71,742.51,372.0,2018-02-27
2018-02-27,5,35,413.70999999999975,437.04,789.84,377.0,2018-03-06
2018-03-06,5,35,414.14999999999975,446.83,799.6300000000001,386.0,2018-03-13
2018-03-13,5,35,413.78999999999974,450.19,802.99,390.0,2018-03-20
2018-03-20,5,35,414.08999999999975,447.92,800.73,387.0,2018-03-27
2018-03-28,5,35,363.33999999999975,413.27,766.07,403.0,2018-04-04
2018-01-01,5,36,373.61,429.9,842.3499999999999,469.0,2018-01-08
2018-01-10,5,36,387.22999999999996,426.55,839.0,452.0,2018-01-17
2018-01-19,5,36,376.99,427.97,840.41,464.0,2018-01-26
2018-01-27,5,36,424.41999999999996,442.64,855.0799999999999,431.0,2018-02-03
2018-02-04,5,36,415.72999999999996,459.9,872.3399999999999,457.0,2018-02-11
2018-02-12,5,36,437.21999999999997,462.68,875.12,438.0,2018-02-19
2018-02-20,5,36,429.6,460.67,873.11,444.0,2018-02-27
2018-02-27,5,36,481.75,514.01,926.45,445.0,2018-03-06
2018-03-06,5,36,481.56999999999994,525.13,937.5699999999999,456.0,2018-03-13
2018-03-13,5,36,481.26,524.28,936.73,456.0,2018-03-20
2018-03-20,5,36,481.7899999999999,525.57,938.01,457.0,2018-03-27
2018-03-28,5,36,421.29999999999984,481.23,893.6700000000001,473.0,2018-04-04
2018-01-01,5,37,142.28,147.21,303.24,161.0,2018-01-08
2018-01-11,5,37,136.59999999999997,151.02,307.05,171.0,2018-01-18
2018-01-20,5,37,149.60999999999996,152.75,308.78,160.0,2018-01-27
2018-01-29,5,37,152.89999999999998,158.36,314.39,162.0,2018-02-05
2018-02-07,5,37,152.13,161.04,317.07000000000005,165.0,2018-02-14
2018-02-16,5,37,148.78000000000003,164.43,320.46000000000004,172.0,2018-02-23
2018-02-24,5,37,165.23000000000002,174.18,330.21000000000004,165.0,2018-03-03
2018-03-03,5,37,186.09000000000003,186.11,342.14,157.0,2018-03-10
2018-03-10,5,37,187.03000000000006,189.47,345.5,159.0,2018-03-17
2018-03-17,5,37,186.5900000000001,190.62,346.65,161.0,2018-03-24
2018-03-24,5,37,187.02000000000004,189.06,345.09000000000003,159.0,2018-03-31
2018-01-01,5,38,389.90000000000003,445.88,877.85,488.0,2018-01-08
2018-01-10,5,38,403.23,444.77,876.74,474.0,2018-01-17
2018-01-19,5,38,393.58,448.66,880.6300000000001,488.0,2018-01-26
2018-01-27,5,38,443.6499999999999,461.97,893.94,451.0,2018-02-03
2018-02-04,5,38,435.17999999999984,480.21,912.1800000000001,478.0,2018-02-11
2018-02-12,5,38,457.8399999999998,487.23,919.2,462.0,2018-02-19
2018-02-20,5,38,449.28999999999974,482.28,914.25,465.0,2018-02-27
2018-02-27,5,38,502.7999999999997,542.62,974.59,472.0,2018-03-06
2018-03-06,5,38,502.97999999999973,548.83,980.8000000000001,478.0,2018-03-13
2018-03-13,5,38,502.9499999999998,551.02,982.99,481.0,2018-03-20
2018-03-20,5,38,503.7199999999998,548.99,980.96,478.0,2018-03-27
2018-03-28,5,38,439.5499999999998,502.75,934.72,496.0,2018-04-04
2018-01-01,5,39,213.69,225.52,458.55,245.0,2018-01-08
2018-01-10,5,39,225.30999999999995,228.27,461.3,236.0,2018-01-17
2018-01-19,5,39,220.53999999999994,230.8,463.83000000000004,244.0,2018-01-26
2018-01-28,5,39,215.71999999999994,238.94,471.97,257.0,2018-02-04
2018-02-06,5,39,225.62999999999994,245.99,479.02,254.0,2018-02-13
2018-02-15,5,39,220.36999999999998,248.32,481.34000000000003,261.0,2018-02-22
2018-02-23,5,39,244.82999999999998,256.34,489.37,245.0,2018-03-02
2018-03-02,5,39,276.41999999999996,281.92,514.9399999999999,239.0,2018-03-09
2018-03-09,5,39,276.44999999999993,281.99,515.02,239.0,2018-03-16
2018-03-16,5,39,276.3999999999999,283.94,516.96,241.0,2018-03-23
2018-03-23,5,39,276.3999999999999,282.82,515.85,240.0,2018-03-30
2018-03-31,5,39,237.93999999999994,275.94,508.97,272.0,2018-04-07
2018-01-01,5,40,141.34,147.47,302.32000000000005,161.0,2018-01-08
2018-01-11,5,40,138.25,150.61,305.45000000000005,168.0,2018-01-18
2018-01-20,5,40,149.54,150.36,305.21000000000004,156.0,2018-01-27
2018-01-29,5,40,151.55,158.24,313.09000000000003,162.0,2018-02-05
2018-02-07,5,40,151.49,161.33,316.17999999999995,165.0,2018-02-14
2018-02-16,5,40,148.47000000000003,160.42,315.27,167.0,2018-02-23
2018-02-24,5,40,164.88000000000005,174.92,329.77,165.0,2018-03-03
2018-03-03,5,40,185.61000000000004,186.18,341.03,156.0,2018-03-10
2018-03-11,5,40,159.49000000000007,185.54,340.38,181.0,2018-03-18
2018-03-19,5,40,168.1500000000001,184.81,339.65999999999997,172.0,2018-03-26
2018-03-27,5,40,165.6700000000001,185.48,340.33000000000004,175.0,2018-04-03
2018-01-01,5,41,107.63,122.54,240.56,133.0,2018-01-08
2018-01-10,5,41,116.13999999999999,117.82,235.84,120.0,2018-01-17
2018-01-19,5,41,116.91,117.26,235.28,119.0,2018-01-26
2018-01-28,5,41,113.14999999999998,122.97,240.99,128.0,2018-02-04
2018-02-06,5,41,118.64999999999996,126.95,244.97,127.0,2018-02-13
2018-02-15,5,41,116.08999999999999,127.77,245.79000000000002,130.0,2018-02-22
2018-02-23,5,41,127.08999999999999,137.0,255.01999999999998,128.0,2018-03-02
2018-03-02,5,41,143.36,151.08,269.09999999999997,126.0,2018-03-09
2018-03-09,5,41,143.54000000000002,151.06,269.08,126.0,2018-03-16
2018-03-16,5,41,143.75,151.5,269.52,126.0,2018-03-23
2018-03-23,5,41,143.51,148.44,266.46,123.0,2018-03-30
2018-03-31,5,41,124.09000000000002,143.25,261.27,138.0,2018-04-07
2018-01-01,5,42,177.01,202.35,397.22,221.0,2018-01-08
2018-01-10,5,42,187.99,202.12,397.0,210.0,2018-01-17
2018-01-19,5,42,182.98000000000005,200.77,395.65,213.0,2018-01-26
2018-01-27,5,42,205.16000000000008,208.64,403.52,199.0,2018-02-03
2018-02-04,5,42,201.25000000000009,214.51,409.39,209.0,2018-02-11
2018-02-12,5,42,211.4300000000001,217.35,412.23,201.0,2018-02-19
2018-02-20,5,42,207.26000000000008,215.6,410.48,204.0,2018-02-27
2018-02-27,5,42,231.70000000000007,244.63,439.51,208.0,2018-03-06
2018-03-06,5,42,231.11000000000007,246.34,441.21,211.0,2018-03-13
2018-03-13,5,42,231.8200000000001,250.8,445.66999999999996,214.0,2018-03-20
2018-03-20,5,42,231.08000000000007,246.91,441.78999999999996,211.0,2018-03-27
2018-03-28,5,42,203.33000000000004,230.93,425.80999999999995,223.0,2018-04-04
2018-01-01,5,43,250.49,276.36,551.6700000000001,302.0,2018-01-08
2018-01-10,5,43,264.27000000000004,279.16,554.47,291.0,2018-01-17
2018-01-19,5,43,255.47,279.41,554.72,300.0,2018-01-26
2018-01-27,5,43,286.84000000000003,287.84,563.15,277.0,2018-02-03
2018-02-04,5,43,282.23,299.22,574.53,293.0,2018-02-11
2018-02-12,5,43,294.66999999999996,302.84,578.15,284.0,2018-02-19
2018-02-20,5,43,290.48999999999995,299.98,575.29,285.0,2018-02-27
2018-02-27,5,43,323.63,344.45,619.76,297.0,2018-03-06
2018-03-06,5,43,324.30999999999995,346.75,622.06,298.0,2018-03-13
2018-03-13,5,43,323.66999999999996,346.12,621.4300000000001,298.0,2018-03-20
2018-03-20,5,43,323.66999999999996,347.25,622.55,299.0,2018-03-27
2018-03-28,5,43,284.28,323.44,598.75,315.0,2018-04-04
2018-01-01,5,44,143.23999999999998,151.39,308.39,166.0,2018-01-08
2018-01-11,5,44,138.9,152.92,309.92999999999995,172.0,2018-01-18
2018-01-20,5,44,152.44000000000003,153.24,310.25,158.0,2018-01-27
2018-01-29,5,44,154.37,160.24,317.25,163.0,2018-02-05
2018-02-07,5,44,153.61000000000004,162.06,319.07,166.0,2018-02-14
2018-02-16,5,44,151.63000000000005,165.74,322.75,172.0,2018-02-23
2018-02-24,5,44,168.22000000000008,175.62,332.63,165.0,2018-03-03
2018-03-04,5,44,162.68000000000006,189.99,346.99,185.0,2018-03-11
2018-03-11,5,44,189.12000000000006,190.05,347.05,158.0,2018-03-18
2018-03-18,5,44,188.50000000000009,191.76,348.76,161.0,2018-03-25
2018-03-26,5,44,171.07000000000005,188.48,345.48,175.0,2018-04-02
2018-01-01,5,45,391.6,433.48,864.8900000000001,474.0,2018-01-08
2018-01-10,5,45,410.62,430.41,861.82,452.0,2018-01-17
2018-01-19,5,45,400.6,429.08,860.49,460.0,2018-01-26
2018-01-28,5,45,385.02000000000004,449.86,881.27,497.0,2018-02-04
2018-02-05,5,45,459.26,461.61,893.02,434.0,2018-02-12
2018-02-13,5,45,452.50999999999993,465.21,896.61,445.0,2018-02-20
2018-02-21,5,45,453.05999999999983,461.68,893.09,441.0,2018-02-28
2018-02-28,5,45,504.61999999999983,524.99,956.4000000000001,452.0,2018-03-07
2018-03-07,5,45,503.86999999999983,529.34,960.74,457.0,2018-03-14
2018-03-14,5,45,503.7899999999998,527.97,959.3800000000001,456.0,2018-03-21
2018-03-21,5,45,504.0599999999998,526.91,958.3199999999999,455.0,2018-03-28
2018-03-29,5,45,439.57999999999976,503.69,935.09,496.0,2018-04-05
2018-01-01,5,46,285.05,328.22,643.71,359.0,2018-01-08
2018-01-09,5,46,333.77000000000004,334.59,650.0799999999999,317.0,2018-01-16
2018-01-17,5,46,333.3,335.62,651.11,318.0,2018-01-24
2018-01-25,5,46,330.30000000000007,335.25,650.74,321.0,2018-02-01
2018-02-02,5,46,322.9200000000001,364.82,680.31,358.0,2018-02-09
2018-02-10,5,46,322.44000000000005,364.72,680.21,358.0,2018-02-17
2018-02-18,5,46,317.27,363.8,679.29,363.0,2018-02-25
2018-02-25,5,46,370.61,398.49,713.98,344.0,2018-03-04
2018-03-04,5,46,370.27,417.33,732.8199999999999,363.0,2018-03-11
2018-03-11,5,46,370.1099999999999,423.1,738.5899999999999,369.0,2018-03-18
2018-03-18,5,46,370.15999999999985,419.66,735.15,365.0,2018-03-25
2018-03-26,5,46,329.01999999999987,369.63,685.12,357.0,2018-04-02
2018-01-01,5,47,106.47,126.35,244.01999999999998,138.0,2018-01-08
2018-01-09,5,47,129.64000000000001,129.79,247.47,118.0,2018-01-16
2018-01-18,5,47,113.97,129.22,246.9,133.0,2018-01-25
2018-01-26,5,47,126.43,132.81,250.48999999999998,125.0,2018-02-02
2018-02-03,5,47,125.06000000000002,138.56,256.23,132.0,2018-02-10
2018-02-11,5,47,124.05000000000003,138.81,256.49,133.0,2018-02-18
2018-02-19,5,47,129.38,140.43,258.11,129.0,2018-02-26
2018-02-26,5,47,142.88,154.37,272.03999999999996,130.0,2018-03-05
2018-03-04,5,47,159.23000000000002,161.37,279.04999999999995,120.0,2018-03-11
2018-03-11,5,47,142.8,158.79,276.47,134.0,2018-03-18
2018-03-18,5,47,142.94,162.15,279.82,137.0,2018-03-25
2018-03-26,5,47,127.32,142.61,260.28999999999996,133.0,2018-04-02
2018-01-01,5,48,250.04999999999998,287.49,564.26,315.0,2018-01-08
2018-01-10,5,48,264.00999999999993,285.83,562.6099999999999,299.0,2018-01-17
2018-01-19,5,48,254.90999999999988,290.83,567.5999999999999,313.0,2018-01-26
2018-01-27,5,48,287.6199999999999,295.7,572.48,285.0,2018-02-03
2018-02-04,5,48,281.20999999999987,311.88,588.66,308.0,2018-02-11
2018-02-12,5,48,295.35999999999984,316.47,593.25,298.0,2018-02-19
2018-02-20,5,48,290.03999999999985,316.94,593.72,304.0,2018-02-27
2018-02-27,5,48,325.5799999999998,359.59,636.3599999999999,311.0,2018-03-06
2018-03-06,5,48,325.48999999999984,362.52,639.3,314.0,2018-03-13
2018-03-13,5,48,325.4499999999998,367.25,644.03,319.0,2018-03-20
2018-03-20,5,48,325.6899999999999,365.24,642.01,317.0,2018-03-27
2018-03-28,5,48,284.56999999999994,325.24,602.02,318.0,2018-04-04
2018-01-01,5,49,142.7,149.13,305.65,163.0,2018-01-08
2018-01-11,5,49,137.51,151.28,307.79999999999995,171.0,2018-01-18
2018-01-20,5,49,151.65999999999997,151.81,308.33,157.0,2018-01-27
2018-01-29,5,49,153.82999999999996,159.47,315.99,163.0,2018-02-05
2018-02-07,5,49,154.12999999999994,159.99,316.51,163.0,2018-02-14
2018-02-16,5,49,151.89999999999995,156.73,313.25,162.0,2018-02-23
2018-02-24,5,49,168.68999999999994,173.43,329.95,162.0,2018-03-03
2018-03-04,5,49,162.63999999999993,185.95,342.47,180.0,2018-03-11
2018-03-12,5,49,170.91999999999993,183.35,339.87,169.0,2018-03-19
2018-03-20,5,49,167.69999999999993,182.84,339.36,172.0,2018-03-27
2018-03-28,5,49,168.1499999999999,187.73,344.25,177.0,2018-04-04
2018-01-01,5,50,320.90999999999997,355.17,708.73,388.0,2018-01-08
2018-01-10,5,50,336.52,350.24,703.8,368.0,2018-01-17
2018-01-19,5,50,330.53,351.3,704.86,375.0,2018-01-26
2018-01-28,5,50,320.12000000000006,370.94,724.51,405.0,2018-02-04
2018-02-05,5,50,377.7500000000001,384.68,738.25,361.0,2018-02-12
2018-02-13,5,50,371.60000000000014,385.13,738.7,368.0,2018-02-20
2018-02-21,5,50,372.38000000000017,385.4,738.96,367.0,2018-02-28
2018-02-28,5,50,414.5400000000001,443.34,796.9100000000001,383.0,2018-03-07
2018-03-07,5,50,414.76000000000016,446.62,800.19,386.0,2018-03-14
2018-03-14,5,50,414.69000000000017,444.03,797.6,383.0,2018-03-21
2018-03-21,5,50,414.2000000000002,445.86,799.4300000000001,386.0,2018-03-28
2018-03-29,5,50,360.14000000000027,414.1,767.6700000000001,408.0,2018-04-05
2018-01-01,6,1,106.48,113.54,230.71999999999997,125.0,2018-01-08
2018-01-10,6,1,116.72999999999999,116.75,233.93,118.0,2018-01-17
2018-01-19,6,1,115.27000000000001,117.05,234.23000000000002,119.0,2018-01-26
2018-01-28,6,1,110.23,122.03,239.20999999999998,129.0,2018-02-04
2018-02-06,6,1,116.27000000000001,124.38,241.56,126.0,2018-02-13
2018-02-15,6,1,114.32,121.75,238.93,125.0,2018-02-22
2018-02-23,6,1,127.01000000000002,128.62,245.8,119.0,2018-03-02
2018-03-02,6,1,141.29000000000002,144.9,262.08,121.0,2018-03-09
2018-03-09,6,1,141.29000000000002,145.92,263.09999999999997,122.0,2018-03-16
2018-03-16,6,1,141.27000000000004,144.98,262.15999999999997,121.0,2018-03-23
2018-03-23,6,1,141.20000000000005,145.17,262.34999999999997,122.0,2018-03-30
2018-03-31,6,1,122.78000000000006,141.08,258.26,136.0,2018-04-07
2018-01-01,6,2,283.79,313.73,626.76,343.0,2018-01-08
2018-01-10,6,2,296.01000000000005,316.57,629.6099999999999,334.0,2018-01-17
2018-01-19,6,2,288.56,320.38,633.41,345.0,2018-01-26
2018-01-27,6,2,323.91999999999996,328.6,641.6399999999999,318.0,2018-02-03
2018-02-04,6,2,317.80999999999995,345.0,658.03,341.0,2018-02-11
2018-02-12,6,2,333.35999999999996,344.37,657.4,325.0,2018-02-19
2018-02-20,6,2,329.1199999999999,344.64,657.67,329.0,2018-02-27
2018-02-27,6,2,366.5099999999999,396.0,709.04,343.0,2018-03-06
2018-03-06,6,2,366.51999999999987,396.2,709.23,343.0,2018-03-13
2018-03-13,6,2,366.32999999999987,393.3,706.3399999999999,341.0,2018-03-20
2018-03-20,6,2,367.03999999999985,395.62,708.65,342.0,2018-03-27
2018-03-28,6,2,321.27999999999986,366.02,679.06,358.0,2018-04-04
2018-01-01,6,3,177.45,207.84,403.98,227.0,2018-01-08
2018-01-09,6,3,209.09999999999997,212.56,408.7,200.0,2018-01-16
2018-01-17,6,3,209.31999999999996,212.79,408.92999999999995,200.0,2018-01-24
2018-01-25,6,3,207.40999999999997,215.37,411.51,205.0,2018-02-01
2018-02-02,6,3,203.54999999999998,230.41,426.54999999999995,223.0,2018-02-09
2018-02-10,6,3,200.85,229.85,425.99,226.0,2018-02-17
2018-02-18,6,3,199.93000000000004,229.43,425.57,226.0,2018-02-25
2018-02-25,6,3,232.44000000000005,251.31,447.45,216.0,2018-03-04
2018-03-04,6,3,233.08000000000004,265.0,461.14,229.0,2018-03-11
2018-03-11,6,3,233.04000000000002,266.56,462.7,230.0,2018-03-18
2018-03-18,6,3,232.42000000000004,267.98,464.12,232.0,2018-03-25
2018-03-26,6,3,206.08,232.11,428.25,223.0,2018-04-02
2018-01-01,6,4,105.71000000000001,113.45,230.49,125.0,2018-01-08
2018-01-11,6,4,103.95,115.22,232.26999999999998,129.0,2018-01-18
2018-01-21,6,4,100.57999999999998,109.39,226.44,126.0,2018-01-28
2018-01-31,6,4,110.88999999999997,118.63,235.67,125.0,2018-02-07
2018-02-09,6,4,115.03999999999999,118.02,235.06,121.0,2018-02-16
2018-02-18,6,4,111.40999999999998,121.02,238.06,127.0,2018-02-25
2018-02-27,6,4,118.64999999999998,132.41,249.46,131.0,2018-03-06
2018-03-07,6,4,128.2,140.42,257.47,130.0,2018-03-14
2018-03-15,6,4,126.51000000000002,140.01,257.05999999999995,131.0,2018-03-22
2018-03-23,6,4,125.70000000000003,137.55,254.59,129.0,2018-03-30
2018-03-31,6,4,124.07000000000002,142.05,259.09000000000003,136.0,2018-04-07
2018-01-01,6,5,88.7,102.47,199.98,112.0,2018-01-08
2018-01-10,6,5,99.32,101.37,198.88,100.0,2018-01-17
2018-01-19,6,5,97.11000000000003,100.62,198.13,102.0,2018-01-26
2018-01-28,6,5,94.23000000000002,105.09,202.6,109.0,2018-02-04
2018-02-06,6,5,99.29,105.41,202.92,104.0,2018-02-13
2018-02-15,6,5,97.03999999999999,104.29,201.79999999999998,105.0,2018-02-22
2018-02-23,6,5,107.43999999999997,108.48,205.98999999999998,99.0,2018-03-02
2018-03-02,6,5,119.99999999999994,124.48,221.98999999999998,102.0,2018-03-09
2018-03-09,6,5,119.55999999999995,125.68,223.2,104.0,2018-03-16
2018-03-16,6,5,119.91999999999994,123.0,220.51999999999998,101.0,2018-03-23
2018-03-23,6,5,119.94999999999993,125.76,223.26999999999998,104.0,2018-03-30
2018-03-31,6,5,103.46999999999991,119.52,217.03,114.0,2018-04-07
2018-01-01,6,6,284.04999999999995,300.42,612.77,329.0,2018-01-08
2018-01-10,6,6,303.0199999999999,305.25,617.5899999999999,315.0,2018-01-17
2018-01-19,6,6,294.1199999999999,301.09,613.4300000000001,320.0,2018-01-26
2018-01-28,6,6,286.94999999999993,315.5,627.8399999999999,341.0,2018-02-04
2018-02-06,6,6,298.40999999999997,329.38,641.73,344.0,2018-02-13
2018-02-15,6,6,292.56999999999994,330.11,642.45,350.0,2018-02-22
2018-02-23,6,6,324.42999999999995,346.16,658.5,335.0,2018-03-02
2018-03-02,6,6,367.51,382.54,694.88,328.0,2018-03-09
2018-03-09,6,6,367.19,383.41,695.76,329.0,2018-03-16
2018-03-16,6,6,367.01,385.38,697.73,331.0,2018-03-23
2018-03-23,6,6,366.85999999999996,383.24,695.5799999999999,329.0,2018-03-30
2018-03-31,6,6,313.25999999999993,366.54,678.88,366.0,2018-04-07
2018-01-01,6,7,284.88,315.17,629.1199999999999,345.0,2018-01-08
2018-01-10,6,7,298.6,318.55,632.5,334.0,2018-01-17
2018-01-19,6,7,292.21000000000004,321.54,635.49,344.0,2018-01-26
2018-01-27,6,7,326.3,331.51,645.46,320.0,2018-02-03
2018-02-04,6,7,320.4200000000001,348.68,662.6299999999999,343.0,2018-02-11
2018-02-12,6,7,335.1500000000001,346.54,660.49,326.0,2018-02-19
2018-02-20,6,7,329.2400000000001,349.29,663.24,334.0,2018-02-27
2018-02-27,6,7,367.9200000000001,398.81,712.76,345.0,2018-03-06
2018-03-06,6,7,368.0900000000001,403.35,717.3,350.0,2018-03-13
2018-03-13,6,7,368.70000000000005,400.37,714.3199999999999,346.0,2018-03-20
2018-03-20,6,7,368.31000000000006,400.44,714.3900000000001,347.0,2018-03-27
2018-03-28,6,7,323.31,367.96,681.9000000000001,359.0,2018-04-04
2018-01-01,6,8,371.97999999999996,422.47,833.3,462.0,2018-01-08
2018-01-10,6,8,387.22999999999985,419.55,830.38,444.0,2018-01-17
2018-01-19,6,8,377.1799999999998,424.12,834.95,458.0,2018-01-26
2018-01-27,6,8,422.64999999999986,440.49,851.3199999999999,429.0,2018-02-03
2018-02-04,6,8,415.6399999999998,456.64,867.47,452.0,2018-02-11
2018-02-12,6,8,435.73999999999984,459.07,869.9,435.0,2018-02-19
2018-02-20,6,8,429.8399999999998,458.14,868.97,440.0,2018-02-27
2018-02-27,6,8,480.86999999999983,512.46,923.29,443.0,2018-03-06
2018-03-06,6,8,480.57999999999987,523.89,934.72,455.0,2018-03-13
2018-03-13,6,8,480.86999999999983,524.75,935.5799999999999,455.0,2018-03-20
2018-03-20,6,8,480.27999999999986,517.55,928.3799999999999,449.0,2018-03-27
2018-03-28,6,8,420.6299999999999,480.01,890.8399999999999,471.0,2018-04-04
2018-01-01,6,9,251.79000000000002,293.31,571.21,320.0,2018-01-08
2018-01-10,6,9,265.46999999999997,286.35,564.25,299.0,2018-01-17
2018-01-19,6,9,254.80999999999995,291.01,568.9100000000001,315.0,2018-01-26
2018-01-27,6,9,289.2099999999999,297.93,575.83,287.0,2018-02-03
2018-02-04,6,9,282.71999999999986,314.51,592.4100000000001,310.0,2018-02-11
2018-02-12,6,9,296.3199999999999,318.53,596.4300000000001,301.0,2018-02-19
2018-02-20,6,9,292.2199999999998,319.46,597.36,306.0,2018-02-27
2018-02-27,6,9,327.51999999999975,363.08,640.98,314.0,2018-03-06
2018-03-05,6,9,368.63999999999976,369.57,647.47,279.0,2018-03-12
2018-03-11,6,9,363.46999999999974,372.86,650.77,288.0,2018-03-18
2018-03-18,6,9,327.35999999999973,375.92,653.83,327.0,2018-03-25
2018-03-26,6,9,289.9699999999997,326.7,604.6,315.0,2018-04-02
2018-01-01,6,10,353.15999999999997,392.31,782.6299999999999,430.0,2018-01-08
2018-01-10,6,10,371.26000000000005,387.21,777.53,407.0,2018-01-17
2018-01-19,6,10,359.90000000000003,387.56,777.8799999999999,418.0,2018-01-26
2018-01-27,6,10,403.51000000000005,404.15,794.47,391.0,2018-02-03
2018-02-04,6,10,397.5399999999999,414.23,804.55,408.0,2018-02-11
2018-02-12,6,10,417.3499999999999,421.99,812.31,395.0,2018-02-19
2018-02-20,6,10,409.14999999999986,423.37,813.69,405.0,2018-02-27
2018-02-27,6,10,456.88999999999993,478.08,868.4000000000001,412.0,2018-03-06
2018-03-06,6,10,456.9199999999999,485.03,875.3499999999999,419.0,2018-03-13
2018-03-13,6,10,456.98999999999995,490.07,880.3900000000001,424.0,2018-03-20
2018-03-20,6,10,457.03,485.2,875.52,419.0,2018-03-27
2018-03-28,6,10,401.86999999999995,456.43,846.75,445.0,2018-04-04
2018-01-01,6,11,338.53999999999996,370.01,742.3399999999999,404.0,2018-01-08
2018-01-10,6,11,355.06999999999994,370.62,742.95,388.0,2018-01-17
2018-01-19,6,11,342.4,368.77,741.0999999999999,399.0,2018-01-26
2018-01-28,6,11,337.41,382.95,755.28,418.0,2018-02-04
2018-02-05,6,11,398.19000000000005,401.81,774.1399999999999,376.0,2018-02-12
2018-02-13,6,11,391.07000000000005,398.17,770.5,380.0,2018-02-20
2018-02-21,6,11,392.9800000000001,396.62,768.95,376.0,2018-02-28
2018-02-28,6,11,435.84000000000015,454.7,827.03,392.0,2018-03-07
2018-03-07,6,11,436.6000000000002,454.35,826.6800000000001,391.0,2018-03-14
2018-03-14,6,11,436.73000000000013,454.54,826.8699999999999,391.0,2018-03-21
2018-03-21,6,11,436.6600000000001,453.24,825.5699999999999,389.0,2018-03-28
2018-03-29,6,11,379.6600000000001,435.77,808.0999999999999,429.0,2018-04-05
2018-01-01,6,12,336.29999999999995,374.11,745.3199999999999,410.0,2018-01-08
2018-01-10,6,12,353.09999999999997,375.66,746.87,394.0,2018-01-17
2018-01-19,6,12,341.52,375.1,746.31,405.0,2018-01-26
2018-01-28,6,12,333.96000000000004,389.21,760.4300000000001,427.0,2018-02-04
2018-02-05,6,12,395.31000000000006,402.98,774.19,379.0,2018-02-12
2018-02-13,6,12,389.61000000000007,396.68,767.89,379.0,2018-02-20
2018-02-21,6,12,391.0900000000001,397.84,769.06,378.0,2018-02-28
2018-02-28,6,12,434.1400000000001,454.68,825.89,392.0,2018-03-07
2018-03-07,6,12,434.3500000000001,454.51,825.72,392.0,2018-03-14
2018-03-14,6,12,434.73,454.18,825.39,391.0,2018-03-21
2018-03-21,6,12,434.46000000000004,452.03,823.25,389.0,2018-03-28
2018-03-29,6,12,378.20000000000005,434.09,805.3,428.0,2018-04-05
2018-01-01,6,13,409.76,452.5,904.28,495.0,2018-01-08
2018-01-10,6,13,429.27,449.95,901.73,473.0,2018-01-17
2018-01-19,6,13,417.66999999999996,453.93,905.71,489.0,2018-01-26
2018-01-28,6,13,404.56999999999994,471.57,923.35,519.0,2018-02-04
2018-02-05,6,13,480.60999999999996,485.19,936.97,457.0,2018-02-12
2018-02-13,6,13,473.1699999999999,491.45,943.23,471.0,2018-02-20
2018-02-21,6,13,475.0599999999999,488.32,940.1,466.0,2018-02-28
2018-02-28,6,13,528.81,558.69,1010.47,482.0,2018-03-07
2018-03-07,6,13,528.1799999999998,555.68,1007.46,480.0,2018-03-14
2018-03-14,6,13,528.5699999999998,559.75,1011.53,483.0,2018-03-21
2018-03-21,6,13,527.8799999999999,555.66,1007.44,480.0,2018-03-28
2018-03-29,6,13,460.4499999999998,527.87,979.6500000000001,520.0,2018-04-05
2018-01-01,6,14,283.07,313.15,626.4000000000001,344.0,2018-01-08
2018-01-10,6,14,300.08000000000004,307.91,621.15,322.0,2018-01-17
2018-01-19,6,14,294.47,307.41,620.66,327.0,2018-01-26
2018-01-28,6,14,284.48,324.06,637.31,353.0,2018-02-04
2018-02-06,6,14,298.4100000000001,335.89,649.13,351.0,2018-02-13
2018-02-14,6,14,330.28000000000003,334.67,647.9200000000001,318.0,2018-02-21
2018-02-22,6,14,328.32,344.04,657.28,329.0,2018-03-01
2018-03-01,6,14,367.52,389.56,702.81,336.0,2018-03-08
2018-03-08,6,14,368.19999999999993,390.42,703.6700000000001,336.0,2018-03-15
2018-03-15,6,14,368.03,393.12,706.36,339.0,2018-03-22
2018-03-22,6,14,368.14,388.83,702.0799999999999,334.0,2018-03-29
2018-03-30,6,14,316.54999999999995,367.46,680.71,365.0,2018-04-06
2018-01-01,6,15,426.21999999999997,461.65,929.11,503.0,2018-01-08
2018-01-10,6,15,443.3599999999999,456.5,923.97,481.0,2018-01-17
2018-01-19,6,15,434.0899999999999,454.63,922.1,489.0,2018-01-26
2018-01-28,6,15,420.54999999999995,473.99,941.45,521.0,2018-02-04
2018-02-06,6,15,442.15999999999997,488.01,955.48,514.0,2018-02-13
2018-02-14,6,15,489.08999999999986,489.78,957.24,469.0,2018-02-21
2018-02-22,6,15,488.0099999999998,500.78,968.24,481.0,2018-03-01
2018-03-01,6,15,545.4999999999999,561.48,1028.94,484.0,2018-03-08
2018-03-08,6,15,545.2799999999999,558.2,1025.66,481.0,2018-03-15
2018-03-15,6,15,545.3499999999999,560.07,1027.54,483.0,2018-03-22
2018-03-22,6,15,545.5399999999998,557.42,1024.88,480.0,2018-03-29
2018-03-30,6,15,472.27999999999975,544.75,1012.21,540.0,2018-04-06
2018-01-01,6,16,125.12,136.46,274.35,150.0,2018-01-08
2018-01-10,6,16,137.17,140.22,278.12,141.0,2018-01-17
2018-01-19,6,16,132.87,140.41,278.31,146.0,2018-01-26
2018-01-28,6,16,127.86,147.08,284.98,158.0,2018-02-04
2018-02-06,6,16,135.18,150.87,288.77,154.0,2018-02-13
2018-02-14,6,16,148.94,152.55,290.44,142.0,2018-02-21
2018-02-22,6,16,148.25,153.53,291.42,144.0,2018-03-01
2018-03-01,6,16,166.07,175.19,313.09000000000003,148.0,2018-03-08
2018-03-08,6,16,166.24,176.4,314.28999999999996,149.0,2018-03-15
2018-03-15,6,16,166.21,177.17,315.07,149.0,2018-03-22
2018-03-22,6,16,165.39000000000001,174.72,312.61,148.0,2018-03-29
2018-03-30,6,16,143.73000000000005,165.23,303.13,160.0,2018-04-06
2018-01-01,6,17,159.02,180.21,356.54,198.0,2018-01-08
2018-01-10,6,17,168.4,184.37,360.69,193.0,2018-01-17
2018-01-19,6,17,165.4,183.62,359.95000000000005,195.0,2018-01-26
2018-01-27,6,17,185.48,190.68,367.01,182.0,2018-02-03
2018-02-04,6,17,181.30999999999997,198.31,374.63,194.0,2018-02-11
2018-02-12,6,17,191.05,198.1,374.42,184.0,2018-02-19
2018-02-20,6,17,188.14000000000001,198.97,375.3,188.0,2018-02-27
2018-02-27,6,17,209.88000000000005,225.1,401.43,192.0,2018-03-06
2018-03-06,6,17,209.50000000000009,229.23,405.56,197.0,2018-03-13
2018-03-13,6,17,209.99000000000007,230.02,406.35,197.0,2018-03-20
2018-03-20,6,17,209.6800000000001,228.91,405.24,196.0,2018-03-27
2018-03-28,6,17,183.36000000000007,209.06,385.38,203.0,2018-04-04
2018-01-01,6,18,404.52,450.73,898.73,495.0,2018-01-08
2018-01-10,6,18,422.6199999999999,456.05,904.04,482.0,2018-01-17
2018-01-19,6,18,411.3599999999999,458.55,906.55,496.0,2018-01-26
2018-01-27,6,18,462.6199999999999,468.92,916.9200000000001,455.0,2018-02-03
2018-02-04,6,18,454.76999999999987,493.06,941.05,487.0,2018-02-11
2018-02-12,6,18,476.29999999999984,497.62,945.61,470.0,2018-02-19
2018-02-20,6,18,468.18999999999977,492.06,940.05,472.0,2018-02-27
2018-02-27,6,18,522.9699999999998,553.12,1001.12,479.0,2018-03-06
2018-03-06,6,18,523.6699999999998,560.67,1008.66,485.0,2018-03-13
2018-03-13,6,18,522.8299999999998,564.3,1012.29,490.0,2018-03-20
2018-03-20,6,18,523.3599999999999,559.53,1007.52,485.0,2018-03-27
2018-03-28,6,18,458.77999999999986,522.82,970.8199999999999,513.0,2018-04-04
2018-01-01,6,19,194.8,220.02,434.36,240.0,2018-01-08
2018-01-10,6,19,206.07000000000002,220.41,434.76,229.0,2018-01-17
2018-01-19,6,19,201.12,219.46,433.8,233.0,2018-01-26
2018-01-27,6,19,225.76000000000005,226.67,441.01,216.0,2018-02-03
2018-02-04,6,19,221.55000000000004,237.15,451.49,230.0,2018-02-11
2018-02-12,6,19,232.64,235.41,449.75,218.0,2018-02-19
2018-02-20,6,19,228.53999999999996,236.67,451.01,223.0,2018-02-27
2018-02-27,6,19,254.38999999999993,266.96,481.30000000000007,227.0,2018-03-06
2018-03-06,6,19,253.96999999999994,270.7,485.03999999999996,232.0,2018-03-13
2018-03-13,6,19,254.79999999999993,272.9,487.24,233.0,2018-03-20
2018-03-20,6,19,254.42999999999995,273.65,487.99,234.0,2018-03-27
2018-03-28,6,19,223.79999999999998,253.84,468.19,245.0,2018-04-04
2018-01-01,6,20,231.78000000000003,264.9,520.05,289.0,2018-01-08
2018-01-10,6,20,240.9099999999999,270.16,525.3,285.0,2018-01-17
2018-01-18,6,20,268.6899999999999,273.13,528.27,260.0,2018-01-25
2018-01-26,6,20,265.5699999999999,276.98,532.12,267.0,2018-02-02
2018-02-03,6,20,260.1399999999999,292.36,547.51,288.0,2018-02-10
2018-02-11,6,20,259.46999999999986,296.72,551.87,293.0,2018-02-18
2018-02-19,6,20,271.4799999999999,291.93,547.07,276.0,2018-02-26
2018-02-26,6,20,300.3599999999999,330.98,586.1300000000001,286.0,2018-03-05
2018-03-04,6,20,334.07999999999987,340.07,595.22,262.0,2018-03-11
2018-03-11,6,20,300.80999999999983,338.26,593.4000000000001,293.0,2018-03-18
2018-03-18,6,20,300.36999999999983,338.21,593.3600000000001,293.0,2018-03-25
2018-03-25,6,20,299.9499999999998,299.98,555.1300000000001,256.0,2018-04-01
2018-01-01,6,21,197.11,213.35,429.71000000000004,233.0,2018-01-08
2018-01-10,6,21,210.02999999999994,215.87,432.24,223.0,2018-01-17
2018-01-19,6,21,205.55999999999995,217.41,433.77,229.0,2018-01-26
2018-01-28,6,21,198.5799999999999,227.41,443.77,246.0,2018-02-04
2018-02-06,6,21,209.21999999999994,233.08,449.45000000000005,241.0,2018-02-13
2018-02-14,6,21,230.89999999999998,233.26,449.63,219.0,2018-02-21
2018-02-22,6,21,229.02999999999997,237.22,453.59000000000003,225.0,2018-03-01
2018-03-01,6,21,256.44999999999993,268.43,484.79,229.0,2018-03-08
2018-03-08,6,21,256.6799999999999,265.98,482.35,226.0,2018-03-15
2018-03-15,6,21,256.3499999999999,269.76,486.12,230.0,2018-03-22
2018-03-22,6,21,256.2499999999999,270.45,486.82,231.0,2018-03-29
2018-03-30,6,21,220.93999999999988,256.02,472.39,252.0,2018-04-06
2018-01-01,6,22,389.43,422.68,851.0,462.0,2018-01-08
2018-01-10,6,22,406.15000000000003,419.14,847.47,442.0,2018-01-17
2018-01-19,6,22,397.42,419.39,847.71,451.0,2018-01-26
2018-01-28,6,22,386.36,440.03,868.3599999999999,482.0,2018-02-04
2018-02-06,6,22,404.99,452.44,880.77,476.0,2018-02-13
2018-02-14,6,22,449.13,453.66,881.99,433.0,2018-02-21
2018-02-22,6,22,445.07000000000005,464.88,893.21,449.0,2018-03-01
2018-03-01,6,22,500.6000000000001,518.58,946.9000000000001,447.0,2018-03-08
2018-03-08,6,22,500.44000000000005,521.3,949.6299999999999,450.0,2018-03-15
2018-03-15,6,22,500.5500000000002,519.14,947.47,447.0,2018-03-22
2018-03-22,6,22,499.82000000000005,515.06,943.3899999999999,444.0,2018-03-29
2018-03-30,6,22,431.29,499.76,928.0899999999999,497.0,2018-04-06
2018-01-01,6,23,142.48999999999998,163.89,320.4,178.0,2018-01-08
2018-01-10,6,23,151.77,165.38,321.9,171.0,2018-01-17
2018-01-19,6,23,150.33000000000004,163.69,320.21,170.0,2018-01-26
2018-01-27,6,23,166.90000000000003,169.59,326.11,160.0,2018-02-03
2018-02-04,6,23,163.55,176.75,333.27,170.0,2018-02-11
2018-02-12,6,23,171.52,175.87,332.39,161.0,2018-02-19
2018-02-20,6,23,168.18000000000004,175.96,332.47999999999996,165.0,2018-02-27
2018-02-27,6,23,188.30000000000004,201.11,357.63,170.0,2018-03-06
2018-03-06,6,23,188.26000000000005,203.5,360.02,172.0,2018-03-13
2018-03-13,6,23,187.82000000000005,203.74,360.26,173.0,2018-03-20
2018-03-20,6,23,188.16000000000003,202.99,359.51,172.0,2018-03-27
2018-03-28,6,23,165.78000000000006,187.57,344.09,179.0,2018-04-04
2018-01-01,6,24,322.97,358.84,713.8799999999999,391.0,2018-01-08
2018-01-10,6,24,338.0300000000001,355.28,710.3199999999999,373.0,2018-01-17
2018-01-19,6,24,330.8100000000001,357.2,712.24,382.0,2018-01-26
2018-01-27,6,24,369.3000000000002,369.92,724.96,356.0,2018-02-03
2018-02-04,6,24,362.9500000000002,386.9,741.9399999999999,379.0,2018-02-11
2018-02-12,6,24,378.8000000000002,388.76,743.8,365.0,2018-02-19
2018-02-20,6,24,373.0200000000003,389.67,744.71,372.0,2018-02-27
2018-02-27,6,24,416.23000000000036,436.76,791.8,376.0,2018-03-06
2018-03-06,6,24,416.36000000000035,447.38,802.42,387.0,2018-03-13
2018-03-13,6,24,416.8600000000004,449.6,804.64,388.0,2018-03-20
2018-03-20,6,24,416.15000000000043,448.84,803.8799999999999,388.0,2018-03-27
2018-03-28,6,24,365.8800000000005,415.9,770.9399999999999,406.0,2018-04-04
2018-01-01,6,25,391.14,440.82,872.45,482.0,2018-01-08
2018-01-10,6,25,406.8099999999999,443.56,875.1800000000001,469.0,2018-01-17
2018-01-19,6,25,394.46999999999997,443.4,875.02,481.0,2018-01-26
2018-01-27,6,25,445.04,457.74,889.36,445.0,2018-02-03
2018-02-04,6,25,437.15,475.43,907.05,470.0,2018-02-11
2018-02-12,6,25,458.28,481.5,913.12,455.0,2018-02-19
2018-02-20,6,25,450.7,475.55,907.1700000000001,457.0,2018-02-27
2018-02-27,6,25,504.17999999999995,533.14,964.76,461.0,2018-03-06
2018-03-06,6,25,504.06999999999994,540.8,972.42,469.0,2018-03-13
2018-03-13,6,25,504.3099999999999,543.18,974.8,471.0,2018-03-20
2018-03-20,6,25,504.15999999999985,542.04,973.66,470.0,2018-03-27
2018-03-28,6,25,441.27999999999986,503.65,935.27,494.0,2018-04-04
2018-01-01,6,26,231.86999999999998,249.52,503.40999999999997,272.0,2018-01-08
2018-01-10,6,26,244.07999999999998,253.5,507.39,264.0,2018-01-17
2018-01-19,6,26,238.02,253.79,507.68000000000006,270.0,2018-01-26
2018-01-28,6,26,231.5,265.9,519.79,289.0,2018-02-04
2018-02-05,6,26,272.39,275.08,528.97,257.0,2018-02-12
2018-02-13,6,26,268.13999999999993,276.43,530.33,263.0,2018-02-20
2018-02-21,6,26,268.48999999999995,276.01,529.9,262.0,2018-02-28
2018-02-28,6,26,298.8399999999999,318.18,572.07,274.0,2018-03-07
2018-03-07,6,26,299.0199999999999,316.08,569.97,271.0,2018-03-14
2018-03-14,6,26,298.2899999999999,320.6,574.49,277.0,2018-03-21
2018-03-21,6,26,299.0499999999999,321.04,574.9300000000001,276.0,2018-03-28
2018-03-29,6,26,258.9399999999999,298.24,552.13,294.0,2018-04-05
2018-01-01,6,27,107.84000000000002,114.91,232.85000000000002,126.0,2018-01-08
2018-01-11,6,27,105.68000000000002,117.65,235.60000000000002,130.0,2018-01-18
2018-01-20,6,27,114.82000000000002,118.15,236.09,122.0,2018-01-27
2018-01-29,6,27,117.92000000000002,123.99,241.94000000000003,125.0,2018-02-05
2018-02-07,6,27,117.63000000000002,127.26,245.20000000000002,128.0,2018-02-14
2018-02-16,6,27,113.24000000000001,128.66,246.61,134.0,2018-02-23
2018-02-24,6,27,126.41000000000003,139.47,257.42,132.0,2018-03-03
2018-03-03,6,27,144.09000000000003,151.01,268.96000000000004,125.0,2018-03-10
2018-03-10,6,27,143.22000000000003,150.84,268.79,126.0,2018-03-17
2018-03-17,6,27,143.54000000000002,151.42,269.37,126.0,2018-03-24
2018-03-24,6,27,143.26000000000002,148.12,266.06,123.0,2018-03-31
2018-01-01,6,28,425.22,467.86,934.97,510.0,2018-01-08
2018-01-10,6,28,440.78,467.52,934.63,494.0,2018-01-17
2018-01-19,6,28,429.2800000000001,467.97,935.08,506.0,2018-01-26
2018-01-27,6,28,481.42,482.99,950.11,469.0,2018-02-03
2018-02-04,6,28,471.61,503.73,970.84,500.0,2018-02-11
2018-02-12,6,28,496.94999999999993,512.05,979.17,483.0,2018-02-19
2018-02-20,6,28,488.3599999999999,503.99,971.1,483.0,2018-02-27
2018-02-27,6,28,544.05,569.23,1036.3400000000001,493.0,2018-03-06
2018-03-06,6,28,544.49,583.96,1051.0700000000002,507.0,2018-03-13
2018-03-13,6,28,544.21,578.42,1045.5300000000002,502.0,2018-03-20
2018-03-20,6,28,544.46,575.68,1042.79,499.0,2018-03-27
2018-03-28,6,28,476.71000000000004,543.82,1010.93,535.0,2018-04-04
2018-01-01,6,29,341.02,362.34,735.79,395.0,2018-01-08
2018-01-10,6,29,356.31,359.94,733.39,378.0,2018-01-17
2018-01-19,6,29,350.51,357.06,730.51,380.0,2018-01-26
2018-01-28,6,29,340.15999999999997,377.05,750.5,411.0,2018-02-04
2018-02-06,6,29,356.01,389.6,763.05,408.0,2018-02-13
2018-02-15,6,29,347.01000000000005,391.76,765.21,419.0,2018-02-22
2018-02-23,6,29,386.9500000000001,407.06,780.51,394.0,2018-03-02
2018-03-02,6,29,436.3300000000001,445.31,818.76,383.0,2018-03-09
2018-03-09,6,29,436.4800000000001,450.77,824.22,388.0,2018-03-16
2018-03-16,6,29,436.17000000000013,452.99,826.44,391.0,2018-03-23
2018-03-23,6,29,436.6300000000001,449.02,822.47,386.0,2018-03-30
2018-03-31,6,29,373.91000000000014,435.89,809.3399999999999,436.0,2018-04-07
2018-01-01,6,30,196.86999999999998,217.58,432.98,237.0,2018-01-08
2018-01-10,6,30,208.53999999999996,216.85,432.25,224.0,2018-01-17
2018-01-19,6,30,203.48000000000002,216.55,431.93999999999994,229.0,2018-01-26
2018-01-28,6,30,196.99,226.97,442.37,246.0,2018-02-04
2018-02-06,6,30,206.93999999999997,232.66,448.04999999999995,242.0,2018-02-13
2018-02-14,6,30,229.62,232.84,448.23,219.0,2018-02-21
2018-02-22,6,30,227.75,237.88,453.28,226.0,2018-03-01
2018-03-01,6,30,255.07999999999998,268.89,484.28,230.0,2018-03-08
2018-03-08,6,30,255.42999999999995,266.78,482.17,227.0,2018-03-15
2018-03-15,6,30,254.88,271.45,486.84,232.0,2018-03-22
2018-03-22,6,30,254.67,270.58,485.98,232.0,2018-03-29
2018-03-30,6,30,219.65999999999994,254.62,470.01,251.0,2018-04-06
2018-01-01,6,31,285.40999999999997,298.8,611.63,327.0,2018-01-08
2018-01-11,6,31,268.27000000000004,295.84,608.6700000000001,341.0,2018-01-18
2018-01-20,6,31,291.8700000000001,295.45,608.27,317.0,2018-01-27
2018-01-29,6,31,300.58000000000015,310.94,623.77,324.0,2018-02-05
2018-02-07,6,31,297.96000000000015,322.74,635.5699999999999,338.0,2018-02-14
2018-02-16,6,31,289.0600000000001,324.56,637.3900000000001,349.0,2018-02-23
2018-02-24,6,31,324.5400000000001,348.77,661.5899999999999,338.0,2018-03-03
2018-03-03,6,31,368.1200000000001,374.11,686.94,319.0,2018-03-10
2018-03-10,6,31,367.34000000000003,379.85,692.6800000000001,326.0,2018-03-17
2018-03-17,6,31,367.82000000000005,379.77,692.5999999999999,325.0,2018-03-24
2018-03-24,6,31,367.4000000000001,383.08,695.9000000000001,329.0,2018-03-31
2018-01-01,6,32,214.54999999999998,225.68,460.25,246.0,2018-01-08
2018-01-10,6,32,226.29000000000002,231.61,466.18,240.0,2018-01-17
2018-01-19,6,32,221.62999999999994,232.52,467.09000000000003,246.0,2018-01-26
2018-01-28,6,32,215.8599999999999,241.26,475.83000000000004,260.0,2018-02-04
2018-02-06,6,32,225.7499999999999,248.49,483.06,258.0,2018-02-13
2018-02-14,6,32,250.09999999999994,252.08,486.65,237.0,2018-02-21
2018-02-22,6,32,247.75999999999993,251.23,485.8,239.0,2018-03-01
2018-03-01,6,32,277.7699999999999,285.12,519.69,242.0,2018-03-08
2018-03-08,6,32,276.8899999999999,283.23,517.8,241.0,2018-03-15
2018-03-15,6,32,276.89999999999986,286.67,521.24,245.0,2018-03-22
2018-03-22,6,32,277.46999999999986,284.74,519.31,242.0,2018-03-29
2018-03-30,6,32,239.86999999999983,276.79,511.36,272.0,2018-04-06
2018-01-01,6,33,336.08,385.14,755.6500000000001,420.0,2018-01-08
2018-01-10,6,33,351.1,381.35,751.86,401.0,2018-01-17
2018-01-19,6,33,338.8,384.79,755.3,417.0,2018-01-26
2018-01-27,6,33,381.96000000000004,398.95,769.46,388.0,2018-02-03
2018-02-04,6,33,376.02,409.12,779.63,404.0,2018-02-11
2018-02-12,6,33,394.48,411.02,781.52,388.0,2018-02-19
2018-02-20,6,33,387.67,410.27,780.78,394.0,2018-02-27
2018-02-27,6,33,434.13000000000005,465.48,835.99,402.0,2018-03-06
2018-03-06,6,33,433.3800000000001,470.27,840.78,408.0,2018-03-13
2018-03-13,6,33,433.85000000000014,474.51,845.02,412.0,2018-03-20
2018-03-20,6,33,434.0900000000001,472.77,843.28,410.0,2018-03-27
2018-03-28,6,33,380.13000000000017,433.24,803.75,424.0,2018-04-04
2018-01-01,6,34,124.58,136.61,274.58000000000004,151.0,2018-01-08
2018-01-10,6,34,137.71,141.67,279.64,142.0,2018-01-17
2018-01-19,6,34,133.17,140.99,278.96000000000004,146.0,2018-01-26
2018-01-28,6,34,128.13,147.45,285.43,158.0,2018-02-04
2018-02-06,6,34,135.63,151.75,289.72,155.0,2018-02-13
2018-02-14,6,34,150.07,153.1,291.07,141.0,2018-02-21
2018-02-22,6,34,148.38,154.44,292.40999999999997,145.0,2018-03-01
2018-03-01,6,34,166.84999999999997,175.58,313.54999999999995,147.0,2018-03-08
2018-03-08,6,34,166.17999999999998,177.43,315.40999999999997,150.0,2018-03-15
2018-03-15,6,34,166.65999999999997,177.72,315.7,150.0,2018-03-22
2018-03-22,6,34,166.83999999999995,175.27,313.24,147.0,2018-03-29
2018-03-30,6,34,144.17999999999998,165.88,303.85,160.0,2018-04-06
2018-01-01,6,35,320.05,361.06,712.5999999999999,393.0,2018-01-08
2018-01-10,6,35,332.8800000000001,355.52,707.06,375.0,2018-01-17
2018-01-19,6,35,325.2600000000001,360.56,712.0999999999999,387.0,2018-01-26
2018-01-27,6,35,363.7800000000001,368.52,720.06,357.0,2018-02-03
2018-02-04,6,35,358.5400000000001,388.18,739.72,382.0,2018-02-11
2018-02-12,6,35,374.53,388.95,740.49,366.0,2018-02-19
2018-02-20,6,35,368.4899999999999,388.36,739.8999999999999,372.0,2018-02-27
2018-02-27,6,35,411.93999999999994,437.15,788.6899999999999,377.0,2018-03-06
2018-03-06,6,35,411.6199999999999,446.18,797.72,387.0,2018-03-13
2018-03-13,6,35,412.2599999999999,449.54,801.0799999999999,389.0,2018-03-20
2018-03-20,6,35,411.5599999999999,447.28,798.8199999999999,388.0,2018-03-27
2018-03-28,6,35,361.8099999999999,411.34,762.8799999999999,402.0,2018-04-04
2018-01-01,6,36,376.17,406.17,819.0999999999999,443.0,2018-01-08
2018-01-10,6,36,395.66,398.34,811.28,416.0,2018-01-17
2018-01-19,6,36,384.95000000000005,404.94,817.8700000000001,433.0,2018-01-26
2018-01-28,6,36,373.0800000000001,418.55,831.48,459.0,2018-02-04
2018-02-06,6,36,393.6400000000001,434.54,847.47,454.0,2018-02-13
2018-02-14,6,36,433.38000000000005,436.85,849.79,417.0,2018-02-21
2018-02-22,6,36,432.55,444.35,857.29,425.0,2018-03-01
2018-03-01,6,36,483.1600000000001,499.87,912.8,430.0,2018-03-08
2018-03-08,6,36,483.2600000000001,495.04,907.97,425.0,2018-03-15
2018-03-15,6,36,483.1800000000001,498.97,911.9000000000001,429.0,2018-03-22
2018-03-22,6,36,483.19000000000005,495.13,908.06,425.0,2018-03-29
2018-03-30,6,36,417.5600000000001,482.9,895.8299999999999,479.0,2018-04-06
2018-01-01,6,37,142.33999999999997,164.48,322.12,180.0,2018-01-08
2018-01-10,6,37,151.98999999999998,163.53,321.16999999999996,170.0,2018-01-17
2018-01-19,6,37,150.74999999999994,163.97,321.61,171.0,2018-01-26
2018-01-27,6,37,167.46999999999994,169.24,326.88,160.0,2018-02-03
2018-02-04,6,37,163.9799999999999,175.95,333.59,170.0,2018-02-11
2018-02-12,6,37,172.27999999999992,175.4,333.03999999999996,161.0,2018-02-19
2018-02-20,6,37,168.9399999999999,175.49,333.13,165.0,2018-02-27
2018-02-27,6,37,189.05999999999992,200.64,358.28,170.0,2018-03-06
2018-03-06,6,37,189.01999999999992,203.03,360.66999999999996,172.0,2018-03-13
2018-03-13,6,37,188.57999999999993,203.27,360.90999999999997,173.0,2018-03-20
2018-03-20,6,37,188.9199999999999,202.52,360.15999999999997,172.0,2018-03-27
2018-03-28,6,37,166.53999999999994,188.23,345.87,180.0,2018-04-04
2018-01-01,6,38,390.38,419.6,850.1600000000001,460.0,2018-01-08
2018-01-10,6,38,410.12,422.12,852.69,443.0,2018-01-17
2018-01-19,6,38,399.74999999999994,427.6,858.1700000000001,459.0,2018-01-26
2018-01-28,6,38,386.26,443.97,874.53,489.0,2018-02-04
2018-02-06,6,38,407.8299999999999,457.38,887.95,481.0,2018-02-13
2018-02-14,6,38,451.2699999999999,459.94,890.51,440.0,2018-02-21
2018-02-22,6,38,446.9299999999999,468.23,898.8,452.0,2018-03-01
2018-03-01,6,38,502.12,519.58,950.1400000000001,449.0,2018-03-08
2018-03-08,6,38,502.96000000000004,525.07,955.6400000000001,453.0,2018-03-15
2018-03-15,6,38,502.29999999999995,526.16,956.73,455.0,2018-03-22
2018-03-22,6,38,502.5499999999999,528.25,958.8199999999999,457.0,2018-03-29
2018-03-30,6,38,434.54999999999995,501.99,932.56,499.0,2018-04-06
2018-01-01,6,39,212.6,240.11,475.04,263.0,2018-01-08
2018-01-10,6,39,224.49000000000004,243.0,477.93,254.0,2018-01-17
2018-01-19,6,39,219.14000000000001,240.88,475.8,257.0,2018-01-26
2018-01-27,6,39,246.06000000000006,252.89,487.81,242.0,2018-02-03
2018-02-04,6,39,241.29000000000008,265.55,500.47,260.0,2018-02-11
2018-02-12,6,39,253.19000000000005,265.09,500.01000000000005,247.0,2018-02-19
2018-02-20,6,39,247.94000000000005,266.06,500.98,254.0,2018-02-27
2018-02-27,6,39,278.38000000000005,303.7,538.63,261.0,2018-03-06
2018-03-06,6,39,278.18000000000006,305.67,540.59,263.0,2018-03-13
2018-03-13,6,39,278.01000000000005,312.3,547.22,270.0,2018-03-20
2018-03-20,6,39,278.21000000000004,311.38,546.3,269.0,2018-03-27
2018-03-28,6,39,242.47,277.41,512.3299999999999,270.0,2018-04-04
2018-01-01,6,40,142.22,164.83,321.14,179.0,2018-01-08
2018-01-09,6,40,169.78000000000003,171.33,327.64,158.0,2018-01-16
2018-01-17,6,40,169.20000000000002,171.49,327.79999999999995,159.0,2018-01-24
2018-01-25,6,40,168.99,170.78,327.09000000000003,159.0,2018-02-01
2018-02-02,6,40,165.74000000000004,183.5,339.81,175.0,2018-02-09
2018-02-10,6,40,163.92000000000002,182.69,339.0,176.0,2018-02-17
2018-02-18,6,40,162.71,182.03,338.34000000000003,176.0,2018-02-25
2018-02-25,6,40,188.19000000000003,200.85,357.15999999999997,169.0,2018-03-04
2018-03-04,6,40,187.82999999999998,209.11,365.41999999999996,178.0,2018-03-11
2018-03-11,6,40,188.22999999999996,209.33,365.64,178.0,2018-03-18
2018-03-18,6,40,188.40999999999997,209.92,366.23,178.0,2018-03-25
2018-03-26,6,40,167.64999999999995,187.81,344.12,177.0,2018-04-02
2018-01-01,6,41,106.33999999999997,115.25,231.79999999999998,126.0,2018-01-08
2018-01-10,6,41,117.11999999999998,117.54,234.08999999999997,117.0,2018-01-17
2018-01-19,6,41,115.09999999999998,117.72,234.26999999999998,120.0,2018-01-26
2018-01-28,6,41,111.72999999999999,122.81,239.35999999999999,128.0,2018-02-04
2018-02-06,6,41,117.22999999999998,127.09,243.64,127.0,2018-02-13
2018-02-15,6,41,114.38000000000001,127.61,244.16,130.0,2018-02-22
2018-02-23,6,41,125.38000000000001,136.84,253.39,129.0,2018-03-02
2018-03-02,6,41,142.65000000000003,150.92,267.46999999999997,125.0,2018-03-09
2018-03-09,6,41,141.83000000000004,150.9,267.45,126.0,2018-03-16
2018-03-16,6,41,142.04000000000002,151.34,267.89,126.0,2018-03-23
2018-03-23,6,41,141.8,148.28,264.83,124.0,2018-03-30
2018-03-31,6,41,123.38000000000004,141.63,258.17999999999995,135.0,2018-04-07
2018-01-01,6,42,177.95,190.21,385.58000000000004,208.0,2018-01-08
2018-01-11,6,42,169.5,190.11,385.49,216.0,2018-01-18
2018-01-20,6,42,184.29000000000002,189.8,385.17,201.0,2018-01-27
2018-01-29,6,42,189.76000000000005,200.4,395.77,207.0,2018-02-05
2018-02-07,6,42,188.76000000000008,204.12,399.49,211.0,2018-02-14
2018-02-16,6,42,184.30000000000007,204.3,399.67,216.0,2018-02-23
2018-02-24,6,42,206.02000000000007,218.43,413.8,208.0,2018-03-03
2018-03-03,6,42,232.54000000000005,234.59,429.96000000000004,198.0,2018-03-10
2018-03-10,6,42,232.90000000000003,233.83,429.21000000000004,197.0,2018-03-17
2018-03-17,6,42,233.02,234.17,429.54,197.0,2018-03-24
2018-03-24,6,42,232.81999999999996,237.12,432.5,200.0,2018-03-31
2018-01-01,6,43,249.95999999999998,274.71,549.03,300.0,2018-01-08
2018-01-10,6,43,263.3999999999999,274.19,548.51,286.0,2018-01-17
2018-01-19,6,43,255.58999999999992,279.45,553.77,299.0,2018-01-26
2018-01-27,6,43,285.95,287.08,561.4,276.0,2018-02-03
2018-02-04,6,43,281.4,297.39,571.72,291.0,2018-02-11
2018-02-12,6,43,293.72999999999996,302.56,576.89,284.0,2018-02-19
2018-02-20,6,43,289.88999999999993,299.24,573.5699999999999,284.0,2018-02-27
2018-02-27,6,43,322.83,342.59,616.91,295.0,2018-03-06
2018-03-06,6,43,323.41999999999996,347.19,621.52,299.0,2018-03-13
2018-03-13,6,43,323.4,346.65,620.98,298.0,2018-03-20
2018-03-20,6,43,322.92999999999995,347.31,621.63,299.0,2018-03-27
2018-03-28,6,43,283.53999999999996,322.55,596.87,314.0,2018-04-04
2018-01-01,6,44,143.24,157.21,314.15,171.0,2018-01-08
2018-01-10,6,44,151.42000000000002,162.58,319.53,169.0,2018-01-17
2018-01-19,6,44,149.88,162.47,319.40999999999997,170.0,2018-01-26
2018-01-27,6,44,167.04,168.15,325.09000000000003,159.0,2018-02-03
2018-02-04,6,44,164.11,175.22,332.15999999999997,169.0,2018-02-11
2018-02-12,6,44,172.03000000000003,174.95,331.89,160.0,2018-02-19
2018-02-20,6,44,168.05,175.69,332.63,165.0,2018-02-27
2018-02-27,6,44,187.87,199.53,356.47,169.0,2018-03-06
2018-03-06,6,44,187.84,202.85,359.78999999999996,172.0,2018-03-13
2018-03-13,6,44,187.48000000000002,202.6,359.53999999999996,173.0,2018-03-20
2018-03-20,6,44,188.37,202.34,359.28999999999996,171.0,2018-03-27
2018-03-28,6,44,165.07000000000002,187.42,344.37,180.0,2018-04-04
2018-01-01,6,45,390.5,415.33,844.1600000000001,454.0,2018-01-08
2018-01-10,6,45,411.75,419.09,847.9100000000001,437.0,2018-01-17
2018-01-19,6,45,400.97,416.11,844.9300000000001,444.0,2018-01-26
2018-01-28,6,45,390.26,435.0,863.8299999999999,474.0,2018-02-04
2018-02-06,6,45,408.93,446.26,875.0799999999999,467.0,2018-02-13
2018-02-15,6,45,399.73999999999995,447.59,876.4100000000001,477.0,2018-02-22
2018-02-23,6,45,446.19,467.64,896.47,451.0,2018-03-02
2018-03-02,6,45,502.4,509.57,938.4000000000001,437.0,2018-03-09
2018-03-09,6,45,502.67999999999995,516.19,945.01,443.0,2018-03-16
2018-03-16,6,45,502.34,514.38,943.21,441.0,2018-03-23
2018-03-23,6,45,501.8,514.16,942.99,442.0,2018-03-30
2018-03-31,6,45,430.55,501.66,930.48,500.0,2018-04-07
2018-01-01,6,46,284.82,322.12,635.86,352.0,2018-01-08
2018-01-10,6,46,299.38,322.3,636.05,337.0,2018-01-17
2018-01-19,6,46,289.21999999999997,325.46,639.21,350.0,2018-01-26
2018-01-27,6,46,325.55999999999995,338.71,652.45,327.0,2018-02-03
2018-02-04,6,46,317.87999999999994,356.18,669.93,353.0,2018-02-11
2018-02-12,6,46,335.14,361.99,675.74,341.0,2018-02-19
2018-02-20,6,46,328.26,361.33,675.07,347.0,2018-02-27
2018-02-27,6,46,368.84,410.23,723.97,356.0,2018-03-06
2018-03-06,6,46,369.5299999999999,415.54,729.28,360.0,2018-03-13
2018-03-12,6,46,416.7899999999999,420.95,734.69,318.0,2018-03-19
2018-03-18,6,46,410.10999999999996,419.17,732.91,323.0,2018-03-25
2018-03-26,6,46,328.2099999999999,368.64,682.38,355.0,2018-04-02
2018-01-01,6,47,105.54,127.91,245.57999999999998,141.0,2018-01-08
2018-01-09,6,47,129.25,130.34,247.99999999999997,119.0,2018-01-16
2018-01-18,6,47,114.12999999999995,128.74,246.39999999999998,133.0,2018-01-25
2018-01-26,6,47,126.57999999999996,132.87,250.54,124.0,2018-02-02
2018-02-03,6,47,123.45999999999997,138.54,256.21,133.0,2018-02-10
2018-02-11,6,47,123.02,138.36,256.03,134.0,2018-02-18
2018-02-19,6,47,129.35,140.15,257.80999999999995,129.0,2018-02-26
2018-02-26,6,47,142.68,153.96,271.63,129.0,2018-03-05
2018-03-04,6,47,157.99000000000004,160.92,278.59,121.0,2018-03-11
2018-03-11,6,47,142.56000000000003,158.34,276.01,134.0,2018-03-18
2018-03-18,6,47,142.70000000000002,161.7,279.36,137.0,2018-03-25
2018-03-26,6,47,127.08000000000001,142.15,259.82,133.0,2018-04-02
2018-01-01,6,48,249.36999999999998,277.38,551.71,303.0,2018-01-08
2018-01-10,6,48,263.31,277.4,551.73,289.0,2018-01-17
2018-01-19,6,48,257.02,275.57,549.9,293.0,2018-01-26
2018-01-27,6,48,285.5,286.3,560.63,276.0,2018-02-03
2018-02-04,6,48,281.94000000000005,296.03,570.3599999999999,289.0,2018-02-11
2018-02-12,6,48,294.70000000000005,300.7,575.03,281.0,2018-02-19
2018-02-20,6,48,290.03000000000003,296.04,570.3699999999999,281.0,2018-02-27
2018-02-27,6,48,323.41,340.53,614.8599999999999,292.0,2018-03-06
2018-03-06,6,48,323.27,344.44,618.77,296.0,2018-03-13
2018-03-13,6,48,323.23999999999995,342.96,617.29,295.0,2018-03-20
2018-03-20,6,48,323.67999999999995,344.48,618.81,296.0,2018-03-27
2018-03-28,6,48,284.3299999999999,322.76,597.0899999999999,313.0,2018-04-04
2018-01-01,6,49,141.70000000000002,148.37,303.48,162.0,2018-01-08
2018-01-11,6,49,135.85999999999999,151.41,306.53,171.0,2018-01-18
2018-01-20,6,49,148.58999999999997,151.38,306.5,158.0,2018-01-27
2018-01-29,6,49,151.02999999999994,158.32,313.43,163.0,2018-02-05
2018-02-07,6,49,151.32999999999993,158.83,313.95,163.0,2018-02-14
2018-02-16,6,49,149.09999999999994,155.57,310.69,162.0,2018-02-23
2018-02-24,6,49,165.88999999999993,172.27,327.39,162.0,2018-03-03
2018-03-04,6,49,159.83999999999992,184.8,339.91,181.0,2018-03-11
2018-03-12,6,49,169.11999999999995,182.19,337.31,169.0,2018-03-19
2018-03-20,6,49,165.89999999999998,181.68,336.8,171.0,2018-03-27
2018-03-28,6,49,165.34999999999994,185.22,340.34,175.0,2018-04-04
2018-01-01,6,50,322.71000000000004,359.27,714.31,392.0,2018-01-08
2018-01-10,6,50,337.33000000000004,360.08,715.12,378.0,2018-01-17
2018-01-19,6,50,327.2300000000001,357.27,712.31,386.0,2018-01-26
2018-01-28,6,50,318.93,372.35,727.38,409.0,2018-02-04
2018-02-05,6,50,378.5300000000001,388.78,743.8199999999999,366.0,2018-02-12
2018-02-13,6,50,371.97,387.47,742.5,371.0,2018-02-20
2018-02-21,6,50,371.65000000000003,388.27,743.3,372.0,2018-02-28
2018-02-28,6,50,415.2900000000001,443.83,798.87,384.0,2018-03-07
2018-03-07,6,50,415.37000000000006,447.87,802.91,388.0,2018-03-14
2018-03-14,6,50,415.4000000000001,450.0,805.04,390.0,2018-03-21
2018-03-21,6,50,415.32000000000005,447.18,802.2099999999999,387.0,2018-03-28
2018-03-29,6,50,359.4000000000001,414.98,770.01,411.0,2018-04-05
2018-01-01,7,1,96.44,111.29,217.76,122.0,2018-01-08
2018-01-10,7,1,106.78000000000002,106.96,213.43,107.0,2018-01-17
2018-01-19,7,1,105.46000000000002,108.4,214.87,110.0,2018-01-26
2018-01-28,7,1,101.55000000000001,112.58,219.04,118.0,2018-02-04
2018-02-06,7,1,106.30000000000001,115.9,222.37,117.0,2018-02-13
2018-02-14,7,1,117.80000000000003,118.9,225.37,108.0,2018-02-21
2018-02-22,7,1,116.13000000000002,120.7,227.17000000000002,112.0,2018-03-01
2018-03-01,7,1,130.23000000000002,132.34,238.81,109.0,2018-03-08
2018-03-08,7,1,129.69,138.96,245.43,116.0,2018-03-15
2018-03-15,7,1,129.51999999999998,137.79,244.26,115.0,2018-03-22
2018-03-22,7,1,129.53999999999996,136.36,242.83,114.0,2018-03-29
2018-03-30,7,1,113.02999999999997,129.25,235.72,123.0,2018-04-06
2018-01-01,7,2,260.54,284.77,570.5799999999999,311.0,2018-01-08
2018-01-10,7,2,273.32,283.58,569.39,297.0,2018-01-17
2018-01-19,7,2,268.43,281.73,567.54,300.0,2018-01-26
2018-01-28,7,2,259.24,292.17,577.97,319.0,2018-02-04
2018-02-06,7,2,275.09,304.62,590.4300000000001,316.0,2018-02-13
2018-02-14,7,2,302.14,303.57,589.38,288.0,2018-02-21
2018-02-22,7,2,299.98,309.85,595.65,296.0,2018-03-01
2018-03-01,7,2,335.60999999999996,351.35,637.15,302.0,2018-03-08
2018-03-08,7,2,335.73,348.34,634.15,299.0,2018-03-15
2018-03-15,7,2,335.8400000000001,353.25,639.06,304.0,2018-03-22
2018-03-22,7,2,336.0600000000001,348.17,633.98,298.0,2018-03-29
2018-03-30,7,2,289.4300000000001,335.28,621.0799999999999,332.0,2018-04-06
2018-01-01,7,3,163.44,184.36,363.90999999999997,201.0,2018-01-08
2018-01-10,7,3,173.77000000000004,186.85,366.4,193.0,2018-01-17
2018-01-19,7,3,172.12000000000003,185.23,364.78,193.0,2018-01-26
2018-01-27,7,3,190.28,192.49,372.03999999999996,182.0,2018-02-03
2018-02-04,7,3,186.23,199.2,378.75,193.0,2018-02-11
2018-02-12,7,3,196.69,199.34,378.89,183.0,2018-02-19
2018-02-20,7,3,193.44,200.48,380.02,187.0,2018-02-27
2018-02-27,7,3,214.80999999999995,226.26,405.80999999999995,191.0,2018-03-06
2018-03-06,7,3,214.39,230.62,410.15999999999997,196.0,2018-03-13
2018-03-13,7,3,214.61,231.34,410.89,197.0,2018-03-20
2018-03-20,7,3,215.12,229.48,409.03,194.0,2018-03-27
2018-03-28,7,3,188.32999999999998,214.37,393.91999999999996,206.0,2018-04-04
2018-01-01,7,4,97.95,104.63,211.94,114.0,2018-01-08
2018-01-11,7,4,97.92000000000002,101.94,209.25,112.0,2018-01-18
2018-01-21,7,4,93.14,101.62,208.92000000000002,116.0,2018-01-28
2018-01-31,7,4,101.16000000000004,108.55,215.86,115.0,2018-02-07
2018-02-09,7,4,105.67000000000006,105.85,213.15,108.0,2018-02-16
2018-02-18,7,4,103.29000000000006,104.21,211.51,109.0,2018-02-25
2018-02-27,7,4,110.8500000000001,120.72,228.02,118.0,2018-03-06
2018-03-07,7,4,117.2700000000001,126.67,233.98000000000002,117.0,2018-03-14
2018-03-15,7,4,115.25000000000009,124.97,232.27,118.0,2018-03-22
2018-03-23,7,4,115.87000000000008,126.9,234.21,119.0,2018-03-30
2018-03-31,7,4,113.80000000000008,130.0,237.31,124.0,2018-04-07
2018-01-01,7,5,81.16,93.08,182.39999999999998,102.0,2018-01-08
2018-01-11,7,5,81.07000000000001,89.53,178.86,98.0,2018-01-18
2018-01-20,7,5,87.73000000000002,89.94,179.26,92.0,2018-01-27
2018-01-29,7,5,90.59000000000003,95.49,184.81,95.0,2018-02-05
2018-02-07,7,5,89.89000000000004,96.78,186.1,97.0,2018-02-14
2018-02-16,7,5,87.92000000000004,95.27,184.59,97.0,2018-02-23
2018-02-24,7,5,97.82000000000005,104.34,193.66,96.0,2018-03-03
2018-03-03,7,5,109.59000000000007,114.93,204.25,95.0,2018-03-10
2018-03-10,7,5,109.79000000000008,116.48,205.8,97.0,2018-03-17
2018-03-17,7,5,110.43000000000008,116.96,206.28,96.0,2018-03-24
2018-03-24,7,5,109.59000000000009,115.92,205.24,96.0,2018-03-31
2018-01-01,7,6,260.1,278.7,564.4300000000001,305.0,2018-01-08
2018-01-10,7,6,276.85,280.91,566.64,290.0,2018-01-17
2018-01-19,7,6,268.15000000000003,282.67,568.4000000000001,301.0,2018-01-26
2018-01-28,7,6,260.55,293.74,579.48,319.0,2018-02-04
2018-02-06,7,6,275.80999999999995,304.74,590.47,315.0,2018-02-13
2018-02-14,7,6,302.94999999999993,304.99,590.72,288.0,2018-02-21
2018-02-22,7,6,300.5399999999999,310.97,596.7,297.0,2018-03-01
2018-03-01,7,6,337.22999999999996,352.94,638.6800000000001,302.0,2018-03-08
2018-03-08,7,6,336.96,350.36,636.09,300.0,2018-03-15
2018-03-15,7,6,337.28,355.05,640.78,304.0,2018-03-22
2018-03-22,7,6,336.9299999999999,350.38,636.12,300.0,2018-03-29
2018-03-30,7,6,291.25999999999993,336.43,622.1600000000001,331.0,2018-04-06
2018-01-01,7,7,260.04,296.66,583.52,324.0,2018-01-08
2018-01-10,7,7,274.15999999999997,296.74,583.5999999999999,310.0,2018-01-17
2018-01-19,7,7,265.05,301.72,588.5899999999999,324.0,2018-01-26
2018-01-27,7,7,298.07000000000005,311.02,597.8799999999999,300.0,2018-02-03
2018-02-04,7,7,290.47,326.94,613.8,324.0,2018-02-11
2018-02-12,7,7,305.66,328.59,615.4499999999999,310.0,2018-02-19
2018-02-20,7,7,300.92,329.76,616.6199999999999,316.0,2018-02-27
2018-02-27,7,7,337.05000000000007,375.6,662.47,326.0,2018-03-06
2018-03-06,7,7,337.3300000000001,380.35,667.22,330.0,2018-03-13
2018-03-12,7,7,380.65000000000003,383.38,670.24,290.0,2018-03-19
2018-03-18,7,7,375.11,383.38,670.24,296.0,2018-03-25
2018-03-26,7,7,300.41,336.77,623.6299999999999,324.0,2018-04-02
2018-01-01,7,8,342.52,375.3,752.6,411.0,2018-01-08
2018-01-10,7,8,359.2099999999999,375.09,752.39,394.0,2018-01-17
2018-01-19,7,8,348.77,381.86,759.1600000000001,411.0,2018-01-26
2018-01-27,7,8,389.07,390.72,768.01,379.0,2018-02-03
2018-02-04,7,8,382.27,405.54,782.8299999999999,401.0,2018-02-11
2018-02-12,7,8,401.53999999999996,402.68,779.98,379.0,2018-02-19
2018-02-20,7,8,395.40999999999985,402.75,780.04,385.0,2018-02-27
2018-02-27,7,8,440.17999999999984,457.04,834.3399999999999,395.0,2018-03-06
2018-03-06,7,8,440.65999999999985,461.3,838.5899999999999,398.0,2018-03-13
2018-03-13,7,8,439.8799999999999,465.58,842.87,403.0,2018-03-20
2018-03-20,7,8,439.8199999999998,464.4,841.69,402.0,2018-03-27
2018-03-28,7,8,386.8199999999998,439.8,817.0899999999999,431.0,2018-04-04
2018-01-01,7,9,230.21,243.52,495.37,266.0,2018-01-08
2018-01-11,7,9,215.78000000000003,243.66,495.52,280.0,2018-01-18
2018-01-20,7,9,233.78000000000006,243.52,495.38,262.0,2018-01-27
2018-01-29,7,9,240.73000000000005,260.69,512.54,272.0,2018-02-05
2018-02-07,7,9,238.05000000000007,266.41,518.27,281.0,2018-02-14
2018-02-15,7,9,265.39000000000004,268.27,520.12,255.0,2018-02-22
2018-02-23,7,9,262.84000000000003,280.65,532.51,270.0,2018-03-02
2018-03-02,7,9,296.9200000000001,309.24,561.09,265.0,2018-03-09
2018-03-09,7,9,297.4100000000001,309.37,561.23,264.0,2018-03-16
2018-03-16,7,9,296.7600000000001,313.42,565.27,269.0,2018-03-23
2018-03-23,7,9,297.07000000000005,316.22,568.07,271.0,2018-03-30
2018-03-30,7,9,296.57000000000005,296.6,548.45,252.0,2018-04-06
2018-01-01,7,10,327.88,349.49,708.53,381.0,2018-01-08
2018-01-10,7,10,344.24,350.8,709.8299999999999,366.0,2018-01-17
2018-01-19,7,10,334.12000000000006,353.82,712.8499999999999,379.0,2018-01-26
2018-01-28,7,10,327.33000000000015,369.54,728.5699999999999,402.0,2018-02-04
2018-02-06,7,10,342.45000000000016,384.6,743.6299999999999,402.0,2018-02-13
2018-02-14,7,10,377.7800000000002,385.89,744.92,368.0,2018-02-21
2018-02-22,7,10,375.07000000000016,394.43,753.46,379.0,2018-03-01
2018-03-01,7,10,420.57000000000016,440.29,799.3299999999999,379.0,2018-03-08
2018-03-08,7,10,420.23000000000013,448.6,807.64,388.0,2018-03-15
2018-03-15,7,10,420.5700000000001,446.37,805.4,385.0,2018-03-22
2018-03-22,7,10,420.1500000000001,445.88,804.92,385.0,2018-03-29
2018-03-30,7,10,362.0900000000001,419.99,779.02,417.0,2018-04-06
2018-01-01,7,11,307.95000000000005,355.7,696.5899999999999,389.0,2018-01-08
2018-01-10,7,11,321.25000000000006,352.66,693.56,373.0,2018-01-17
2018-01-19,7,11,312.4400000000001,354.69,695.5899999999999,384.0,2018-01-26
2018-01-27,7,11,352.4200000000001,367.09,707.99,356.0,2018-02-03
2018-02-04,7,11,345.70000000000005,385.22,726.1100000000001,381.0,2018-02-11
2018-02-12,7,11,361.77,387.03,727.9300000000001,367.0,2018-02-19
2018-02-20,7,11,357.5,387.93,728.8199999999999,372.0,2018-02-27
2018-02-27,7,11,399.49000000000007,433.53,774.4300000000001,375.0,2018-03-06
2018-03-06,7,11,398.88000000000005,444.94,785.8399999999999,387.0,2018-03-13
2018-03-13,7,11,398.8500000000001,446.34,787.24,389.0,2018-03-20
2018-03-20,7,11,399.43000000000006,445.87,786.77,388.0,2018-03-27
2018-03-28,7,11,349.16000000000014,398.85,739.74,391.0,2018-04-04
2018-01-01,7,12,309.1,353.06,694.87,386.0,2018-01-08
2018-01-10,7,12,324.09000000000003,354.76,696.5699999999999,373.0,2018-01-17
2018-01-19,7,12,314.43000000000006,355.36,697.1700000000001,383.0,2018-01-26
2018-01-27,7,12,354.14000000000004,367.74,709.55,356.0,2018-02-03
2018-02-04,7,12,348.3300000000001,385.97,727.78,380.0,2018-02-11
2018-02-12,7,12,363.96000000000004,387.54,729.35,366.0,2018-02-19
2018-02-20,7,12,358.75,388.51,730.3199999999999,372.0,2018-02-27
2018-02-27,7,12,401.47,434.84,776.6500000000001,376.0,2018-03-06
2018-03-06,7,12,401.88000000000005,446.27,788.0799999999999,387.0,2018-03-13
2018-03-13,7,12,401.8500000000001,447.44,789.25,388.0,2018-03-20
2018-03-20,7,12,401.6600000000001,447.2,789.01,388.0,2018-03-27
2018-03-28,7,12,351.39000000000016,401.03,742.84,392.0,2018-04-04
2018-01-01,7,13,372.06,428.2,840.15,469.0,2018-01-08
2018-01-10,7,13,387.71,427.73,839.67,452.0,2018-01-17
2018-01-18,7,13,430.0699999999999,430.72,842.67,413.0,2018-01-25
2018-01-26,7,13,426.89999999999986,435.64,847.5899999999999,421.0,2018-02-02
2018-02-03,7,13,418.3299999999999,460.51,872.46,455.0,2018-02-10
2018-02-11,7,13,415.5299999999999,462.06,874.01,459.0,2018-02-18
2018-02-19,7,13,436.0899999999999,459.63,871.5799999999999,436.0,2018-02-26
2018-02-26,7,13,480.84999999999985,505.08,917.02,437.0,2018-03-05
2018-03-05,7,13,481.1699999999999,522.7,934.6500000000001,454.0,2018-03-12
2018-03-12,7,13,480.8599999999998,525.93,937.8699999999999,458.0,2018-03-19
2018-03-19,7,13,481.3199999999998,525.28,937.23,456.0,2018-03-26
2018-03-27,7,13,421.5599999999998,480.35,892.3,471.0,2018-04-03
2018-01-01,7,14,261.13,293.01,581.3399999999999,321.0,2018-01-08
2018-01-10,7,14,274.95,294.65,582.98,309.0,2018-01-17
2018-01-19,7,14,267.18999999999994,292.47,580.8,314.0,2018-01-26
2018-01-28,7,14,259.74,303.7,592.03,333.0,2018-02-04
2018-02-05,7,14,308.68000000000006,317.48,605.81,298.0,2018-02-12
2018-02-13,7,14,303.18000000000006,319.96,608.28,306.0,2018-02-20
2018-02-21,7,14,303.71000000000004,321.07,609.4000000000001,306.0,2018-02-28
2018-02-28,7,14,338.36000000000007,370.35,658.6800000000001,321.0,2018-03-07
2018-03-07,7,14,338.7300000000001,372.23,660.55,322.0,2018-03-14
2018-03-14,7,14,338.22,374.95,663.28,326.0,2018-03-21
2018-03-21,7,14,338.9800000000001,377.4,665.72,327.0,2018-03-28
2018-03-29,7,14,291.68000000000006,338.07,626.4000000000001,335.0,2018-04-05
2018-01-01,7,15,390.27,429.74,859.26,469.0,2018-01-08
2018-01-10,7,15,405.83,429.46,858.98,454.0,2018-01-17
2018-01-19,7,15,399.15000000000003,425.76,855.28,457.0,2018-01-26
2018-01-28,7,15,383.47,446.5,876.02,493.0,2018-02-04
2018-02-05,7,15,456.40999999999997,458.52,888.04,432.0,2018-02-12
2018-02-13,7,15,449.83,460.58,890.0999999999999,441.0,2018-02-20
2018-02-21,7,15,450.4199999999999,459.82,889.3399999999999,439.0,2018-02-28
2018-02-28,7,15,500.9299999999999,522.46,951.98,452.0,2018-03-07
2018-03-07,7,15,501.8099999999999,525.78,955.3,454.0,2018-03-14
2018-03-14,7,15,501.3699999999999,526.95,956.47,456.0,2018-03-21
2018-03-21,7,15,501.72999999999996,525.56,955.08,454.0,2018-03-28
2018-03-29,7,15,436.75,500.83,930.3499999999999,494.0,2018-04-05
2018-01-01,7,16,112.89,130.7,255.73000000000002,143.0,2018-01-08
2018-01-10,7,16,123.44,133.43,258.46,136.0,2018-01-17
2018-01-19,7,16,120.45000000000002,131.07,256.09,136.0,2018-01-26
2018-01-27,7,16,133.96,137.22,262.24,129.0,2018-02-03
2018-02-04,7,16,132.61,142.13,267.15,135.0,2018-02-11
2018-02-12,7,16,138.52,142.93,267.95,130.0,2018-02-19
2018-02-20,7,16,136.23999999999998,144.35,269.38,134.0,2018-02-27
2018-02-27,7,16,151.85999999999999,162.8,287.82,136.0,2018-03-06
2018-03-06,7,16,151.05999999999997,166.49,291.51,141.0,2018-03-13
2018-03-13,7,16,151.56,169.32,294.34000000000003,143.0,2018-03-20
2018-03-20,7,16,151.24,167.15,292.17,141.0,2018-03-27
2018-03-28,7,16,132.57000000000002,150.97,276.0,144.0,2018-04-04
2018-01-01,7,17,145.82000000000002,162.79,323.37,178.0,2018-01-08
2018-01-10,7,17,154.47000000000003,167.38,327.96000000000004,174.0,2018-01-17
2018-01-19,7,17,152.87000000000003,167.73,328.3,176.0,2018-01-26
2018-01-27,7,17,170.92,171.13,331.71000000000004,161.0,2018-02-03
2018-02-04,7,17,165.88999999999996,179.25,339.82000000000005,174.0,2018-02-11
2018-02-12,7,17,174.63,181.12,341.70000000000005,168.0,2018-02-19
2018-02-20,7,17,172.92,178.98,339.56,167.0,2018-02-27
2018-02-27,7,17,191.75,202.54,363.11,172.0,2018-03-06
2018-03-06,7,17,192.03999999999996,204.75,365.32000000000005,174.0,2018-03-13
2018-03-13,7,17,192.10999999999996,207.97,368.55,177.0,2018-03-20
2018-03-20,7,17,191.93999999999994,204.56,365.14,174.0,2018-03-27
2018-03-28,7,17,168.67999999999998,191.41,351.99,184.0,2018-04-04
2018-01-01,7,18,373.92999999999995,422.89,836.1,463.0,2018-01-08
2018-01-10,7,18,388.34999999999997,428.87,842.08,454.0,2018-01-17
2018-01-19,7,18,378.9599999999999,427.59,840.8000000000001,462.0,2018-01-26
2018-01-27,7,18,425.4399999999999,439.36,852.57,428.0,2018-02-03
2018-02-04,7,18,417.9699999999999,457.75,870.96,453.0,2018-02-11
2018-02-12,7,18,437.3799999999999,459.58,872.7900000000001,436.0,2018-02-19
2018-02-20,7,18,430.95999999999987,457.7,870.9100000000001,440.0,2018-02-27
2018-02-27,7,18,481.84999999999997,511.97,925.1700000000001,444.0,2018-03-06
2018-03-06,7,18,482.49,520.42,933.62,452.0,2018-03-13
2018-03-13,7,18,482.66,523.75,936.96,455.0,2018-03-20
2018-03-20,7,18,482.49000000000007,522.79,936.0,454.0,2018-03-27
2018-03-28,7,18,420.83,481.81,895.0200000000001,475.0,2018-04-04
2018-01-01,7,19,179.96,197.65,395.61,216.0,2018-01-08
2018-01-10,7,19,193.97000000000003,200.89,398.85,205.0,2018-01-17
2018-01-19,7,19,188.18,200.67,398.63,211.0,2018-01-26
2018-01-28,7,19,182.62000000000003,212.48,410.43,228.0,2018-02-04
2018-02-06,7,19,191.72000000000003,215.3,413.26,222.0,2018-02-13
2018-02-14,7,19,212.28000000000003,217.93,415.89,204.0,2018-02-21
2018-02-22,7,19,210.19,222.21,420.17,210.0,2018-03-01
2018-03-01,7,19,235.48000000000002,250.21,448.17,213.0,2018-03-08
2018-03-08,7,19,235.78000000000003,248.51,446.46000000000004,211.0,2018-03-15
2018-03-15,7,19,235.76000000000002,250.89,448.85,214.0,2018-03-22
2018-03-22,7,19,236.38,247.82,445.78000000000003,210.0,2018-03-29
2018-03-30,7,19,204.85000000000002,235.47,433.43,229.0,2018-04-06
2018-01-01,7,20,211.92000000000002,233.7,467.28999999999996,256.0,2018-01-08
2018-01-10,7,20,224.79000000000008,237.76,471.35,247.0,2018-01-17
2018-01-19,7,20,221.20000000000005,233.15,466.74,246.0,2018-01-26
2018-01-28,7,20,212.91000000000005,245.5,479.09,267.0,2018-02-04
2018-02-05,7,20,252.22000000000006,252.91,486.5,235.0,2018-02-12
2018-02-13,7,20,248.13000000000005,253.6,487.18999999999994,240.0,2018-02-20
2018-02-21,7,20,248.84000000000006,252.44,486.03,238.0,2018-02-28
2018-02-28,7,20,276.79,292.9,526.49,250.0,2018-03-07
2018-03-07,7,20,276.28,293.05,526.64,251.0,2018-03-14
2018-03-14,7,20,276.64,296.54,530.1299999999999,254.0,2018-03-21
2018-03-21,7,20,276.49999999999994,292.39,525.98,250.0,2018-03-28
2018-03-29,7,20,240.33999999999997,275.98,509.57,270.0,2018-04-05
2018-01-01,7,21,181.21,195.97,394.0,213.0,2018-01-08
2018-01-10,7,21,192.10000000000005,200.78,398.81,207.0,2018-01-17
2018-01-19,7,21,187.45000000000005,198.85,396.88,210.0,2018-01-26
2018-01-28,7,21,181.68000000000006,211.48,409.51,228.0,2018-02-04
2018-02-06,7,21,190.43000000000004,213.76,411.78999999999996,222.0,2018-02-13
2018-02-14,7,21,211.53000000000003,215.38,413.40999999999997,202.0,2018-02-21
2018-02-22,7,21,209.0,220.49,418.52,210.0,2018-03-01
2018-03-01,7,21,235.02,246.96,444.99,210.0,2018-03-08
2018-03-08,7,21,234.56000000000006,241.04,439.07,205.0,2018-03-15
2018-03-15,7,21,235.02000000000004,249.44,447.48,213.0,2018-03-22
2018-03-22,7,21,235.08000000000004,244.86,442.89,208.0,2018-03-29
2018-03-30,7,21,203.76000000000008,234.52,432.55,229.0,2018-04-06
2018-01-01,7,22,358.08,395.21,788.96,431.0,2018-01-08
2018-01-10,7,22,374.04,397.27,791.02,417.0,2018-01-17
2018-01-19,7,22,363.35,397.59,791.3399999999999,428.0,2018-01-26
2018-01-28,7,22,353.68999999999994,411.22,804.97,452.0,2018-02-04
2018-02-05,7,22,420.59999999999997,426.84,820.5899999999999,400.0,2018-02-12
2018-02-13,7,22,412.04999999999995,431.15,824.9,413.0,2018-02-20
2018-02-21,7,22,412.16999999999996,428.91,822.65,411.0,2018-02-28
2018-02-28,7,22,461.34999999999997,494.61,888.3599999999999,428.0,2018-03-07
2018-03-07,7,22,461.81999999999994,490.45,884.2,423.0,2018-03-14
2018-03-14,7,22,461.46,493.61,887.3599999999999,426.0,2018-03-21
2018-03-21,7,22,460.94,490.49,884.24,424.0,2018-03-28
2018-03-29,7,22,401.7100000000001,460.83,854.5799999999999,453.0,2018-04-05
2018-01-01,7,23,129.45000000000002,133.45,275.06,146.0,2018-01-08
2018-01-11,7,23,127.11,134.16,275.77,149.0,2018-01-18
2018-01-21,7,23,120.51000000000005,133.96,275.57000000000005,156.0,2018-01-28
2018-01-31,7,23,133.06000000000006,144.81,286.42,154.0,2018-02-07
2018-02-09,7,23,137.41000000000003,143.46,285.07000000000005,148.0,2018-02-16
2018-02-18,7,23,132.89000000000007,145.16,286.77,154.0,2018-02-25
2018-02-26,7,23,157.17000000000004,159.03,300.65000000000003,144.0,2018-03-05
2018-03-06,7,23,152.29000000000005,164.56,306.17,154.0,2018-03-13
2018-03-14,7,23,152.87000000000006,166.17,307.78000000000003,155.0,2018-03-21
2018-03-22,7,23,151.07000000000002,166.81,308.42,158.0,2018-03-29
2018-03-30,7,23,151.26000000000002,170.59,312.20000000000005,161.0,2018-04-06
2018-01-01,7,24,292.34,341.89,664.66,373.0,2018-01-08
2018-01-09,7,24,339.74,339.99,662.76,324.0,2018-01-16
2018-01-17,7,24,339.6400000000001,344.92,667.6899999999999,329.0,2018-01-24
2018-01-25,7,24,337.2500000000001,346.25,669.02,332.0,2018-02-01
2018-02-02,7,24,329.31000000000006,375.49,698.26,369.0,2018-02-09
2018-02-10,7,24,326.1200000000001,376.6,699.3699999999999,374.0,2018-02-17
2018-02-17,7,24,377.9300000000001,378.97,701.74,324.0,2018-02-24
2018-02-24,7,24,377.3500000000001,407.16,729.93,353.0,2018-03-03
2018-03-03,7,24,377.5800000000001,434.23,757.0,380.0,2018-03-10
2018-03-10,7,24,377.7300000000001,438.8,761.5699999999999,384.0,2018-03-17
2018-03-17,7,24,377.33000000000004,437.05,759.8199999999999,383.0,2018-03-24
2018-03-24,7,24,377.6700000000001,437.28,760.05,383.0,2018-03-31
2018-01-01,7,25,360.76,408.46,805.49,445.0,2018-01-08
2018-01-10,7,25,374.12,409.11,806.15,433.0,2018-01-17
2018-01-19,7,25,365.20000000000005,410.04,807.0799999999999,442.0,2018-01-26
2018-01-27,7,25,410.9800000000001,423.42,820.4599999999999,410.0,2018-02-03
2018-02-04,7,25,400.78000000000014,438.56,835.5999999999999,435.0,2018-02-11
2018-02-12,7,25,421.04000000000013,440.29,837.3299999999999,417.0,2018-02-19
2018-02-20,7,25,415.06000000000006,440.05,837.0899999999999,423.0,2018-02-27
2018-02-27,7,25,464.5400000000001,496.75,893.79,430.0,2018-03-06
2018-03-06,7,25,464.31000000000006,506.07,903.11,439.0,2018-03-13
2018-03-13,7,25,463.7700000000001,511.47,908.51,445.0,2018-03-20
2018-03-20,7,25,463.8400000000001,506.02,903.06,440.0,2018-03-27
2018-03-28,7,25,406.0200000000001,463.55,860.5799999999999,455.0,2018-04-04
2018-01-01,7,26,210.60999999999999,239.08,471.63,262.0,2018-01-08
2018-01-10,7,26,223.15999999999997,241.98,474.53,252.0,2018-01-17
2018-01-19,7,26,216.5999999999999,240.76,473.29999999999995,257.0,2018-01-26
2018-01-27,7,26,243.08999999999995,252.41,484.95,242.0,2018-02-03
2018-02-04,7,26,238.62999999999994,264.64,497.17999999999995,259.0,2018-02-11
2018-02-12,7,26,250.37999999999994,260.4,492.94999999999993,243.0,2018-02-19
2018-02-20,7,26,246.65999999999994,261.45,493.99,248.0,2018-02-27
2018-02-27,7,26,275.4899999999999,299.8,532.3499999999999,257.0,2018-03-06
2018-03-06,7,26,274.95999999999987,302.97,535.51,261.0,2018-03-13
2018-03-13,7,26,275.2599999999998,308.04,540.5799999999999,266.0,2018-03-20
2018-03-20,7,26,275.49999999999983,306.87,539.41,264.0,2018-03-27
2018-03-28,7,26,239.04999999999987,274.85,507.39,269.0,2018-04-04
2018-01-01,7,27,98.08,101.37,207.7,110.0,2018-01-08
2018-01-11,7,27,97.76000000000002,103.13,209.45999999999998,112.0,2018-01-18
2018-01-21,7,27,92.49000000000001,97.58,203.91,112.0,2018-01-28
2018-01-31,7,27,100.98000000000003,110.03,216.36,116.0,2018-02-07
2018-02-09,7,27,105.53,107.33,213.66,109.0,2018-02-16
2018-02-18,7,27,102.98,106.67,212.99,111.0,2018-02-25
2018-02-26,7,27,120.9,122.19,228.51999999999998,108.0,2018-03-05
2018-03-05,7,27,130.11000000000004,130.21,236.53999999999996,107.0,2018-03-12
2018-03-13,7,27,116.31000000000004,129.6,235.93,120.0,2018-03-20
2018-03-20,7,27,130.10000000000005,131.81,238.14,109.0,2018-03-27
2018-03-28,7,27,116.45000000000006,129.74,236.07,120.0,2018-04-04
2018-01-01,7,28,392.07,415.44,843.77,452.0,2018-01-08
2018-01-11,7,28,363.80999999999995,412.3,840.62,477.0,2018-01-18
2018-01-20,7,28,392.7199999999999,418.44,846.77,455.0,2018-01-27
2018-01-29,7,28,405.88,436.07,864.4,459.0,2018-02-05
2018-02-07,7,28,401.83000000000004,447.02,875.35,474.0,2018-02-14
2018-02-16,7,28,391.9,446.48,874.8,483.0,2018-02-23
2018-02-24,7,28,440.63,477.2,905.53,465.0,2018-03-03
2018-03-03,7,28,500.9100000000001,509.63,937.96,438.0,2018-03-10
2018-03-10,7,28,501.76000000000005,517.72,946.05,445.0,2018-03-17
2018-03-17,7,28,501.5200000000001,513.36,941.69,441.0,2018-03-24
2018-03-24,7,28,501.6500000000002,515.44,943.77,443.0,2018-03-31
2018-01-01,7,29,307.97,359.79,701.46,394.0,2018-01-08
2018-01-10,7,29,321.29,362.16,703.8299999999999,383.0,2018-01-17
2018-01-18,7,29,355.15999999999997,362.52,704.19,350.0,2018-01-25
2018-01-26,7,29,353.61,362.46,704.12,351.0,2018-02-02
2018-02-03,7,29,347.17,387.86,729.52,383.0,2018-02-10
2018-02-11,7,29,343.73,386.35,728.02,385.0,2018-02-18
2018-02-19,7,29,362.12,385.57,727.23,366.0,2018-02-26
2018-02-26,7,29,399.89,429.64,771.31,372.0,2018-03-05
2018-03-04,7,29,443.46,445.15,786.8199999999999,344.0,2018-03-11
2018-03-11,7,29,399.65,446.49,788.15,389.0,2018-03-18
2018-03-18,7,29,399.49,447.07,788.74,390.0,2018-03-25
2018-03-26,7,29,356.22,399.02,740.6800000000001,385.0,2018-04-02
2018-01-01,7,30,180.49,189.17,386.01,206.0,2018-01-08
2018-01-10,7,30,193.46000000000004,194.66,391.5,199.0,2018-01-17
2018-01-19,7,30,189.99000000000004,191.51,388.35,199.0,2018-01-26
2018-01-28,7,30,182.07000000000005,201.26,398.09000000000003,217.0,2018-02-04
2018-02-06,7,30,192.65000000000006,207.56,404.39,212.0,2018-02-13
2018-02-15,7,30,186.80000000000007,209.99,406.83,221.0,2018-02-22
2018-02-23,7,30,208.9000000000001,218.88,415.72,207.0,2018-03-02
2018-03-02,7,30,234.09000000000006,240.26,437.1,204.0,2018-03-09
2018-03-09,7,30,234.9000000000001,237.19,434.03,200.0,2018-03-16
2018-03-16,7,30,234.79000000000008,239.61,436.45,202.0,2018-03-23
2018-03-23,7,30,234.27000000000007,239.49,436.32,203.0,2018-03-30
2018-03-31,7,30,202.13000000000008,233.91,430.74,229.0,2018-04-07
2018-01-01,7,31,261.9,293.57,582.25,321.0,2018-01-08
2018-01-10,7,31,277.38,295.41,584.09,307.0,2018-01-17
2018-01-19,7,31,267.97,299.37,588.06,321.0,2018-01-26
2018-01-27,7,31,301.70000000000005,304.6,593.28,292.0,2018-02-03
2018-02-04,7,31,294.68,322.63,611.31,317.0,2018-02-11
2018-02-12,7,31,309.17,323.94,612.62,304.0,2018-02-19
2018-02-20,7,31,304.09000000000003,324.22,612.9000000000001,309.0,2018-02-27
2018-02-27,7,31,340.16,369.9,658.58,319.0,2018-03-06
2018-03-06,7,31,340.54999999999995,373.57,662.25,322.0,2018-03-13
2018-03-13,7,31,340.28,378.48,667.1600000000001,327.0,2018-03-20
2018-03-20,7,31,340.1,379.94,668.62,329.0,2018-03-27
2018-03-28,7,31,297.21,339.96,628.6400000000001,332.0,2018-04-04
2018-01-01,7,32,196.5,222.84,438.64,243.0,2018-01-08
2018-01-10,7,32,205.10000000000002,228.54,444.35,240.0,2018-01-17
2018-01-19,7,32,201.98,225.74,441.55,240.0,2018-01-26
2018-01-27,7,32,226.17999999999998,235.33,451.13,225.0,2018-02-03
2018-02-04,7,32,221.35999999999993,244.23,460.03,239.0,2018-02-11
2018-02-12,7,32,233.52999999999986,245.26,461.06,228.0,2018-02-19
2018-02-20,7,32,228.58999999999992,244.16,459.97,232.0,2018-02-27
2018-02-27,7,32,256.0499999999999,273.34,489.15000000000003,234.0,2018-03-06
2018-03-06,7,32,256.3399999999999,278.44,494.25,238.0,2018-03-13
2018-03-13,7,32,255.52999999999992,281.21,497.01,242.0,2018-03-20
2018-03-20,7,32,255.94999999999993,279.67,495.47,240.0,2018-03-27
2018-03-28,7,32,224.54999999999995,255.42,471.23,247.0,2018-04-04
2018-01-01,7,33,308.15000000000003,347.26,687.6700000000001,380.0,2018-01-08
2018-01-10,7,33,323.44000000000005,346.43,686.84,364.0,2018-01-17
2018-01-19,7,33,314.67,353.79,694.2,380.0,2018-01-26
2018-01-27,7,33,352.42,364.58,704.98,353.0,2018-02-03
2018-02-04,7,33,346.73,380.87,721.27,375.0,2018-02-11
2018-02-12,7,33,363.01,383.94,724.35,362.0,2018-02-19
2018-02-20,7,33,356.99,383.32,723.73,367.0,2018-02-27
2018-02-27,7,33,399.18000000000006,434.93,775.33,377.0,2018-03-06
2018-03-06,7,33,399.7500000000001,442.34,782.74,383.0,2018-03-13
2018-03-13,7,33,398.9200000000002,443.72,784.1300000000001,386.0,2018-03-20
2018-03-20,7,33,399.71000000000026,443.47,783.8800000000001,385.0,2018-03-27
2018-03-28,7,33,349.4100000000003,398.94,739.35,390.0,2018-04-04
2018-01-01,7,34,114.54,128.76,255.18999999999997,141.0,2018-01-08
2018-01-10,7,34,125.76,131.06,257.49,132.0,2018-01-17
2018-01-19,7,34,121.54000000000002,131.22,257.64,137.0,2018-01-26
2018-01-27,7,34,136.09000000000003,136.14,262.55999999999995,127.0,2018-02-03
2018-02-04,7,34,133.95000000000002,140.65,267.07,134.0,2018-02-11
2018-02-12,7,34,140.49,141.76,268.17999999999995,128.0,2018-02-19
2018-02-20,7,34,137.53,141.97,268.39,131.0,2018-02-27
2018-02-27,7,34,152.67999999999998,159.76,286.17999999999995,134.0,2018-03-06
2018-03-06,7,34,153.06999999999996,161.7,288.13,136.0,2018-03-13
2018-03-13,7,34,153.51,162.66,289.09000000000003,136.0,2018-03-20
2018-03-20,7,34,152.98999999999995,164.43,290.85,138.0,2018-03-27
2018-03-28,7,34,134.40999999999994,152.55,278.97,145.0,2018-04-04
2018-01-01,7,35,293.28,328.58,652.62,360.0,2018-01-08
2018-01-10,7,35,310.27,323.67,647.7,338.0,2018-01-17
2018-01-19,7,35,301.2699999999999,329.07,653.11,352.0,2018-01-26
2018-01-27,7,35,336.4,343.27,667.31,331.0,2018-02-03
2018-02-04,7,35,328.9299999999999,357.89,681.9300000000001,354.0,2018-02-11
2018-02-12,7,35,346.56,363.01,687.04,341.0,2018-02-19
2018-02-20,7,35,339.74,362.49,686.53,347.0,2018-02-27
2018-02-27,7,35,380.21000000000004,411.85,735.88,356.0,2018-03-06
2018-03-06,7,35,380.35,416.68,740.72,361.0,2018-03-13
2018-03-13,7,35,380.6400000000001,422.55,746.5799999999999,366.0,2018-03-20
2018-03-20,7,35,380.0600000000001,419.36,743.39,364.0,2018-03-27
2018-03-28,7,35,333.16000000000014,380.0,704.03,371.0,2018-04-04
2018-01-01,7,36,341.45000000000005,377.48,753.53,413.0,2018-01-08
2018-01-10,7,36,360.05000000000007,376.62,752.67,393.0,2018-01-17
2018-01-19,7,36,347.2500000000001,378.8,754.8399999999999,408.0,2018-01-26
2018-01-27,7,36,390.5700000000001,391.14,767.18,377.0,2018-02-03
2018-02-04,7,36,384.2800000000001,406.63,782.67,399.0,2018-02-11
2018-02-12,7,36,402.1400000000001,404.53,780.5699999999999,379.0,2018-02-19
2018-02-20,7,36,396.63000000000005,403.03,779.0699999999999,383.0,2018-02-27
2018-02-27,7,36,440.85,454.84,830.88,391.0,2018-03-06
2018-03-06,7,36,441.25,459.98,836.02,395.0,2018-03-13
2018-03-13,7,36,440.50000000000006,460.48,836.52,397.0,2018-03-20
2018-03-20,7,36,441.2600000000001,459.3,835.3399999999999,395.0,2018-03-27
2018-03-28,7,36,388.33000000000004,440.26,816.31,428.0,2018-04-04
2018-01-01,7,37,129.01999999999998,143.13,285.23,157.0,2018-01-08
2018-01-10,7,37,140.49999999999994,144.54,286.64,147.0,2018-01-17
2018-01-19,7,37,138.50999999999996,142.43,284.53,147.0,2018-01-26
2018-01-28,7,37,132.91999999999996,149.18,291.28,159.0,2018-02-04
2018-02-06,7,37,140.22999999999996,153.8,295.9,156.0,2018-02-13
2018-02-14,7,37,154.15999999999997,154.44,296.53999999999996,143.0,2018-02-21
2018-02-22,7,37,153.65999999999997,155.24,297.34000000000003,144.0,2018-03-01
2018-03-01,7,37,170.87999999999994,177.89,319.99,150.0,2018-03-08
2018-03-08,7,37,171.44999999999993,178.77,320.87,150.0,2018-03-15
2018-03-15,7,37,171.1299999999999,179.01,321.11,150.0,2018-03-22
2018-03-22,7,37,170.5699999999999,176.23,318.33,148.0,2018-03-29
2018-03-30,7,37,148.3199999999999,170.55,312.65,165.0,2018-04-06
2018-01-01,7,38,356.49,387.94,779.8,424.0,2018-01-08
2018-01-10,7,38,370.32,387.99,779.8499999999999,410.0,2018-01-17
2018-01-19,7,38,362.28000000000003,383.31,775.17,413.0,2018-01-26
2018-01-28,7,38,352.51,404.63,796.49,444.0,2018-02-04
2018-02-06,7,38,370.45,409.84,801.6999999999999,432.0,2018-02-13
2018-02-14,7,38,411.41999999999996,412.84,804.6999999999999,394.0,2018-02-21
2018-02-22,7,38,407.85,417.18,809.04,402.0,2018-03-01
2018-03-01,7,38,456.94,472.21,864.0699999999999,408.0,2018-03-08
2018-03-08,7,38,457.0,471.8,863.6599999999999,407.0,2018-03-15
2018-03-15,7,38,456.48,472.06,863.92,408.0,2018-03-22
2018-03-22,7,38,456.69000000000005,467.01,858.8699999999999,403.0,2018-03-29
2018-03-30,7,38,393.9400000000001,456.13,847.99,455.0,2018-04-06
2018-01-01,7,39,196.08999999999997,205.39,419.59000000000003,224.0,2018-01-08
2018-01-11,7,39,186.84999999999997,206.18,420.38,234.0,2018-01-18
2018-01-20,7,39,201.62999999999997,202.58,416.77,216.0,2018-01-27
2018-01-29,7,39,208.45,217.21,431.40000000000003,223.0,2018-02-05
2018-02-07,7,39,206.35000000000002,219.07,433.26,227.0,2018-02-14
2018-02-16,7,39,200.62,223.56,437.76,238.0,2018-02-23
2018-02-24,7,39,225.28000000000003,237.5,451.70000000000005,227.0,2018-03-03
2018-03-04,7,39,217.89000000000004,249.59,463.79,246.0,2018-03-11
2018-03-11,7,39,253.68000000000004,255.18,469.37,216.0,2018-03-18
2018-03-19,7,39,229.28,252.65,466.85,238.0,2018-03-26
2018-03-27,7,39,225.82000000000005,253.59,467.78000000000003,242.0,2018-04-03
2018-01-01,7,40,130.09,146.74,290.1,161.0,2018-01-08
2018-01-10,7,40,141.05,149.54,292.91,152.0,2018-01-17
2018-01-19,7,40,137.53000000000003,148.91,292.27,155.0,2018-01-26
2018-01-27,7,40,153.20000000000002,154.56,297.93,145.0,2018-02-03
2018-02-04,7,40,150.46999999999997,159.08,302.45000000000005,152.0,2018-02-11
2018-02-12,7,40,157.29999999999995,157.33,300.69,144.0,2018-02-19
2018-02-20,7,40,154.60999999999993,163.47,306.83000000000004,153.0,2018-02-27
2018-02-27,7,40,173.01999999999992,182.31,325.67,153.0,2018-03-06
2018-03-06,7,40,172.57999999999993,185.8,329.15999999999997,157.0,2018-03-13
2018-03-13,7,40,172.64999999999995,188.28,331.64,159.0,2018-03-20
2018-03-20,7,40,172.23999999999998,188.19,331.56,160.0,2018-03-27
2018-03-28,7,40,151.54999999999998,172.27,315.63,165.0,2018-04-04
2018-01-01,7,41,98.69,101.53,209.61,111.0,2018-01-08
2018-01-11,7,41,97.43,103.96,212.05,115.0,2018-01-18
2018-01-21,7,41,93.34999999999997,102.24,210.32,117.0,2018-01-28
2018-01-31,7,41,101.67999999999996,109.45,217.54,116.0,2018-02-07
2018-02-09,7,41,106.30999999999995,106.75,214.82999999999998,109.0,2018-02-16
2018-02-18,7,41,103.99999999999994,106.09,214.17000000000002,111.0,2018-02-25
2018-02-27,7,41,110.41999999999996,123.89,231.97,122.0,2018-03-06
2018-03-07,7,41,117.69999999999999,130.04,238.12,121.0,2018-03-14
2018-03-15,7,41,116.26999999999998,128.87,236.95,121.0,2018-03-22
2018-03-23,7,41,114.69999999999997,130.67,238.76,125.0,2018-03-30
2018-03-31,7,41,114.59999999999997,130.94,239.01999999999998,125.0,2018-04-07
2018-01-01,7,42,162.19000000000003,177.68,356.25,195.0,2018-01-08
2018-01-10,7,42,172.83,182.23,360.81000000000006,188.0,2018-01-17
2018-01-19,7,42,170.36,178.85,357.43000000000006,188.0,2018-01-26
2018-01-28,7,42,165.75000000000003,188.71,367.28,202.0,2018-02-04
2018-02-06,7,42,174.18000000000006,193.48,372.06000000000006,198.0,2018-02-13
2018-02-14,7,42,191.38000000000008,195.16,373.73,183.0,2018-02-21
2018-02-22,7,42,190.44000000000005,198.73,377.30000000000007,187.0,2018-03-01
2018-03-01,7,42,212.63000000000008,225.97,404.55000000000007,192.0,2018-03-08
2018-03-08,7,42,212.5700000000001,224.15,402.72,191.0,2018-03-15
2018-03-15,7,42,213.34000000000015,226.54,405.12,192.0,2018-03-22
2018-03-22,7,42,212.71000000000018,223.04,401.61,189.0,2018-03-29
2018-03-30,7,42,183.5900000000002,212.46,391.0400000000001,208.0,2018-04-06
2018-01-01,7,43,225.53,253.95,503.56999999999994,279.0,2018-01-08
2018-01-10,7,43,237.16,264.11,513.73,277.0,2018-01-17
2018-01-18,7,43,264.46,266.96,516.5799999999999,253.0,2018-01-25
2018-01-26,7,43,261.5899999999999,267.63,517.25,256.0,2018-02-02
2018-02-03,7,43,255.89999999999992,288.47,538.0899999999999,283.0,2018-02-10
2018-02-11,7,43,254.2999999999999,287.37,536.99,283.0,2018-02-18
2018-02-19,7,43,267.30999999999995,286.49,536.11,269.0,2018-02-26
2018-02-26,7,43,294.61999999999995,319.09,568.71,275.0,2018-03-05
2018-03-04,7,43,328.8699999999999,329.78,579.4,251.0,2018-03-11
2018-03-11,7,43,294.8999999999999,330.76,580.38,286.0,2018-03-18
2018-03-18,7,43,294.9299999999999,331.91,581.53,287.0,2018-03-25
2018-03-26,7,43,262.5999999999999,294.39,544.01,282.0,2018-04-02
2018-01-01,7,44,129.96,148.29,292.07,163.0,2018-01-08
2018-01-10,7,44,141.32,150.02,293.8,153.0,2018-01-17
2018-01-19,7,44,138.40999999999997,149.58,293.36,155.0,2018-01-26
2018-01-27,7,44,153.70999999999998,155.03,298.81,146.0,2018-02-03
2018-02-04,7,44,151.80999999999995,159.39,303.17,152.0,2018-02-11
2018-02-13,7,44,141.28999999999994,158.52,302.3,162.0,2018-02-20
2018-02-21,7,44,155.78999999999994,163.66,307.44,152.0,2018-02-28
2018-02-28,7,44,173.30999999999995,185.1,328.88,156.0,2018-03-07
2018-03-07,7,44,173.37999999999997,186.52,330.3,157.0,2018-03-14
2018-03-14,7,44,173.02999999999994,188.99,332.77,160.0,2018-03-21
2018-03-21,7,44,173.2199999999999,188.51,332.29,160.0,2018-03-28
2018-03-29,7,44,151.8399999999999,172.94,316.72,165.0,2018-04-05
2018-01-01,7,45,357.36,388.66,781.43,425.0,2018-01-08
2018-01-10,7,45,376.62,393.09,785.86,410.0,2018-01-17
2018-01-19,7,45,362.82,393.59,786.35,424.0,2018-01-26
2018-01-28,7,45,356.02,411.99,804.75,449.0,2018-02-04
2018-02-06,7,45,373.45,419.03,811.8,439.0,2018-02-13
2018-02-14,7,45,413.21,425.31,818.0699999999999,405.0,2018-02-21
2018-02-22,7,45,409.96000000000004,435.53,828.29,419.0,2018-03-01
2018-03-01,7,45,460.52000000000004,489.29,882.06,422.0,2018-03-08
2018-03-08,7,45,460.31000000000006,484.85,877.62,418.0,2018-03-15
2018-03-15,7,45,460.56000000000006,487.05,879.8199999999999,420.0,2018-03-22
2018-03-22,7,45,460.6000000000001,483.68,876.4399999999999,416.0,2018-03-29
2018-03-30,7,45,395.98000000000013,459.87,852.64,457.0,2018-04-06
2018-01-01,7,46,261.28000000000003,285.24,571.96,311.0,2018-01-08
2018-01-10,7,46,277.32000000000005,287.51,574.23,297.0,2018-01-17
2018-01-19,7,46,267.38000000000005,284.6,571.33,304.0,2018-01-26
2018-01-28,7,46,261.05,296.38,583.1,323.0,2018-02-04
2018-02-05,7,46,309.86000000000007,311.01,597.73,288.0,2018-02-12
2018-02-13,7,46,303.38000000000005,312.02,598.74,296.0,2018-02-20
2018-02-21,7,46,304.21000000000004,311.8,598.52,295.0,2018-02-28
2018-02-28,7,46,338.69000000000005,359.8,646.52,308.0,2018-03-07
2018-03-07,7,46,338.18,355.17,641.9,304.0,2018-03-14
2018-03-14,7,46,338.28,357.93,644.65,307.0,2018-03-21
2018-03-21,7,46,338.61999999999995,362.55,649.27,311.0,2018-03-28
2018-03-29,7,46,293.80999999999995,338.02,624.75,331.0,2018-04-05
2018-01-01,7,47,99.39,104.79,213.07999999999998,114.0,2018-01-08
2018-01-11,7,47,97.12,107.2,215.48000000000002,119.0,2018-01-18
2018-01-21,7,47,92.49,102.44,210.72000000000003,119.0,2018-01-28
2018-01-31,7,47,102.80999999999999,109.64,217.93,116.0,2018-02-07
2018-02-10,7,47,93.95999999999994,106.8,215.07999999999998,122.0,2018-02-17
2018-02-20,7,47,97.97999999999993,106.53,214.82,117.0,2018-02-27
2018-02-28,7,47,119.98999999999995,126.25,234.54000000000002,115.0,2018-03-07
2018-03-08,7,47,116.64999999999998,129.71,238.0,122.0,2018-03-15
2018-03-16,7,47,115.90999999999998,129.53,237.81,122.0,2018-03-23
2018-03-24,7,47,114.10999999999999,130.57,238.85000000000002,125.0,2018-03-31
2018-01-01,7,48,227.39,254.82,505.49,279.0,2018-01-08
2018-01-10,7,48,239.15,260.46,511.12,272.0,2018-01-17
2018-01-19,7,48,233.43000000000004,258.35,509.01000000000005,276.0,2018-01-26
2018-01-27,7,48,261.37,266.07,516.73,256.0,2018-02-03
2018-02-04,7,48,257.43,281.99,532.6600000000001,276.0,2018-02-11
2018-02-12,7,48,269.42999999999995,281.58,532.25,263.0,2018-02-19
2018-02-20,7,48,264.79999999999995,280.82,531.48,267.0,2018-02-27
2018-02-27,7,48,296.04999999999995,317.75,568.4200000000001,273.0,2018-03-06
2018-03-06,7,48,296.3499999999999,322.72,573.38,278.0,2018-03-13
2018-03-13,7,48,296.68999999999994,326.78,577.44,281.0,2018-03-20
2018-03-20,7,48,295.96999999999997,327.01,577.6800000000001,282.0,2018-03-27
2018-03-28,7,48,258.85,295.77,546.4300000000001,288.0,2018-04-04
2018-01-01,7,49,129.14000000000001,144.15,287.28999999999996,159.0,2018-01-08
2018-01-10,7,49,141.70000000000002,147.12,290.26,149.0,2018-01-17
2018-01-19,7,49,138.79000000000002,143.01,286.15,148.0,2018-01-26
2018-01-28,7,49,134.81000000000003,149.84,292.98,159.0,2018-02-04
2018-02-06,7,49,141.61000000000004,154.64,297.78999999999996,157.0,2018-02-13
2018-02-15,7,49,138.35000000000005,154.71,297.85,160.0,2018-02-22
2018-02-23,7,49,154.27000000000004,158.73,301.88,148.0,2018-03-02
2018-03-02,7,49,172.55000000000004,180.17,323.31,151.0,2018-03-09
2018-03-09,7,49,172.40000000000003,178.97,322.12,150.0,2018-03-16
2018-03-16,7,49,172.43,179.15,322.28999999999996,150.0,2018-03-23
2018-03-23,7,49,172.27999999999997,176.77,319.92,148.0,2018-03-30
2018-03-31,7,49,148.44999999999996,172.13,315.28,167.0,2018-04-07
2018-01-01,7,50,291.88,311.6,633.11,342.0,2018-01-08
2018-01-11,7,50,275.18,311.34,632.85,358.0,2018-01-18
2018-01-20,7,50,300.20000000000005,310.77,632.29,333.0,2018-01-27
2018-01-29,7,50,306.91,329.25,650.77,344.0,2018-02-05
2018-02-07,7,50,304.01000000000005,338.15,659.66,356.0,2018-02-14
2018-02-16,7,50,296.56,337.85,659.36,363.0,2018-02-23
2018-02-24,7,50,333.15,363.22,684.73,352.0,2018-03-03
2018-03-03,7,50,378.37,390.49,712.0,334.0,2018-03-10
2018-03-10,7,50,378.32000000000005,393.13,714.64,337.0,2018-03-17
2018-03-17,7,50,378.63000000000005,393.49,715.0,337.0,2018-03-24
2018-03-24,7,50,378.57000000000005,393.87,715.38,337.0,2018-03-31
2018-01-01,8,1,172.59,191.64,381.48,209.0,2018-01-08
2018-01-10,8,1,186.05,196.46,386.31000000000006,201.0,2018-01-17
2018-01-19,8,1,179.99,197.2,387.03999999999996,208.0,2018-01-26
2018-01-27,8,1,202.07999999999998,203.3,393.15,192.0,2018-02-03
2018-02-04,8,1,198.55,213.23,403.08000000000004,205.0,2018-02-11
2018-02-12,8,1,206.84,212.12,401.96000000000004,196.0,2018-02-19
2018-02-20,8,1,204.40999999999997,212.88,402.72,199.0,2018-02-27
2018-02-27,8,1,227.24999999999997,242.77,432.62,206.0,2018-03-06
2018-03-06,8,1,227.16999999999996,241.53,431.38,205.0,2018-03-13
2018-03-13,8,1,227.32999999999996,245.8,435.65,209.0,2018-03-20
2018-03-20,8,1,227.22999999999996,245.63,435.48,209.0,2018-03-27
2018-03-28,8,1,199.57999999999996,226.52,416.36,217.0,2018-04-04
2018-01-01,8,2,454.6900000000001,509.78,1013.85,560.0,2018-01-08
2018-01-10,8,2,474.60000000000025,513.49,1017.5600000000001,543.0,2018-01-17
2018-01-19,8,2,458.5300000000002,523.82,1027.88,570.0,2018-01-26
2018-01-27,8,2,516.7000000000002,524.62,1028.69,512.0,2018-02-03
2018-02-04,8,2,507.7400000000002,559.0,1063.06,556.0,2018-02-11
2018-02-12,8,2,533.4700000000001,553.75,1057.8200000000002,525.0,2018-02-19
2018-02-20,8,2,524.9100000000002,548.85,1052.91,528.0,2018-02-27
2018-02-27,8,2,586.5300000000002,627.2,1131.2600000000002,545.0,2018-03-06
2018-03-06,8,2,586.7900000000003,630.76,1134.83,549.0,2018-03-13
2018-03-13,8,2,587.4800000000002,632.47,1136.5300000000002,550.0,2018-03-20
2018-03-20,8,2,587.4700000000003,633.14,1137.21,550.0,2018-03-27
2018-03-28,8,2,513.8400000000001,586.52,1090.5900000000001,577.0,2018-04-04
2018-01-01,8,3,287.51,323.14,640.59,354.0,2018-01-08
2018-01-10,8,3,301.46999999999997,323.16,640.61,340.0,2018-01-17
2018-01-19,8,3,294.3299999999999,326.43,643.88,350.0,2018-01-26
2018-01-27,8,3,328.9299999999999,340.66,658.11,330.0,2018-02-03
2018-02-04,8,3,321.49999999999983,356.34,673.79,353.0,2018-02-11
2018-02-12,8,3,338.0699999999998,360.42,677.87,340.0,2018-02-19
2018-02-20,8,3,331.2899999999998,359.71,677.1600000000001,346.0,2018-02-27
2018-02-27,8,3,371.8099999999997,409.68,727.13,356.0,2018-03-06
2018-03-06,8,3,372.3599999999998,414.65,732.1,360.0,2018-03-13
2018-03-12,8,3,419.6899999999997,421.89,739.34,320.0,2018-03-19
2018-03-18,8,3,413.8099999999997,419.09,736.54,323.0,2018-03-25
2018-03-26,8,3,331.37999999999977,371.67,689.12,358.0,2018-04-02
2018-01-02,8,4,154.32999999999998,171.39,359.53999999999996,206.0,2018-01-09
2018-01-12,8,4,166.36,172.35,360.5,195.0,2018-01-19
2018-01-22,8,4,163.62,172.75,360.9,198.0,2018-01-29
2018-02-01,8,4,166.76999999999998,185.13,373.28,207.0,2018-02-08
2018-02-10,8,4,176.48,186.13,374.28,198.0,2018-02-17
2018-02-19,8,4,181.30999999999997,185.06,373.22,192.0,2018-02-26
2018-02-27,8,4,203.79999999999998,210.6,398.75,195.0,2018-03-06
2018-03-07,8,4,200.33000000000004,210.67,398.83,199.0,2018-03-14
2018-03-15,8,4,198.93,213.65,401.79999999999995,203.0,2018-03-22
2018-03-23,8,4,197.46000000000004,212.71,400.86,204.0,2018-03-30
2018-03-31,8,4,195.60000000000005,223.72,411.88,217.0,2018-04-07
2018-01-01,8,5,142.67000000000002,165.59,323.58000000000004,181.0,2018-01-08
2018-01-09,8,5,169.91000000000003,170.68,328.67,159.0,2018-01-16
2018-01-17,8,5,169.75,171.72,329.71000000000004,160.0,2018-01-24
2018-01-25,8,5,169.09000000000003,169.81,327.8,159.0,2018-02-01
2018-02-02,8,5,165.56000000000003,182.66,340.65,176.0,2018-02-09
2018-02-10,8,5,164.65000000000003,181.37,339.36,175.0,2018-02-17
2018-02-18,8,5,162.60000000000002,180.41,338.39,176.0,2018-02-25
2018-02-25,8,5,188.64000000000004,199.28,357.27,169.0,2018-03-04
2018-03-04,8,5,188.81,205.99,363.98,176.0,2018-03-11
2018-03-11,8,5,189.25,207.96,365.95000000000005,177.0,2018-03-18
2018-03-18,8,5,188.73999999999998,206.64,364.63,176.0,2018-03-25
2018-03-26,8,5,168.15999999999997,188.46,346.45000000000005,179.0,2018-04-02
2018-01-01,8,6,458.03,508.29,1014.04,557.0,2018-01-08
2018-01-10,8,6,478.2900000000001,507.94,1013.69,536.0,2018-01-17
2018-01-19,8,6,462.9,511.13,1016.87,554.0,2018-01-26
2018-01-27,8,6,520.31,525.13,1030.87,511.0,2018-02-03
2018-02-04,8,6,512.9199999999998,547.1,1052.85,540.0,2018-02-11
2018-02-12,8,6,536.9299999999998,546.7,1052.44,516.0,2018-02-19
2018-02-20,8,6,528.7399999999999,541.54,1047.29,519.0,2018-02-27
2018-02-27,8,6,589.66,615.29,1121.04,532.0,2018-03-06
2018-03-06,8,6,589.8199999999999,624.31,1130.0500000000002,541.0,2018-03-13
2018-03-13,8,6,589.9599999999999,630.18,1135.93,546.0,2018-03-20
2018-03-20,8,6,589.2199999999999,626.24,1131.98,543.0,2018-03-27
2018-03-28,8,6,516.31,589.19,1094.94,579.0,2018-04-04
2018-01-01,8,7,459.7,514.32,1018.5300000000001,559.0,2018-01-08
2018-01-10,8,7,475.27000000000004,508.02,1012.23,537.0,2018-01-17
2018-01-19,8,7,461.5600000000002,506.81,1011.03,550.0,2018-01-26
2018-01-27,8,7,517.6200000000002,523.97,1028.19,511.0,2018-02-03
2018-02-04,8,7,508.2700000000002,550.59,1054.81,547.0,2018-02-11
2018-02-12,8,7,534.2200000000003,551.55,1055.7600000000002,522.0,2018-02-19
2018-02-20,8,7,525.3100000000003,551.01,1055.22,530.0,2018-02-27
2018-02-27,8,7,586.1800000000003,621.95,1126.1599999999999,540.0,2018-03-06
2018-03-06,8,7,586.1100000000002,628.11,1132.3200000000002,547.0,2018-03-13
2018-03-13,8,7,586.8900000000003,629.16,1133.38,547.0,2018-03-20
2018-03-20,8,7,586.6200000000003,626.48,1130.7,545.0,2018-03-27
2018-03-28,8,7,513.9700000000003,586.09,1090.3000000000002,577.0,2018-04-04
2018-01-01,8,8,601.68,653.54,1316.5099999999998,715.0,2018-01-08
2018-01-10,8,8,626.9599999999999,648.49,1311.46,685.0,2018-01-17
2018-01-19,8,8,612.0599999999997,652.51,1315.48,704.0,2018-01-26
2018-01-28,8,8,589.2699999999998,673.32,1336.29,748.0,2018-02-04
2018-02-06,8,8,627.7099999999998,696.7,1359.6699999999998,732.0,2018-02-13
2018-02-14,8,8,691.8599999999998,696.12,1359.09,668.0,2018-02-21
2018-02-22,8,8,687.2799999999999,710.69,1373.6599999999999,687.0,2018-03-01
2018-03-01,8,8,771.1399999999999,797.58,1460.5499999999997,690.0,2018-03-08
2018-03-08,8,8,771.1099999999999,809.79,1472.7599999999998,702.0,2018-03-15
2018-03-15,8,8,770.88,803.11,1466.08,696.0,2018-03-22
2018-03-22,8,8,771.33,802.0,1464.9699999999998,694.0,2018-03-29
2018-03-30,8,8,664.25,770.55,1433.52,770.0,2018-04-06
2018-01-01,8,9,403.29,455.6,900.45,498.0,2018-01-08
2018-01-10,8,9,418.77000000000004,455.91,900.76,482.0,2018-01-17
2018-01-19,8,9,404.81,460.29,905.1399999999999,501.0,2018-01-26
2018-01-27,8,9,457.96999999999997,473.04,917.8899999999999,460.0,2018-02-03
2018-02-04,8,9,448.0199999999999,494.66,939.51,492.0,2018-02-11
2018-02-12,8,9,472.28999999999996,502.28,947.1299999999999,475.0,2018-02-19
2018-02-20,8,9,463.0799999999999,497.25,942.0999999999999,480.0,2018-02-27
2018-02-27,8,9,519.98,560.35,1005.2,486.0,2018-03-06
2018-03-06,8,9,519.79,577.19,1022.04,503.0,2018-03-13
2018-03-13,8,9,519.76,574.15,1019.01,500.0,2018-03-20
2018-03-20,8,9,519.77,569.52,1014.3699999999999,495.0,2018-03-27
2018-03-28,8,9,454.01999999999987,519.03,963.8799999999999,510.0,2018-04-04
2018-01-01,8,10,571.73,616.12,1246.4699999999998,675.0,2018-01-08
2018-01-10,8,10,598.74,609.8,1240.15,642.0,2018-01-17
2018-01-19,8,10,581.7199999999999,610.41,1240.7600000000002,660.0,2018-01-26
2018-01-28,8,10,560.1399999999999,637.29,1267.6399999999999,708.0,2018-02-04
2018-02-06,8,10,595.2799999999997,650.86,1281.21,686.0,2018-02-13
2018-02-15,8,10,580.8099999999996,653.34,1283.6799999999998,703.0,2018-02-22
2018-02-23,8,10,647.9399999999996,682.69,1313.04,666.0,2018-03-02
2018-03-02,8,10,732.1899999999996,752.76,1383.1100000000001,651.0,2018-03-09
2018-03-09,8,10,731.3699999999997,752.72,1383.0700000000002,652.0,2018-03-16
2018-03-16,8,10,731.5899999999997,751.68,1382.0300000000002,651.0,2018-03-23
2018-03-23,8,10,731.8499999999997,751.31,1381.6599999999999,650.0,2018-03-30
2018-03-31,8,10,624.5999999999997,731.26,1361.6100000000001,738.0,2018-04-07
2018-01-01,8,11,544.55,609.51,1210.26,666.0,2018-01-08
2018-01-10,8,11,566.5799999999999,603.27,1204.02,638.0,2018-01-17
2018-01-19,8,11,549.76,602.56,1203.3000000000002,654.0,2018-01-26
2018-01-27,8,11,614.93,619.97,1220.72,606.0,2018-02-03
2018-02-04,8,11,604.56,643.47,1244.22,640.0,2018-02-11
2018-02-12,8,11,636.5299999999999,644.51,1245.25,609.0,2018-02-19
2018-02-20,8,11,625.3499999999999,647.18,1247.92,623.0,2018-02-27
2018-02-27,8,11,698.0699999999999,732.09,1332.8400000000001,635.0,2018-03-06
2018-03-06,8,11,697.88,742.29,1343.03,646.0,2018-03-13
2018-03-13,8,11,698.5,745.14,1345.8899999999999,648.0,2018-03-20
2018-03-20,8,11,698.25,737.45,1338.19,640.0,2018-03-27
2018-03-28,8,11,611.8299999999999,697.61,1298.35,687.0,2018-04-04
2018-01-01,8,12,545.27,597.55,1198.57,654.0,2018-01-08
2018-01-10,8,12,572.3199999999999,587.2,1188.2199999999998,616.0,2018-01-17
2018-01-19,8,12,552.2399999999999,594.43,1195.4499999999998,644.0,2018-01-26
2018-01-28,8,12,536.8299999999999,608.97,1209.99,674.0,2018-02-04
2018-02-06,8,12,570.38,624.1,1225.12,655.0,2018-02-13
2018-02-14,8,12,628.79,629.6,1230.62,602.0,2018-02-21
2018-02-22,8,12,622.43,641.34,1242.3600000000001,620.0,2018-03-01
2018-03-01,8,12,697.8299999999999,720.5,1321.52,624.0,2018-03-08
2018-03-08,8,12,698.0899999999999,729.33,1330.35,633.0,2018-03-15
2018-03-15,8,12,698.4899999999998,718.72,1319.74,622.0,2018-03-22
2018-03-22,8,12,698.5099999999999,726.4,1327.42,629.0,2018-03-29
2018-03-30,8,12,604.2999999999998,697.77,1298.79,695.0,2018-04-06
2018-01-01,8,13,656.13,726.07,1454.92,799.0,2018-01-08
2018-01-10,8,13,687.8399999999999,727.47,1456.31,769.0,2018-01-17
2018-01-19,8,13,671.4599999999999,728.18,1457.02,786.0,2018-01-26
2018-01-28,8,13,643.0699999999999,752.62,1481.46,839.0,2018-02-04
2018-02-05,8,13,770.1999999999999,770.73,1499.5700000000002,730.0,2018-02-12
2018-02-14,8,13,670.74,751.12,1479.96,810.0,2018-02-21
2018-02-22,8,13,750.9000000000001,775.69,1504.5300000000002,754.0,2018-03-01
2018-03-01,8,13,844.1700000000001,871.66,1600.5,757.0,2018-03-08
2018-03-08,8,13,844.47,864.91,1593.75,750.0,2018-03-15
2018-03-15,8,13,844.5000000000001,857.47,1586.31,742.0,2018-03-22
2018-03-22,8,13,843.9900000000001,866.52,1595.3600000000001,752.0,2018-03-29
2018-03-30,8,13,731.7100000000003,843.81,1572.65,841.0,2018-04-06
2018-01-01,8,14,455.88,502.1,1005.53,550.0,2018-01-08
2018-01-10,8,14,472.92999999999995,508.25,1011.6800000000001,539.0,2018-01-17
2018-01-19,8,14,458.18,508.08,1011.51,554.0,2018-01-26
2018-01-27,8,14,519.6800000000001,520.84,1024.28,505.0,2018-02-03
2018-02-04,8,14,508.00000000000006,550.73,1054.17,547.0,2018-02-11
2018-02-12,8,14,534.2600000000001,551.86,1055.29,522.0,2018-02-19
2018-02-20,8,14,525.75,548.83,1052.26,527.0,2018-02-27
2018-02-27,8,14,586.24,620.04,1123.47,538.0,2018-03-06
2018-03-06,8,14,586.53,625.84,1129.28,543.0,2018-03-13
2018-03-13,8,14,586.0099999999999,629.28,1132.72,547.0,2018-03-20
2018-03-20,8,14,586.05,625.18,1128.6200000000001,543.0,2018-03-27
2018-03-28,8,14,513.0499999999998,585.77,1089.2,577.0,2018-04-04
2018-01-01,8,15,689.66,730.35,1487.26,798.0,2018-01-08
2018-01-10,8,15,716.6800000000001,732.75,1489.6599999999999,773.0,2018-01-17
2018-01-19,8,15,698.5500000000002,734.23,1491.1399999999999,793.0,2018-01-26
2018-01-28,8,15,674.2100000000003,749.94,1506.85,833.0,2018-02-04
2018-02-06,8,15,717.3600000000002,775.75,1532.67,816.0,2018-02-13
2018-02-15,8,15,697.8400000000001,762.72,1519.63,822.0,2018-02-22
2018-02-23,8,15,778.7300000000001,785.07,1541.99,764.0,2018-03-02
2018-03-03,8,15,758.4200000000001,870.68,1627.6,870.0,2018-03-10
2018-03-11,8,15,751.49,869.54,1626.45,875.0,2018-03-18
2018-03-19,8,15,790.49,861.93,1618.85,829.0,2018-03-26
2018-03-27,8,15,778.7,876.63,1633.55,855.0,2018-04-03
2018-01-01,8,16,201.99,212.26,433.04999999999995,232.0,2018-01-08
2018-01-10,8,16,216.39999999999998,216.99,437.77,222.0,2018-01-17
2018-01-20,8,16,184.98000000000002,211.1,431.88,247.0,2018-01-27
2018-01-29,8,16,212.3,229.02,449.80999999999995,238.0,2018-02-05
2018-02-07,8,16,211.18999999999994,232.97,453.75,243.0,2018-02-14
2018-02-16,8,16,206.78999999999996,231.94,452.72,246.0,2018-02-23
2018-02-24,8,16,231.84,248.83,469.62,238.0,2018-03-03
2018-03-03,8,16,262.08,267.24,488.02,226.0,2018-03-10
2018-03-10,8,16,261.90999999999997,266.91,487.70000000000005,226.0,2018-03-17
2018-03-17,8,16,262.08,271.22,492.01,230.0,2018-03-24
2018-03-24,8,16,261.92999999999995,272.14,492.92999999999995,231.0,2018-03-31
2018-03-31,8,16,261.85999999999996,261.89,482.66999999999996,221.0,2018-04-07
2018-01-01,8,17,257.96,283.35,566.92,309.0,2018-01-08
2018-01-10,8,17,269.55,287.06,570.62,302.0,2018-01-17
2018-01-19,8,17,262.23,289.09,572.66,311.0,2018-01-26
2018-01-27,8,17,294.5,295.98,579.55,286.0,2018-02-03
2018-02-04,8,17,288.75,313.76,597.3299999999999,309.0,2018-02-11
2018-02-12,8,17,301.78,316.52,600.0899999999999,299.0,2018-02-19
2018-02-20,8,17,297.36999999999995,317.49,601.06,304.0,2018-02-27
2018-02-27,8,17,332.3299999999999,360.98,644.55,313.0,2018-03-06
2018-03-06,8,17,332.81999999999994,370.55,654.1099999999999,322.0,2018-03-13
2018-03-13,8,17,332.7299999999999,372.83,656.39,324.0,2018-03-20
2018-03-20,8,17,332.3699999999999,374.66,658.23,326.0,2018-03-27
2018-03-28,8,17,289.07999999999987,332.0,615.5699999999999,327.0,2018-04-04
2018-01-01,8,18,664.6199999999999,694.16,1421.8799999999999,758.0,2018-01-08
2018-01-10,8,18,694.7299999999999,705.4,1433.12,739.0,2018-01-17
2018-01-19,8,18,673.78,710.34,1438.06,765.0,2018-01-26
2018-01-28,8,18,650.81,722.88,1450.6,800.0,2018-02-04
2018-02-06,8,18,688.02,754.22,1481.94,794.0,2018-02-13
2018-02-15,8,18,668.8499999999999,750.95,1478.67,810.0,2018-02-22
2018-02-23,8,18,748.81,780.2,1507.92,760.0,2018-03-02
2018-03-03,8,18,730.34,839.84,1567.56,838.0,2018-03-10
2018-03-11,8,18,725.3299999999999,844.23,1571.9499999999998,847.0,2018-03-18
2018-03-19,8,18,762.6499999999999,833.73,1561.4499999999998,799.0,2018-03-26
2018-03-27,8,18,750.3099999999998,844.03,1571.76,822.0,2018-04-03
2018-01-01,8,19,315.78999999999996,356.51,704.27,389.0,2018-01-08
2018-01-10,8,19,329.79999999999995,355.21,702.97,374.0,2018-01-17
2018-01-19,8,19,320.2499999999999,360.91,708.66,389.0,2018-01-26
2018-01-27,8,19,359.58999999999986,368.33,716.0899999999999,357.0,2018-02-03
2018-02-04,8,19,354.1699999999999,389.92,737.68,384.0,2018-02-11
2018-02-12,8,19,370.05999999999995,389.14,736.9,367.0,2018-02-19
2018-02-20,8,19,364.5099999999999,387.97,735.73,372.0,2018-02-27
2018-02-27,8,19,407.9999999999999,437.83,785.5899999999999,378.0,2018-03-06
2018-03-06,8,19,407.6199999999999,446.69,794.45,387.0,2018-03-13
2018-03-13,8,19,407.38999999999993,450.1,797.8599999999999,391.0,2018-03-20
2018-03-20,8,19,407.7599999999999,447.23,794.98,388.0,2018-03-27
2018-03-28,8,19,357.7399999999999,407.24,755.0,398.0,2018-04-04
2018-01-01,8,20,369.52,427.08,835.8800000000001,467.0,2018-01-08
2018-01-10,8,20,382.62999999999994,423.59,832.3900000000001,450.0,2018-01-17
2018-01-18,8,20,424.7199999999999,432.17,840.96,417.0,2018-01-25
2018-01-26,8,20,422.53999999999985,435.16,843.96,422.0,2018-02-02
2018-02-03,8,20,413.5599999999999,459.58,868.3800000000001,455.0,2018-02-10
2018-02-11,8,20,410.42999999999984,463.96,872.76,463.0,2018-02-18
2018-02-19,8,20,432.0999999999998,461.92,870.71,439.0,2018-02-26
2018-02-26,8,20,476.5399999999998,510.5,919.3,443.0,2018-03-05
2018-03-04,8,20,529.5599999999998,529.67,938.46,409.0,2018-03-11
2018-03-11,8,20,476.24999999999983,529.67,938.47,463.0,2018-03-18
2018-03-18,8,20,476.9399999999998,530.38,939.1800000000001,463.0,2018-03-25
2018-03-26,8,20,425.42999999999984,476.2,884.99,460.0,2018-04-02
2018-01-01,8,21,315.11,364.48,714.21,400.0,2018-01-08
2018-01-10,8,21,329.58000000000004,366.57,716.29,387.0,2018-01-17
2018-01-18,8,21,363.75,373.29,723.01,360.0,2018-01-25
2018-01-26,8,21,362.65,377.79,727.51,365.0,2018-02-02
2018-02-03,8,21,355.77,399.03,748.75,393.0,2018-02-10
2018-02-11,8,21,351.40999999999997,398.73,748.45,398.0,2018-02-18
2018-02-19,8,21,372.0,395.93,745.6500000000001,374.0,2018-02-26
2018-02-26,8,21,409.22999999999996,442.49,792.21,383.0,2018-03-05
2018-03-05,8,21,408.90999999999997,453.33,803.0500000000001,395.0,2018-03-12
2018-03-11,8,21,454.39,454.41,804.1300000000001,350.0,2018-03-18
2018-03-18,8,21,409.1400000000001,458.71,808.4300000000001,400.0,2018-03-25
2018-03-26,8,21,364.8500000000001,408.92,758.6400000000001,394.0,2018-04-02
2018-01-01,8,22,631.8199999999999,693.49,1387.4,756.0,2018-01-08
2018-01-10,8,22,657.16,677.36,1371.27,715.0,2018-01-17
2018-01-19,8,22,643.81,675.49,1369.4,726.0,2018-01-26
2018-01-28,8,22,620.03,708.74,1402.65,783.0,2018-02-04
2018-02-06,8,22,652.5699999999999,719.41,1413.31,761.0,2018-02-13
2018-02-15,8,22,636.53,723.27,1417.1799999999998,781.0,2018-02-22
2018-02-23,8,22,712.05,757.88,1451.79,740.0,2018-03-02
2018-03-02,8,22,805.6799999999998,827.75,1521.6599999999999,716.0,2018-03-09
2018-03-09,8,22,805.4399999999998,823.32,1517.23,712.0,2018-03-16
2018-03-16,8,22,805.6299999999999,820.7,1514.6100000000001,709.0,2018-03-23
2018-03-23,8,22,805.4599999999998,816.9,1510.81,706.0,2018-03-30
2018-03-31,8,22,692.6599999999999,805.41,1499.32,807.0,2018-04-07
2018-01-01,8,23,229.29999999999998,262.9,516.16,287.0,2018-01-08
2018-01-10,8,23,240.49999999999997,260.37,513.62,274.0,2018-01-17
2018-01-19,8,23,236.45999999999998,262.17,515.4300000000001,279.0,2018-01-26
2018-01-27,8,23,263.42999999999995,272.09,525.3499999999999,262.0,2018-02-03
2018-02-04,8,23,258.79999999999995,285.86,539.11,281.0,2018-02-11
2018-02-12,8,23,271.44999999999993,286.83,540.0799999999999,269.0,2018-02-19
2018-02-20,8,23,267.44999999999993,285.79,539.04,272.0,2018-02-27
2018-02-27,8,23,298.7799999999999,324.65,577.9100000000001,280.0,2018-03-06
2018-03-06,8,23,299.2399999999999,327.54,580.8,282.0,2018-03-13
2018-03-13,8,23,298.81999999999994,331.57,584.8199999999999,286.0,2018-03-20
2018-03-20,8,23,298.36999999999995,331.24,584.49,287.0,2018-03-27
2018-03-28,8,23,261.62,298.36,551.61,290.0,2018-04-04
2018-01-01,8,24,516.77,565.46,1135.97,620.0,2018-01-08
2018-01-10,8,24,539.1800000000001,566.68,1137.1799999999998,598.0,2018-01-17
2018-01-19,8,24,526.21,568.37,1138.87,613.0,2018-01-26
2018-01-28,8,24,504.5400000000001,592.86,1163.3600000000001,659.0,2018-02-04
2018-02-05,8,24,605.6000000000001,608.68,1179.18,574.0,2018-02-12
2018-02-13,8,24,597.4000000000001,605.45,1175.95,579.0,2018-02-20
2018-02-21,8,24,597.2800000000001,608.12,1178.62,582.0,2018-02-28
2018-02-28,8,24,664.6300000000001,706.28,1276.78,613.0,2018-03-07
2018-03-07,8,24,664.83,709.48,1279.98,616.0,2018-03-14
2018-03-14,8,24,664.83,707.49,1278.0,614.0,2018-03-21
2018-03-21,8,24,664.8100000000001,708.51,1279.01,615.0,2018-03-28
2018-03-29,8,24,575.2500000000001,663.99,1234.49,660.0,2018-04-05
2018-01-01,8,25,629.9200000000001,694.64,1391.0,762.0,2018-01-08
2018-01-10,8,25,659.76,677.42,1373.7800000000002,715.0,2018-01-17
2018-01-19,8,25,637.1400000000001,701.77,1398.13,761.0,2018-01-26
2018-01-28,8,25,614.9900000000002,720.13,1416.48,802.0,2018-02-04
2018-02-06,8,25,653.7400000000004,730.9,1427.26,774.0,2018-02-13
2018-02-14,8,25,722.4800000000002,739.47,1435.8200000000002,714.0,2018-02-21
2018-02-22,8,25,718.4900000000002,749.78,1446.1399999999999,728.0,2018-03-01
2018-03-01,8,25,807.6800000000003,829.74,1526.1,719.0,2018-03-08
2018-03-08,8,25,807.9100000000004,830.43,1526.79,719.0,2018-03-15
2018-03-15,8,25,807.4600000000005,826.58,1522.94,716.0,2018-03-22
2018-03-22,8,25,807.8600000000005,817.08,1513.44,706.0,2018-03-29
2018-03-30,8,25,700.7000000000005,807.36,1503.71,804.0,2018-04-06
2018-01-01,8,26,373.32000000000005,424.68,836.91,464.0,2018-01-08
2018-01-10,8,26,389.2400000000001,419.97,832.2,443.0,2018-01-17
2018-01-19,8,26,380.38000000000005,421.07,833.3000000000001,453.0,2018-01-26
2018-01-27,8,26,426.11,436.18,848.41,423.0,2018-02-03
2018-02-04,8,26,418.5999999999999,454.36,866.6,449.0,2018-02-11
2018-02-12,8,26,439.27999999999986,454.89,867.12,428.0,2018-02-19
2018-02-20,8,26,432.2299999999999,456.74,868.97,437.0,2018-02-27
2018-02-27,8,26,482.2699999999999,513.35,925.58,444.0,2018-03-06
2018-03-06,8,26,482.68999999999994,518.4,930.64,448.0,2018-03-13
2018-03-13,8,26,482.06999999999994,523.15,935.38,454.0,2018-03-20
2018-03-20,8,26,482.71,517.06,929.3000000000001,447.0,2018-03-27
2018-03-28,8,26,422.9800000000001,481.99,894.22,472.0,2018-04-04
2018-01-01,8,27,173.31,186.0,375.55,203.0,2018-01-08
2018-01-10,8,27,185.44,188.01,377.57,193.0,2018-01-17
2018-01-19,8,27,183.20000000000002,184.91,374.47,192.0,2018-01-26
2018-01-28,8,27,175.67000000000002,196.47,386.03,211.0,2018-02-04
2018-02-06,8,27,184.3,200.78,390.33000000000004,207.0,2018-02-13
2018-02-15,8,27,180.98000000000002,201.46,391.02,211.0,2018-02-22
2018-02-23,8,27,200.6,211.62,401.18,201.0,2018-03-02
2018-03-02,8,27,225.45,231.97,421.52,197.0,2018-03-09
2018-03-09,8,27,225.95,232.27,421.83000000000004,196.0,2018-03-16
2018-03-16,8,27,225.15,231.97,421.53,197.0,2018-03-23
2018-03-23,8,27,225.65,235.58,425.13,200.0,2018-03-30
2018-03-31,8,27,193.12,225.05,414.61,222.0,2018-04-07
2018-01-01,8,28,680.3399999999999,735.2,1490.2199999999998,810.0,2018-01-08
2018-01-10,8,28,712.7399999999999,733.45,1488.4699999999998,776.0,2018-01-17
2018-01-19,8,28,697.9499999999998,740.33,1495.35,798.0,2018-01-26
2018-01-28,8,28,674.2099999999997,755.5,1510.52,837.0,2018-02-04
2018-02-06,8,28,715.5599999999997,765.49,1520.51,805.0,2018-02-13
2018-02-15,8,28,698.4699999999998,759.78,1514.8,817.0,2018-02-22
2018-02-23,8,28,777.8499999999999,778.82,1533.84,756.0,2018-03-02
2018-03-03,8,28,758.29,856.56,1611.58,854.0,2018-03-10
2018-03-11,8,28,752.7699999999999,858.12,1613.1399999999999,861.0,2018-03-18
2018-03-19,8,28,792.6299999999997,859.95,1614.9699999999998,823.0,2018-03-26
2018-03-27,8,28,780.8199999999996,875.44,1630.46,850.0,2018-04-03
2018-01-01,8,29,540.48,621.23,1220.3600000000001,680.0,2018-01-08
2018-01-10,8,29,564.56,604.69,1203.83,640.0,2018-01-17
2018-01-19,8,29,550.52,608.01,1207.1399999999999,657.0,2018-01-26
2018-01-27,8,29,614.25,628.32,1227.45,614.0,2018-02-03
2018-02-04,8,29,602.1199999999999,652.62,1251.75,650.0,2018-02-11
2018-02-12,8,29,636.1499999999997,649.18,1248.31,613.0,2018-02-19
2018-02-20,8,29,624.7999999999998,651.8,1250.9299999999998,627.0,2018-02-27
2018-02-27,8,29,698.7599999999999,737.66,1336.8,639.0,2018-03-06
2018-03-06,8,29,698.8399999999998,748.64,1347.78,649.0,2018-03-13
2018-03-13,8,29,697.9299999999997,749.77,1348.9,651.0,2018-03-20
2018-03-20,8,29,697.9099999999997,744.45,1343.5900000000001,646.0,2018-03-27
2018-03-28,8,29,612.3299999999997,697.9,1297.03,685.0,2018-04-04
2018-01-01,8,30,314.23,328.78,673.6700000000001,360.0,2018-01-08
2018-01-11,8,30,296.35,325.31,670.2,374.0,2018-01-18
2018-01-20,8,30,321.66,327.81,672.7,352.0,2018-01-27
2018-01-29,8,30,330.0100000000001,348.85,693.74,364.0,2018-02-05
2018-02-07,8,30,325.6300000000001,355.29,700.19,375.0,2018-02-14
2018-02-16,8,30,319.2000000000001,356.14,701.03,382.0,2018-02-23
2018-02-24,8,30,357.4700000000002,383.76,728.6500000000001,372.0,2018-03-03
2018-03-03,8,30,405.7700000000002,411.0,755.8900000000001,351.0,2018-03-10
2018-03-10,8,30,405.8200000000002,413.54,758.4300000000001,353.0,2018-03-17
2018-03-17,8,30,405.3300000000002,413.23,758.1200000000001,353.0,2018-03-24
2018-03-24,8,30,405.16000000000025,411.73,756.6200000000001,352.0,2018-03-31
2018-01-01,8,31,457.35,515.21,1021.59,565.0,2018-01-08
2018-01-10,8,31,476.76000000000005,514.28,1020.67,544.0,2018-01-17
2018-01-19,8,31,461.61,515.15,1021.53,560.0,2018-01-26
2018-01-27,8,31,520.01,530.83,1037.22,518.0,2018-02-03
2018-02-04,8,31,511.75,563.82,1070.2,559.0,2018-02-11
2018-02-12,8,31,535.9100000000001,561.83,1068.21,533.0,2018-02-19
2018-02-20,8,31,527.7500000000001,555.75,1062.1399999999999,535.0,2018-02-27
2018-02-27,8,31,589.8400000000001,633.37,1139.75,550.0,2018-03-06
2018-03-06,8,31,589.32,644.14,1150.52,562.0,2018-03-13
2018-03-13,8,31,590.04,640.14,1146.52,557.0,2018-03-20
2018-03-20,8,31,589.74,642.66,1149.04,560.0,2018-03-27
2018-03-28,8,31,515.79,589.22,1095.6,580.0,2018-04-04
2018-01-01,8,32,344.39,366.83,745.67,402.0,2018-01-08
2018-01-10,8,32,363.08,369.08,747.92,385.0,2018-01-17
2018-01-19,8,32,353.04999999999995,371.94,750.78,398.0,2018-01-26
2018-01-28,8,32,344.77,382.85,761.6899999999999,417.0,2018-02-04
2018-02-06,8,32,360.98,402.13,780.97,420.0,2018-02-13
2018-02-14,8,32,398.51,400.34,779.1899999999999,381.0,2018-02-21
2018-02-22,8,32,396.28,406.33,785.18,389.0,2018-03-01
2018-03-01,8,32,443.46999999999997,455.08,833.92,391.0,2018-03-08
2018-03-08,8,32,443.90999999999997,457.87,836.71,393.0,2018-03-15
2018-03-15,8,32,443.55999999999995,457.84,836.68,394.0,2018-03-22
2018-03-22,8,32,444.2299999999999,453.47,832.31,389.0,2018-03-29
2018-03-30,8,32,385.42999999999995,443.37,822.21,437.0,2018-04-06
2018-01-01,8,33,544.1700000000001,587.57,1186.13,642.0,2018-01-08
2018-01-10,8,33,566.5,590.73,1189.29,623.0,2018-01-17
2018-01-19,8,33,552.03,582.84,1181.41,630.0,2018-01-26
2018-01-28,8,33,539.89,611.0,1209.5700000000002,670.0,2018-02-04
2018-02-06,8,33,569.5299999999999,618.06,1216.63,648.0,2018-02-13
2018-02-15,8,33,555.6799999999998,620.51,1219.08,664.0,2018-02-22
2018-02-23,8,33,619.5699999999998,649.47,1248.04,629.0,2018-03-02
2018-03-02,8,33,697.1899999999997,715.37,1313.94,617.0,2018-03-09
2018-03-09,8,33,696.9099999999996,723.72,1322.29,626.0,2018-03-16
2018-03-16,8,33,697.2799999999996,714.53,1313.0900000000001,616.0,2018-03-23
2018-03-23,8,33,696.8499999999997,724.74,1323.31,627.0,2018-03-30
2018-03-31,8,33,597.2999999999996,696.7,1295.2600000000002,698.0,2018-04-07
2018-01-01,8,34,202.47,238.2,462.0,260.0,2018-01-08
2018-01-09,8,34,238.39999999999998,239.57,463.36,225.0,2018-01-16
2018-01-17,8,34,237.95999999999992,240.48,464.28,227.0,2018-01-24
2018-01-25,8,34,237.04999999999998,243.66,467.46,231.0,2018-02-01
2018-02-02,8,34,230.73,262.12,485.91999999999996,256.0,2018-02-09
2018-02-10,8,34,230.79000000000002,257.69,481.48,251.0,2018-02-17
2018-02-18,8,34,228.38000000000002,257.15,480.94999999999993,253.0,2018-02-25
2018-02-25,8,34,264.73,286.73,510.52,246.0,2018-03-04
2018-03-04,8,34,264.50000000000006,300.24,524.03,260.0,2018-03-11
2018-03-11,8,34,264.74000000000007,302.32,526.11,262.0,2018-03-18
2018-03-18,8,34,264.93000000000006,303.18,526.98,263.0,2018-03-25
2018-03-26,8,34,235.05000000000007,264.27,488.05999999999995,254.0,2018-04-02
2018-01-01,8,35,518.2299999999999,568.29,1136.62,619.0,2018-01-08
2018-01-10,8,35,536.56,564.28,1132.6,597.0,2018-01-17
2018-01-19,8,35,522.63,563.7,1132.02,610.0,2018-01-26
2018-01-28,8,35,503.56999999999994,591.92,1160.25,657.0,2018-02-04
2018-02-05,8,35,602.28,605.45,1173.77,572.0,2018-02-12
2018-02-13,8,35,593.77,603.6,1171.92,579.0,2018-02-20
2018-02-21,8,35,593.8799999999999,606.92,1175.25,582.0,2018-02-28
2018-02-28,8,35,660.8799999999998,702.26,1270.59,610.0,2018-03-07
2018-03-07,8,35,660.5299999999997,704.53,1272.86,613.0,2018-03-14
2018-03-14,8,35,660.9099999999997,701.66,1269.98,610.0,2018-03-21
2018-03-21,8,35,661.1599999999996,707.53,1275.85,615.0,2018-03-28
2018-03-29,8,35,571.2999999999996,660.23,1228.5499999999997,658.0,2018-04-05
2018-01-01,8,36,598.79,658.96,1322.15,724.0,2018-01-08
2018-01-10,8,36,624.9300000000001,668.32,1331.5099999999998,707.0,2018-01-17
2018-01-19,8,36,599.0500000000002,674.44,1337.62,739.0,2018-01-26
2018-01-27,8,36,678.9000000000002,681.86,1345.0500000000002,667.0,2018-02-03
2018-02-04,8,36,669.4500000000003,717.75,1380.94,712.0,2018-02-11
2018-02-12,8,36,699.6000000000001,719.31,1382.4899999999998,683.0,2018-02-19
2018-02-20,8,36,688.61,722.89,1386.08,698.0,2018-02-27
2018-02-27,8,36,769.6400000000001,809.5,1472.69,704.0,2018-03-06
2018-03-06,8,36,770.07,817.91,1481.0900000000001,712.0,2018-03-13
2018-03-13,8,36,770.1000000000001,815.37,1478.56,709.0,2018-03-20
2018-03-20,8,36,769.6600000000002,811.5,1474.69,706.0,2018-03-27
2018-03-28,8,36,675.9600000000003,769.12,1432.3000000000002,757.0,2018-04-04
2018-01-01,8,37,230.05,265.72,519.33,290.0,2018-01-08
2018-01-10,8,37,242.35,266.41,520.02,278.0,2018-01-17
2018-01-19,8,37,237.31,263.5,517.11,280.0,2018-01-26
2018-01-27,8,37,265.17,273.36,526.97,262.0,2018-02-03
2018-02-04,8,37,259.45,287.98,541.59,283.0,2018-02-11
2018-02-12,8,37,273.19,288.18,541.79,269.0,2018-02-19
2018-02-20,8,37,269.04999999999995,287.04,540.65,272.0,2018-02-27
2018-02-27,8,37,300.3299999999999,325.39,579.0,279.0,2018-03-06
2018-03-06,8,37,300.24999999999994,328.37,581.98,282.0,2018-03-13
2018-03-13,8,37,300.19999999999993,332.86,586.47,287.0,2018-03-20
2018-03-20,8,37,300.65,331.98,585.59,285.0,2018-03-27
2018-03-28,8,37,262.36,299.93,553.54,292.0,2018-04-04
2018-01-01,8,38,627.7299999999999,713.57,1409.02,782.0,2018-01-08
2018-01-10,8,38,649.41,712.33,1407.79,759.0,2018-01-17
2018-01-19,8,38,633.5799999999999,711.71,1407.17,774.0,2018-01-26
2018-01-27,8,38,709.9899999999999,722.53,1417.98,708.0,2018-02-03
2018-02-04,8,38,699.03,755.13,1450.58,752.0,2018-02-11
2018-02-12,8,38,732.54,751.91,1447.36,715.0,2018-02-19
2018-02-20,8,38,723.1999999999999,743.74,1439.19,716.0,2018-02-27
2018-02-27,8,38,806.5699999999999,835.67,1531.13,725.0,2018-03-06
2018-03-06,8,38,807.01,844.32,1539.77,733.0,2018-03-13
2018-03-13,8,38,806.8100000000001,839.13,1534.58,728.0,2018-03-20
2018-03-20,8,38,806.8000000000002,822.25,1517.6999999999998,711.0,2018-03-27
2018-03-28,8,38,711.6800000000001,806.54,1501.9899999999998,791.0,2018-04-04
2018-01-01,8,39,341.40000000000003,393.21,771.62,431.0,2018-01-08
2018-01-10,8,39,358.04999999999995,389.59,768.01,410.0,2018-01-17
2018-01-19,8,39,344.41999999999996,391.53,769.95,426.0,2018-01-26
2018-01-27,8,39,389.69999999999993,408.32,786.74,398.0,2018-02-03
2018-02-04,8,39,384.46999999999997,425.48,803.9000000000001,420.0,2018-02-11
2018-02-12,8,39,402.35999999999996,429.8,808.22,406.0,2018-02-19
2018-02-20,8,39,394.25999999999993,427.53,805.95,412.0,2018-02-27
2018-02-27,8,39,442.74,484.34,862.75,421.0,2018-03-06
2018-03-06,8,39,443.41999999999996,486.0,864.4100000000001,421.0,2018-03-13
2018-03-13,8,39,442.43999999999994,493.1,871.52,430.0,2018-03-20
2018-03-20,8,39,443.34999999999997,488.43,866.84,424.0,2018-03-27
2018-03-28,8,39,386.40999999999997,442.44,820.86,435.0,2018-04-04
2018-01-01,8,40,230.4,247.31,499.81000000000006,270.0,2018-01-08
2018-01-10,8,40,243.63000000000002,244.34,496.83000000000004,254.0,2018-01-17
2018-01-19,8,40,239.39000000000004,245.12,497.61,259.0,2018-01-26
2018-01-28,8,40,231.90000000000003,256.93,509.43,278.0,2018-02-04
2018-02-06,8,40,242.04000000000005,266.55,519.05,278.0,2018-02-13
2018-02-14,8,40,268.98,270.03,522.53,254.0,2018-02-21
2018-02-22,8,40,266.05,274.36,526.85,261.0,2018-03-01
2018-03-01,8,40,297.43,311.52,564.01,267.0,2018-03-08
2018-03-08,8,40,297.65999999999997,307.85,560.34,263.0,2018-03-15
2018-03-15,8,40,297.55,314.81,567.31,270.0,2018-03-22
2018-03-22,8,40,297.46000000000004,314.45,566.94,270.0,2018-03-29
2018-03-30,8,40,256.83,297.25,549.75,293.0,2018-04-06
2018-01-01,8,41,173.07,198.76,389.02,216.0,2018-01-08
2018-01-10,8,41,183.00999999999996,200.17,390.42999999999995,208.0,2018-01-17
2018-01-19,8,41,179.18999999999997,200.21,390.46,212.0,2018-01-26
2018-01-27,8,41,200.41999999999996,208.38,398.64,199.0,2018-02-03
2018-02-04,8,41,196.47999999999996,214.0,404.26,208.0,2018-02-11
2018-02-12,8,41,205.78999999999996,217.43,407.69,202.0,2018-02-19
2018-02-20,8,41,202.22999999999996,218.48,408.74,207.0,2018-02-27
2018-02-27,8,41,226.53999999999994,246.6,436.86,211.0,2018-03-06
2018-03-06,8,41,226.71999999999994,248.77,439.03,213.0,2018-03-13
2018-03-13,8,41,226.72999999999996,252.11,442.37,216.0,2018-03-20
2018-03-20,8,41,226.39999999999995,248.71,438.97,213.0,2018-03-27
2018-03-28,8,41,198.35999999999996,226.07,416.33,218.0,2018-04-04
2018-01-01,8,42,287.35,314.85,632.0899999999999,345.0,2018-01-08
2018-01-10,8,42,302.0300000000001,317.13,634.37,333.0,2018-01-17
2018-01-19,8,42,295.5400000000001,320.0,637.24,342.0,2018-01-26
2018-01-27,8,42,329.37000000000006,331.72,648.95,320.0,2018-02-03
2018-02-04,8,42,324.06000000000006,347.46,664.69,341.0,2018-02-11
2018-02-12,8,42,338.70000000000005,346.7,663.94,326.0,2018-02-19
2018-02-20,8,42,334.68000000000006,348.35,665.5899999999999,331.0,2018-02-27
2018-02-27,8,42,372.05000000000007,398.99,716.22,345.0,2018-03-06
2018-03-06,8,42,372.7800000000001,400.76,717.99,346.0,2018-03-13
2018-03-13,8,42,372.7400000000002,398.45,715.69,343.0,2018-03-20
2018-03-20,8,42,372.01000000000016,401.54,718.78,347.0,2018-03-27
2018-03-28,8,42,326.71000000000015,371.97,689.21,363.0,2018-04-04
2018-01-01,8,43,402.28,437.15,879.41,478.0,2018-01-08
2018-01-10,8,43,421.09000000000003,439.09,881.35,461.0,2018-01-17
2018-01-19,8,43,408.71000000000004,440.92,883.1800000000001,475.0,2018-01-26
2018-01-28,8,43,393.6000000000001,458.15,900.41,507.0,2018-02-04
2018-02-05,8,43,469.13000000000005,471.13,913.39,445.0,2018-02-12
2018-02-13,8,43,462.01,477.81,920.0699999999999,459.0,2018-02-20
2018-02-21,8,43,463.61,473.42,915.6700000000001,453.0,2018-02-28
2018-02-28,8,43,516.32,536.98,979.24,463.0,2018-03-07
2018-03-07,8,43,515.46,541.89,984.14,469.0,2018-03-14
2018-03-14,8,43,515.69,543.39,985.65,470.0,2018-03-21
2018-03-21,8,43,515.4200000000001,539.37,981.63,467.0,2018-03-28
2018-03-29,8,43,448.2200000000001,515.37,957.62,510.0,2018-04-05
2018-01-01,8,44,230.82999999999998,255.74,510.19000000000005,280.0,2018-01-08
2018-01-10,8,44,244.28000000000003,253.44,507.89,264.0,2018-01-17
2018-01-19,8,44,236.13000000000005,257.16,511.6,276.0,2018-01-26
2018-01-28,8,44,230.8400000000001,267.98,522.4300000000001,292.0,2018-02-04
2018-02-05,8,44,271.5600000000001,278.38,532.83,262.0,2018-02-12
2018-02-13,8,44,268.5500000000001,279.71,534.16,266.0,2018-02-20
2018-02-21,8,44,268.29000000000013,279.09,533.54,266.0,2018-02-28
2018-02-28,8,44,299.65000000000015,322.66,577.11,278.0,2018-03-07
2018-03-07,8,44,299.44000000000017,322.47,576.92,278.0,2018-03-14
2018-03-14,8,44,299.4200000000002,326.21,580.66,282.0,2018-03-21
2018-03-21,8,44,299.6500000000002,326.41,580.86,282.0,2018-03-28
2018-03-29,8,44,259.94000000000017,298.89,553.34,294.0,2018-04-05
2018-01-01,8,45,627.0600000000001,661.72,1355.5700000000002,729.0,2018-01-08
2018-01-10,8,45,659.59,666.13,1359.97,701.0,2018-01-17
2018-01-19,8,45,639.7,674.89,1368.74,730.0,2018-01-26
2018-01-28,8,45,615.8400000000001,691.83,1385.68,770.0,2018-02-04
2018-02-06,8,45,653.3500000000001,716.56,1410.4,758.0,2018-02-13
2018-02-15,8,45,639.4000000000002,722.65,1416.49,778.0,2018-02-22
2018-02-23,8,45,714.1300000000002,753.47,1447.3200000000002,734.0,2018-03-02
2018-03-02,8,45,806.2600000000002,822.71,1516.5500000000002,711.0,2018-03-09
2018-03-09,8,45,806.1400000000002,822.84,1516.69,711.0,2018-03-16
2018-03-16,8,45,805.8900000000003,816.83,1510.67,705.0,2018-03-23
2018-03-23,8,45,805.6600000000003,815.6,1509.44,704.0,2018-03-30
2018-03-31,8,45,693.8600000000004,805.42,1499.27,806.0,2018-04-07
2018-01-01,8,46,459.44000000000005,515.58,1022.38,563.0,2018-01-08
2018-01-10,8,46,476.97000000000014,516.05,1022.85,546.0,2018-01-17
2018-01-19,8,46,463.6200000000002,512.26,1019.0600000000001,556.0,2018-01-26
2018-01-27,8,46,520.7000000000002,531.67,1038.4700000000003,518.0,2018-02-03
2018-02-04,8,46,509.5700000000001,563.54,1070.3400000000001,561.0,2018-02-11
2018-02-12,8,46,535.8900000000001,560.66,1067.46,532.0,2018-02-19
2018-02-20,8,46,527.6700000000002,557.49,1064.29,537.0,2018-02-27
2018-02-27,8,46,589.8000000000002,636.04,1142.8400000000001,554.0,2018-03-06
2018-03-06,8,46,590.3800000000001,643.96,1150.7600000000002,561.0,2018-03-13
2018-03-13,8,46,590.0400000000002,641.19,1147.9900000000002,558.0,2018-03-20
2018-03-20,8,46,589.4600000000003,642.75,1149.5500000000002,561.0,2018-03-27
2018-03-28,8,46,516.2000000000002,589.42,1096.2200000000003,581.0,2018-04-04
2018-01-01,8,47,172.91,194.04,384.86,212.0,2018-01-08
2018-01-10,8,47,183.95,196.32,387.15,204.0,2018-01-17
2018-01-19,8,47,181.58999999999995,193.58,384.41,203.0,2018-01-26
2018-01-27,8,47,201.24999999999994,201.79,392.61,192.0,2018-02-03
2018-02-04,8,47,198.18999999999994,212.54,403.36,206.0,2018-02-11
2018-02-12,8,47,207.05999999999997,210.96,401.78000000000003,195.0,2018-02-19
2018-02-20,8,47,203.51999999999998,211.14,401.96000000000004,199.0,2018-02-27
2018-02-27,8,47,226.79,240.68,431.5,205.0,2018-03-06
2018-03-06,8,47,226.51,240.53,431.36,205.0,2018-03-13
2018-03-13,8,47,226.38999999999996,244.45,435.27,209.0,2018-03-20
2018-03-20,8,47,226.34999999999994,243.93,434.75,209.0,2018-03-27
2018-03-28,8,47,199.08999999999992,226.21,417.03000000000003,218.0,2018-04-04
2018-01-01,8,48,399.58,444.19,885.25,486.0,2018-01-08
2018-01-10,8,48,414.93999999999994,447.14,888.21,474.0,2018-01-17
2018-01-19,8,48,405.3499999999999,448.94,890.0,485.0,2018-01-26
2018-01-27,8,48,456.2099999999999,462.74,903.81,448.0,2018-02-03
2018-02-04,8,48,447.6999999999999,482.02,923.0899999999999,476.0,2018-02-11
2018-02-12,8,48,469.9699999999999,488.34,929.4000000000001,460.0,2018-02-19
2018-02-20,8,48,461.84999999999997,482.48,923.55,462.0,2018-02-27
2018-02-27,8,48,515.52,542.39,983.46,468.0,2018-03-06
2018-03-06,8,48,515.28,547.34,988.4100000000001,474.0,2018-03-13
2018-03-13,8,48,516.0999999999999,552.42,993.49,478.0,2018-03-20
2018-03-20,8,48,515.8399999999999,546.77,987.8299999999999,472.0,2018-03-27
2018-03-27,8,48,515.2299999999999,515.23,956.29,442.0,2018-04-03
2018-01-01,8,49,230.94,249.24,502.35999999999996,272.0,2018-01-08
2018-01-10,8,49,245.35000000000002,250.84,503.96,259.0,2018-01-17
2018-01-19,8,49,238.84000000000006,249.46,502.5799999999999,264.0,2018-01-26
2018-01-28,8,49,231.90000000000006,258.29,511.40999999999997,280.0,2018-02-04
2018-02-06,8,49,243.0400000000001,269.31,522.43,280.0,2018-02-13
2018-02-14,8,49,270.0000000000001,271.04,524.16,255.0,2018-02-21
2018-02-22,8,49,267.75000000000006,276.16,529.29,262.0,2018-03-01
2018-03-01,8,49,299.0900000000001,311.55,564.68,266.0,2018-03-08
2018-03-08,8,49,299.05000000000007,308.74,561.86,263.0,2018-03-15
2018-03-15,8,49,298.8200000000001,315.97,569.1,271.0,2018-03-22
2018-03-22,8,49,299.3500000000001,315.22,568.3399999999999,269.0,2018-03-29
2018-03-30,8,49,257.7200000000001,298.59,551.72,294.0,2018-04-06
2018-01-01,8,50,515.78,544.5,1112.6100000000001,597.0,2018-01-08
2018-01-10,8,50,541.4000000000001,547.77,1115.8899999999999,575.0,2018-01-17
2018-01-19,8,50,526.5400000000001,554.01,1122.13,596.0,2018-01-26
2018-01-28,8,50,510.68,575.76,1143.87,634.0,2018-02-04
2018-02-06,8,50,537.34,596.97,1165.08,628.0,2018-02-13
2018-02-14,8,50,594.0799999999999,597.36,1165.48,572.0,2018-02-21
2018-02-22,8,50,589.9499999999998,609.47,1177.58,588.0,2018-03-01
2018-03-01,8,50,660.7599999999999,685.36,1253.48,593.0,2018-03-08
2018-03-08,8,50,660.6699999999998,686.38,1254.5,594.0,2018-03-15
2018-03-15,8,50,660.5599999999998,687.94,1256.06,596.0,2018-03-22
2018-03-22,8,50,660.8899999999999,687.04,1255.1599999999999,595.0,2018-03-29
2018-03-30,8,50,568.0099999999999,660.4,1228.52,661.0,2018-04-06
2018-01-01,9,1,148.92000000000002,162.43,326.17,178.0,2018-01-08
2018-01-10,9,1,160.93,167.36,331.09000000000003,171.0,2018-01-17
2018-01-19,9,1,158.58,167.3,331.03000000000003,173.0,2018-01-26
2018-01-28,9,1,153.82,174.46,338.19000000000005,185.0,2018-02-04
2018-02-06,9,1,160.72000000000003,177.91,341.64,181.0,2018-02-13
2018-02-14,9,1,177.10000000000002,178.97,342.70000000000005,166.0,2018-02-21
2018-02-22,9,1,175.84000000000006,180.35,344.08000000000004,169.0,2018-03-01
2018-03-01,9,1,197.11000000000004,206.79,370.53000000000003,174.0,2018-03-08
2018-03-08,9,1,196.94000000000003,204.84,368.57000000000005,172.0,2018-03-15
2018-03-15,9,1,196.72000000000003,207.38,371.12,175.0,2018-03-22
2018-03-22,9,1,196.97000000000003,204.71,368.44000000000005,172.0,2018-03-29
2018-03-30,9,1,170.28000000000003,196.33,360.06000000000006,190.0,2018-04-06
2018-01-01,9,2,393.67,436.86,871.21,478.0,2018-01-08
2018-01-10,9,2,410.4500000000001,437.77,872.1199999999999,462.0,2018-01-17
2018-01-19,9,2,398.27,443.44,877.79,480.0,2018-01-26
2018-01-27,9,2,446.7100000000001,454.26,888.6099999999999,442.0,2018-02-03
2018-02-04,9,2,439.80000000000007,472.4,906.75,467.0,2018-02-11
2018-02-12,9,2,460.52,480.99,915.3399999999999,455.0,2018-02-19
2018-02-20,9,2,453.0799999999999,475.0,909.3499999999999,457.0,2018-02-27
2018-02-27,9,2,506.68999999999994,536.59,970.94,465.0,2018-03-06
2018-03-06,9,2,506.6999999999999,543.44,977.79,472.0,2018-03-13
2018-03-13,9,2,506.8499999999998,545.26,979.6099999999999,473.0,2018-03-20
2018-03-20,9,2,506.1899999999998,540.8,975.1499999999999,469.0,2018-03-27
2018-03-28,9,2,442.98999999999984,505.95,940.3,498.0,2018-04-04
2018-01-01,9,3,247.20000000000005,274.45,545.35,299.0,2018-01-08
2018-01-10,9,3,260.80000000000007,275.12,546.02,286.0,2018-01-17
2018-01-19,9,3,253.9500000000001,274.7,545.6,292.0,2018-01-26
2018-01-27,9,3,283.31000000000006,284.52,555.4100000000001,273.0,2018-02-03
2018-02-04,9,3,279.1700000000001,296.02,566.9200000000001,288.0,2018-02-11
2018-02-12,9,3,291.26000000000016,299.54,570.44,280.0,2018-02-19
2018-02-20,9,3,286.9200000000002,294.25,565.1500000000001,279.0,2018-02-27
2018-02-27,9,3,320.2400000000002,336.48,607.3800000000001,288.0,2018-03-06
2018-03-06,9,3,320.33000000000015,341.85,612.75,293.0,2018-03-13
2018-03-13,9,3,320.0500000000002,339.55,610.44,291.0,2018-03-20
2018-03-20,9,3,320.07000000000016,340.3,611.19,292.0,2018-03-27
2018-03-28,9,3,281.15000000000015,319.46,590.35,310.0,2018-04-04
2018-01-01,9,4,147.48000000000002,166.14,328.96000000000004,182.0,2018-01-08
2018-01-10,9,4,158.76000000000002,168.26,331.09000000000003,173.0,2018-01-17
2018-01-19,9,4,156.83,167.94,330.76,174.0,2018-01-26
2018-01-28,9,4,150.93,175.63,338.45000000000005,188.0,2018-02-04
2018-02-05,9,4,178.56,180.48,343.30000000000007,165.0,2018-02-12
2018-02-13,9,4,175.42999999999998,181.78,344.6,170.0,2018-02-20
2018-02-21,9,4,176.39999999999998,180.19,343.01,167.0,2018-02-28
2018-02-28,9,4,195.31999999999996,208.35,371.17,176.0,2018-03-07
2018-03-07,9,4,195.07999999999998,206.13,368.95000000000005,174.0,2018-03-14
2018-03-14,9,4,195.07,209.58,372.40000000000003,178.0,2018-03-21
2018-03-21,9,4,195.59999999999997,206.77,369.6,175.0,2018-03-28
2018-03-29,9,4,170.61999999999995,194.91,357.73,188.0,2018-04-05
2018-01-01,9,5,122.77,144.81,280.46000000000004,158.0,2018-01-08
2018-01-09,9,5,147.16000000000003,148.54,284.2,138.0,2018-01-16
2018-01-18,9,5,131.15000000000003,148.08,283.74,153.0,2018-01-25
2018-01-26,9,5,145.32000000000002,151.69,287.35,143.0,2018-02-02
2018-02-03,9,5,143.43000000000004,156.95,292.61,150.0,2018-02-10
2018-02-11,9,5,142.30000000000004,153.7,289.35,148.0,2018-02-18
2018-02-19,9,5,149.34000000000006,152.39,288.03999999999996,139.0,2018-02-26
2018-02-26,9,5,163.42000000000007,175.68,311.34000000000003,148.0,2018-03-05
2018-03-04,9,5,180.8300000000001,181.54,317.2,137.0,2018-03-11
2018-03-11,9,5,163.76000000000008,178.92,314.58,151.0,2018-03-18
2018-03-18,9,5,163.30000000000007,178.13,313.78999999999996,151.0,2018-03-25
2018-03-26,9,5,146.44000000000005,163.14,298.78999999999996,153.0,2018-04-02
2018-01-01,9,6,391.77,439.51,871.2,480.0,2018-01-08
2018-01-10,9,6,411.05000000000007,434.45,866.13,456.0,2018-01-17
2018-01-19,9,6,398.37,435.9,867.5899999999999,470.0,2018-01-26
2018-01-27,9,6,447.92,452.07,883.76,436.0,2018-02-03
2018-02-04,9,6,438.67,470.12,901.81,464.0,2018-02-11
2018-02-12,9,6,460.29,472.09,903.77,444.0,2018-02-19
2018-02-20,9,6,452.41,472.15,903.8299999999999,452.0,2018-02-27
2018-02-27,9,6,505.03,525.4,957.0899999999999,453.0,2018-03-06
2018-03-06,9,6,505.4099999999999,537.83,969.51,465.0,2018-03-13
2018-03-13,9,6,505.3599999999999,541.55,973.23,468.0,2018-03-20
2018-03-20,9,6,504.5799999999999,538.28,969.97,466.0,2018-03-27
2018-03-28,9,6,443.25999999999993,504.46,936.14,493.0,2018-04-04
2018-01-01,9,7,394.6,443.66,878.78,485.0,2018-01-08
2018-01-10,9,7,409.13999999999993,443.78,878.9000000000001,470.0,2018-01-17
2018-01-19,9,7,397.27999999999986,450.38,885.5,489.0,2018-01-26
2018-01-27,9,7,447.55999999999995,461.17,896.3,449.0,2018-02-03
2018-02-04,9,7,439.43999999999994,482.2,917.33,478.0,2018-02-11
2018-02-12,9,7,461.41999999999985,488.24,923.37,462.0,2018-02-19
2018-02-20,9,7,453.00999999999976,483.98,919.1,467.0,2018-02-27
2018-02-27,9,7,508.0599999999998,544.19,979.31,472.0,2018-03-06
2018-03-06,9,7,507.90999999999974,551.55,986.68,479.0,2018-03-13
2018-03-13,9,7,507.3899999999998,557.8,992.93,486.0,2018-03-20
2018-03-20,9,7,507.6199999999998,551.47,986.6,479.0,2018-03-27
2018-03-28,9,7,442.8799999999997,507.15,942.28,500.0,2018-04-04
2018-01-01,9,8,518.6400000000001,577.59,1148.3700000000001,630.0,2018-01-08
2018-01-10,9,8,540.7100000000002,557.06,1127.83,588.0,2018-01-17
2018-01-19,9,8,528.4100000000002,564.04,1134.8200000000002,607.0,2018-01-26
2018-01-28,9,8,508.04000000000025,585.93,1156.71,649.0,2018-02-04
2018-02-06,9,8,541.1100000000002,602.57,1173.35,633.0,2018-02-13
2018-02-14,9,8,598.7500000000002,602.14,1172.92,575.0,2018-02-21
2018-02-22,9,8,593.0500000000002,615.62,1186.4,594.0,2018-03-01
2018-03-01,9,8,665.3000000000002,695.58,1266.3500000000001,602.0,2018-03-08
2018-03-08,9,8,665.6100000000001,690.63,1261.41,596.0,2018-03-15
2018-03-15,9,8,664.8500000000001,690.23,1261.0100000000002,597.0,2018-03-22
2018-03-22,9,8,665.4900000000002,693.19,1263.96,599.0,2018-03-29
2018-03-30,9,8,570.7800000000003,664.62,1235.4,665.0,2018-04-06
2018-01-01,9,9,345.15999999999997,383.06,763.65,419.0,2018-01-08
2018-01-10,9,9,361.36,386.87,767.46,407.0,2018-01-17
2018-01-19,9,9,348.97,389.33,769.93,421.0,2018-01-26
2018-01-27,9,9,392.35,402.97,783.56,392.0,2018-02-03
2018-02-04,9,9,386.45000000000005,413.78,794.3799999999999,408.0,2018-02-11
2018-02-12,9,9,404.63000000000005,422.48,803.0699999999999,399.0,2018-02-19
2018-02-20,9,9,398.1,423.17,803.76,406.0,2018-02-27
2018-02-27,9,9,445.14,477.68,858.28,414.0,2018-03-06
2018-03-06,9,9,445.67,483.75,864.3399999999999,419.0,2018-03-13
2018-03-13,9,9,445.13000000000005,489.06,869.65,425.0,2018-03-20
2018-03-20,9,9,445.28000000000003,485.21,865.81,421.0,2018-03-27
2018-03-28,9,9,389.53999999999996,444.81,825.4,436.0,2018-04-04
2018-01-01,9,10,492.56999999999994,546.7,1088.99,597.0,2018-01-08
2018-01-10,9,10,512.6899999999999,545.95,1088.24,576.0,2018-01-17
2018-01-19,9,10,499.4300000000001,549.45,1091.75,593.0,2018-01-26
2018-01-27,9,10,555.9500000000002,567.0,1109.29,554.0,2018-02-03
2018-02-04,9,10,545.5000000000002,597.83,1140.12,595.0,2018-02-11
2018-02-12,9,10,576.1900000000003,593.74,1136.03,560.0,2018-02-19
2018-02-20,9,10,564.7400000000002,594.81,1137.1,573.0,2018-02-27
2018-02-27,9,10,631.5100000000002,676.14,1218.44,587.0,2018-03-06
2018-03-06,9,10,630.94,685.77,1228.07,598.0,2018-03-13
2018-03-13,9,10,631.73,681.12,1223.4099999999999,592.0,2018-03-20
2018-03-20,9,10,631.1800000000001,687.43,1229.72,599.0,2018-03-27
2018-03-28,9,10,552.0300000000001,630.88,1173.1699999999998,622.0,2018-04-04
2018-01-01,9,11,465.2799999999999,534.34,1049.54,585.0,2018-01-08
2018-01-10,9,11,485.53999999999985,522.67,1037.87,553.0,2018-01-17
2018-01-19,9,11,466.2199999999999,526.68,1041.88,576.0,2018-01-26
2018-01-27,9,11,525.9699999999999,542.04,1057.2399999999998,532.0,2018-02-03
2018-02-04,9,11,516.9199999999998,576.18,1091.38,575.0,2018-02-11
2018-02-12,9,11,543.6399999999999,575.85,1091.05,548.0,2018-02-19
2018-02-20,9,11,533.55,574.49,1089.69,557.0,2018-02-27
2018-02-27,9,11,598.99,648.39,1163.58,565.0,2018-03-06
2018-03-06,9,11,598.5400000000001,667.23,1182.42,584.0,2018-03-13
2018-03-13,9,11,598.2600000000002,668.95,1184.1399999999999,586.0,2018-03-20
2018-03-20,9,11,598.2500000000001,666.16,1181.3600000000001,584.0,2018-03-27
2018-03-28,9,11,522.6300000000001,598.14,1113.3400000000001,591.0,2018-04-04
2018-01-01,9,12,468.7299999999999,512.78,1028.61,560.0,2018-01-08
2018-01-10,9,12,488.05999999999983,510.7,1026.53,539.0,2018-01-17
2018-01-19,9,12,474.7999999999997,514.45,1030.28,556.0,2018-01-26
2018-01-28,9,12,458.76999999999964,534.58,1050.4099999999999,592.0,2018-02-04
2018-02-05,9,12,546.3699999999997,556.36,1072.1799999999998,526.0,2018-02-12
2018-02-13,9,12,538.4099999999996,558.22,1074.05,536.0,2018-02-20
2018-02-21,9,12,538.2599999999996,555.19,1071.02,533.0,2018-02-28
2018-02-28,9,12,600.8499999999996,638.27,1154.1,554.0,2018-03-07
2018-03-07,9,12,601.3699999999995,637.96,1153.7799999999997,553.0,2018-03-14
2018-03-14,9,12,601.1899999999995,635.68,1151.5099999999998,551.0,2018-03-21
2018-03-21,9,12,601.2899999999995,640.75,1156.58,556.0,2018-03-28
2018-03-29,9,12,521.1599999999995,600.62,1116.44,596.0,2018-04-05
2018-01-01,9,13,561.2399999999999,630.39,1252.1999999999998,691.0,2018-01-08
2018-01-10,9,13,583.7099999999998,626.16,1247.9699999999998,665.0,2018-01-17
2018-01-19,9,13,571.5299999999999,619.71,1241.52,670.0,2018-01-26
2018-01-27,9,13,637.5399999999998,639.19,1261.0,624.0,2018-02-03
2018-02-04,9,13,626.5999999999999,672.22,1294.03,668.0,2018-02-11
2018-02-12,9,13,659.0299999999999,662.98,1284.78,626.0,2018-02-19
2018-02-20,9,13,648.8699999999999,663.23,1285.04,637.0,2018-02-27
2018-02-27,9,13,722.5199999999999,748.11,1369.92,648.0,2018-03-06
2018-03-06,9,13,722.2999999999998,759.65,1381.46,660.0,2018-03-13
2018-03-13,9,13,722.5199999999999,758.29,1380.1,658.0,2018-03-20
2018-03-20,9,13,722.1099999999998,757.01,1378.82,657.0,2018-03-27
2018-03-28,9,13,634.6999999999998,721.72,1343.53,709.0,2018-04-04
2018-01-01,9,14,392.40000000000003,428.89,860.3,468.0,2018-01-08
2018-01-10,9,14,410.37,424.6,856.01,446.0,2018-01-17
2018-01-19,9,14,402.71000000000004,425.88,857.29,455.0,2018-01-26
2018-01-28,9,14,389.2600000000001,446.97,878.3800000000001,490.0,2018-02-04
2018-02-06,9,14,409.23000000000013,457.23,888.6400000000001,480.0,2018-02-13
2018-02-14,9,14,453.38000000000017,460.09,891.5,439.0,2018-02-21
2018-02-22,9,14,448.7900000000002,470.14,901.55,453.0,2018-03-01
2018-03-01,9,14,504.0400000000002,521.03,952.44,449.0,2018-03-08
2018-03-08,9,14,504.4100000000002,529.1,960.51,457.0,2018-03-15
2018-03-15,9,14,504.71000000000015,524.97,956.3800000000001,452.0,2018-03-22
2018-03-22,9,14,504.1300000000001,523.9,955.31,452.0,2018-03-29
2018-03-30,9,14,435.7100000000001,503.79,935.19,500.0,2018-04-06
2018-01-01,9,15,593.2,640.43,1293.4,701.0,2018-01-08
2018-01-11,9,15,547.47,617.78,1270.74,724.0,2018-01-18
2018-01-20,9,15,598.2,620.89,1273.85,676.0,2018-01-27
2018-01-29,9,15,610.08,656.02,1308.98,699.0,2018-02-05
2018-02-07,9,15,609.3,664.97,1317.93,709.0,2018-02-14
2018-02-16,9,15,594.29,664.13,1317.0900000000001,723.0,2018-02-23
2018-02-24,9,15,665.92,704.83,1357.79,692.0,2018-03-03
2018-03-03,9,15,757.0799999999999,763.33,1416.3000000000002,660.0,2018-03-10
2018-03-10,9,15,757.7399999999999,764.94,1417.91,661.0,2018-03-17
2018-03-17,9,15,757.7899999999998,759.77,1412.74,655.0,2018-03-24
2018-03-25,9,15,648.0799999999997,756.94,1409.9,762.0,2018-04-01
2018-01-01,9,16,172.51999999999998,192.16,382.05999999999995,210.0,2018-01-08
2018-01-10,9,16,183.05,199.33,389.24,207.0,2018-01-17
2018-01-19,9,16,180.51000000000002,195.19,385.09000000000003,205.0,2018-01-26
2018-01-27,9,16,200.68000000000004,204.57,394.48,194.0,2018-02-03
2018-02-04,9,16,196.05,213.75,403.65999999999997,208.0,2018-02-11
2018-02-12,9,16,206.03,211.98,401.88,196.0,2018-02-19
2018-02-20,9,16,202.96000000000004,214.41,404.30999999999995,202.0,2018-02-27
2018-02-27,9,16,226.44000000000003,242.96,432.87,207.0,2018-03-06
2018-03-06,9,16,226.39000000000004,247.79,437.70000000000005,212.0,2018-03-13
2018-03-13,9,16,226.49000000000007,249.93,439.84000000000003,214.0,2018-03-20
2018-03-20,9,16,226.45000000000005,246.84,436.74,211.0,2018-03-27
2018-03-28,9,16,198.61000000000004,225.78,415.67999999999995,218.0,2018-04-04
2018-01-01,9,17,222.04999999999998,245.2,489.44,268.0,2018-01-08
2018-01-10,9,17,235.6599999999999,245.31,489.54,254.0,2018-01-17
2018-01-19,9,17,230.00999999999993,245.63,489.86,260.0,2018-01-26
2018-01-28,9,17,223.40999999999988,257.03,501.26,278.0,2018-02-04
2018-02-05,9,17,262.9699999999999,267.45,511.69,249.0,2018-02-12
2018-02-13,9,17,260.13999999999993,269.62,513.85,254.0,2018-02-20
2018-02-21,9,17,259.5399999999999,268.34,512.5699999999999,254.0,2018-02-28
2018-02-28,9,17,289.81999999999994,311.53,555.77,266.0,2018-03-07
2018-03-07,9,17,288.88999999999993,308.67,552.9100000000001,265.0,2018-03-14
2018-03-14,9,17,289.81999999999994,314.4,558.6400000000001,269.0,2018-03-21
2018-03-21,9,17,289.00999999999993,314.22,558.45,270.0,2018-03-28
2018-03-29,9,17,251.54999999999993,288.81,533.04,282.0,2018-04-05
2018-01-01,9,18,564.96,604.75,1226.2,662.0,2018-01-08
2018-01-10,9,18,593.25,604.99,1226.45,634.0,2018-01-17
2018-01-19,9,18,577.55,604.31,1225.77,649.0,2018-01-26
2018-01-28,9,18,562.44,627.98,1249.44,687.0,2018-02-04
2018-02-06,9,18,590.1300000000001,646.27,1267.73,678.0,2018-02-13
2018-02-15,9,18,576.83,646.81,1268.27,692.0,2018-02-22
2018-02-23,9,18,642.83,675.73,1297.1799999999998,655.0,2018-03-02
2018-03-02,9,18,724.16,745.54,1366.99,643.0,2018-03-09
2018-03-09,9,18,723.67,745.62,1367.08,644.0,2018-03-16
2018-03-16,9,18,724.0999999999999,743.18,1364.6399999999999,641.0,2018-03-23
2018-03-23,9,18,723.97,745.44,1366.9,643.0,2018-03-30
2018-03-31,9,18,616.73,723.48,1344.94,729.0,2018-04-07
2018-01-01,9,19,270.40999999999997,315.16,615.26,345.0,2018-01-08
2018-01-10,9,19,281.59,316.89,616.99,336.0,2018-01-17
2018-01-18,9,19,314.82,319.37,619.47,305.0,2018-01-25
2018-01-26,9,19,312.65000000000003,324.98,625.0699999999999,313.0,2018-02-02
2018-02-03,9,19,306.55,345.65,645.75,340.0,2018-02-10
2018-02-11,9,19,303.40000000000003,344.29,644.3799999999999,341.0,2018-02-18
2018-02-19,9,19,317.99000000000007,347.4,647.49,330.0,2018-02-26
2018-02-26,9,19,352.3500000000001,388.33,688.4300000000001,337.0,2018-03-05
2018-03-04,9,19,392.8600000000001,402.04,702.1299999999999,310.0,2018-03-11
2018-03-11,9,19,352.60000000000014,401.45,701.54,349.0,2018-03-18
2018-03-18,9,19,351.9300000000001,399.45,699.54,348.0,2018-03-25
2018-03-26,9,19,313.4600000000001,351.9,651.99,339.0,2018-04-02
2018-01-01,9,20,320.83000000000004,355.14,706.6,386.0,2018-01-08
2018-01-10,9,20,333.0900000000001,359.33,710.8000000000001,378.0,2018-01-17
2018-01-19,9,20,323.6500000000001,358.62,710.09,387.0,2018-01-26
2018-01-27,9,20,364.3900000000001,368.55,720.02,356.0,2018-02-03
2018-02-04,9,20,357.76000000000005,390.26,741.73,384.0,2018-02-11
2018-02-12,9,20,373.32000000000005,388.0,739.47,367.0,2018-02-19
2018-02-20,9,20,368.17,387.65,739.12,371.0,2018-02-27
2018-02-27,9,20,410.99,440.43,791.9,381.0,2018-03-06
2018-03-06,9,20,411.03,447.66,799.13,389.0,2018-03-13
2018-03-13,9,20,411.84,449.85,801.32,390.0,2018-03-20
2018-03-20,9,20,411.4699999999999,447.55,799.01,388.0,2018-03-27
2018-03-28,9,20,361.14,410.95,762.4200000000001,402.0,2018-04-04
2018-01-01,9,21,272.44,287.59,585.9200000000001,314.0,2018-01-08
2018-01-11,9,21,255.75000000000006,285.0,583.3399999999999,328.0,2018-01-18
2018-01-20,9,21,276.86000000000007,289.99,588.3299999999999,312.0,2018-01-27
2018-01-29,9,21,286.2600000000001,299.4,597.74,312.0,2018-02-05
2018-02-07,9,21,282.1600000000001,312.43,610.77,329.0,2018-02-14
2018-02-16,9,21,276.2100000000001,313.14,611.48,336.0,2018-02-23
2018-02-24,9,21,309.6200000000001,336.33,634.6600000000001,326.0,2018-03-03
2018-03-03,9,21,351.5200000000001,360.75,659.0899999999999,308.0,2018-03-10
2018-03-10,9,21,351.0000000000001,359.77,658.0999999999999,308.0,2018-03-17
2018-03-17,9,21,351.4600000000001,364.68,663.01,312.0,2018-03-24
2018-03-24,9,21,351.01000000000005,360.75,659.0899999999999,309.0,2018-03-31
2018-01-01,9,22,542.49,600.08,1196.3400000000001,654.0,2018-01-08
2018-01-10,9,22,563.51,589.4,1185.6599999999999,623.0,2018-01-17
2018-01-19,9,22,547.13,601.39,1197.6399999999999,651.0,2018-01-26
2018-01-27,9,22,614.0099999999999,615.18,1211.44,598.0,2018-02-03
2018-02-04,9,22,598.7599999999999,636.2,1232.46,634.0,2018-02-11
2018-02-12,9,22,631.1499999999999,643.67,1239.93,609.0,2018-02-19
2018-02-20,9,22,620.7099999999997,641.66,1237.92,618.0,2018-02-27
2018-02-27,9,22,693.5199999999996,724.96,1321.22,628.0,2018-03-06
2018-03-06,9,22,693.0199999999995,737.6,1333.8600000000001,641.0,2018-03-13
2018-03-13,9,22,692.8899999999994,741.41,1337.67,645.0,2018-03-20
2018-03-20,9,22,692.9599999999995,735.14,1331.3899999999999,639.0,2018-03-27
2018-03-28,9,22,608.7199999999993,692.76,1289.01,681.0,2018-04-04
2018-01-01,9,23,197.61,218.52,435.44999999999993,238.0,2018-01-08
2018-01-10,9,23,209.48000000000002,218.03,434.9599999999999,226.0,2018-01-17
2018-01-19,9,23,204.75000000000003,220.27,437.19999999999993,233.0,2018-01-26
2018-01-28,9,23,198.10000000000002,229.24,446.17999999999995,249.0,2018-02-04
2018-02-05,9,23,235.53000000000003,235.82,452.75,218.0,2018-02-12
2018-02-13,9,23,231.40999999999997,235.98,452.90999999999997,222.0,2018-02-20
2018-02-21,9,23,231.13999999999993,237.3,454.23,224.0,2018-02-28
2018-02-28,9,23,257.7199999999999,271.34,488.27,231.0,2018-03-07
2018-03-07,9,23,257.26999999999987,271.27,488.19999999999993,231.0,2018-03-14
2018-03-14,9,23,256.8799999999999,274.0,490.92999999999995,235.0,2018-03-21
2018-03-21,9,23,257.75999999999993,273.71,490.65,233.0,2018-03-28
2018-03-29,9,23,224.21999999999994,256.85,473.78,250.0,2018-04-05
2018-01-01,9,24,444.44,487.22,975.6700000000001,532.0,2018-01-08
2018-01-10,9,24,457.29999999999995,495.66,984.11,527.0,2018-01-17
2018-01-19,9,24,445.09000000000003,495.42,983.87,539.0,2018-01-26
2018-01-27,9,24,500.7200000000001,507.45,995.9000000000001,496.0,2018-02-03
2018-02-04,9,24,492.72,531.67,1020.1300000000001,528.0,2018-02-11
2018-02-12,9,24,516.6000000000001,529.68,1018.1400000000001,502.0,2018-02-19
2018-02-20,9,24,509.48000000000013,527.55,1016.01,507.0,2018-02-27
2018-02-27,9,24,568.0000000000001,599.19,1087.64,520.0,2018-03-06
2018-03-06,9,24,567.8900000000001,607.95,1096.4,529.0,2018-03-13
2018-03-13,9,24,568.0300000000001,611.85,1100.3,533.0,2018-03-20
2018-03-20,9,24,568.2700000000001,608.83,1097.28,530.0,2018-03-27
2018-03-28,9,24,498.8000000000002,567.55,1056.01,558.0,2018-04-04
2018-01-01,9,25,540.04,610.14,1208.78,669.0,2018-01-08
2018-01-10,9,25,564.4799999999999,607.18,1205.8200000000002,642.0,2018-01-17
2018-01-19,9,25,551.03,610.4,1209.04,659.0,2018-01-26
2018-01-27,9,25,613.25,628.2,1226.84,614.0,2018-02-03
2018-02-04,9,25,600.9899999999999,652.33,1250.9699999999998,650.0,2018-02-11
2018-02-12,9,25,634.2099999999998,650.27,1248.9099999999999,615.0,2018-02-19
2018-02-20,9,25,623.42,653.53,1252.1599999999999,629.0,2018-02-27
2018-02-27,9,25,696.66,738.01,1336.65,640.0,2018-03-06
2018-03-06,9,25,696.4299999999998,748.28,1346.92,651.0,2018-03-13
2018-03-13,9,25,696.9099999999999,748.09,1346.73,650.0,2018-03-20
2018-03-20,9,25,696.5799999999999,744.85,1343.49,647.0,2018-03-27
2018-03-28,9,25,610.64,696.39,1295.03,685.0,2018-04-04
2018-01-01,9,26,321.03,350.58,702.96,382.0,2018-01-08
2018-01-10,9,26,335.11,352.13,704.51,370.0,2018-01-17
2018-01-19,9,26,327.4700000000001,348.36,700.74,374.0,2018-01-26
2018-01-28,9,26,319.2000000000001,368.3,720.68,402.0,2018-02-04
2018-02-05,9,26,377.24000000000007,382.75,735.13,358.0,2018-02-12
2018-02-13,9,26,369.2600000000001,382.77,735.15,366.0,2018-02-20
2018-02-21,9,26,369.2500000000001,383.62,736.0,367.0,2018-02-28
2018-02-28,9,26,411.97000000000014,440.53,792.91,381.0,2018-03-07
2018-03-07,9,26,411.7700000000002,445.9,798.28,387.0,2018-03-14
2018-03-14,9,26,412.2100000000002,443.58,795.96,384.0,2018-03-21
2018-03-21,9,26,411.9700000000002,444.28,796.66,385.0,2018-03-28
2018-03-29,9,26,357.1800000000002,411.72,764.1,407.0,2018-04-05
2018-01-01,9,27,150.42000000000002,167.05,331.76,182.0,2018-01-08
2018-01-10,9,27,159.07000000000002,175.05,339.75,181.0,2018-01-17
2018-01-19,9,27,155.76,175.53,340.24,185.0,2018-01-26
2018-01-27,9,27,174.95,180.1,344.8,170.0,2018-02-03
2018-02-04,9,27,170.13,186.38,351.08000000000004,181.0,2018-02-11
2018-02-12,9,27,179.32,186.38,351.08000000000004,172.0,2018-02-19
2018-02-20,9,27,175.98999999999998,189.63,354.34000000000003,179.0,2018-02-27
2018-02-27,9,27,197.21,213.08,377.78,181.0,2018-03-06
2018-03-06,9,27,196.99,216.03,380.74,184.0,2018-03-13
2018-03-13,9,27,196.81,221.13,385.84000000000003,190.0,2018-03-20
2018-03-20,9,27,197.54000000000002,217.94,382.65,186.0,2018-03-27
2018-03-28,9,27,172.70000000000002,196.53,361.24,189.0,2018-04-04
2018-01-01,9,28,587.89,649.08,1301.21,714.0,2018-01-08
2018-01-10,9,28,615.7999999999998,652.29,1304.42,689.0,2018-01-17
2018-01-19,9,28,596.2499999999998,662.88,1315.01,719.0,2018-01-26
2018-01-27,9,28,667.9599999999998,673.95,1326.0700000000002,659.0,2018-02-03
2018-02-04,9,28,660.5299999999997,702.17,1354.29,694.0,2018-02-11
2018-02-12,9,28,689.6699999999996,706.19,1358.31,669.0,2018-02-19
2018-02-20,9,28,681.6899999999996,700.91,1353.03,672.0,2018-02-27
2018-02-27,9,28,758.5499999999995,787.81,1439.9299999999998,682.0,2018-03-06
2018-03-06,9,28,758.5099999999995,808.27,1460.4,702.0,2018-03-13
2018-03-13,9,28,757.9799999999996,809.47,1461.6,704.0,2018-03-20
2018-03-20,9,28,758.2499999999995,797.07,1449.19,691.0,2018-03-27
2018-03-28,9,28,666.7199999999996,757.87,1409.99,744.0,2018-04-04
2018-01-01,9,29,464.32000000000005,539.23,1054.5700000000002,591.0,2018-01-08
2018-01-10,9,29,486.98000000000013,527.53,1042.88,556.0,2018-01-17
2018-01-19,9,29,470.6800000000002,532.48,1047.8200000000002,578.0,2018-01-26
2018-01-27,9,29,529.2300000000002,548.87,1064.22,535.0,2018-02-03
2018-02-04,9,29,518.7900000000002,582.58,1097.92,580.0,2018-02-11
2018-02-12,9,29,547.2100000000003,580.22,1095.5700000000002,549.0,2018-02-19
2018-02-20,9,29,536.6600000000002,578.91,1094.25,558.0,2018-02-27
2018-02-27,9,29,601.7900000000001,655.99,1171.3400000000001,570.0,2018-03-06
2018-03-06,9,29,601.82,672.35,1187.69,586.0,2018-03-13
2018-03-13,9,29,601.5100000000002,674.14,1189.49,588.0,2018-03-20
2018-03-20,9,29,601.4000000000002,670.7,1186.05,585.0,2018-03-27
2018-03-28,9,29,524.0100000000001,601.39,1116.74,593.0,2018-04-04
2018-01-01,9,30,271.86,306.9,606.1600000000001,335.0,2018-01-08
2018-01-10,9,30,285.55999999999995,302.94,602.2,317.0,2018-01-17
2018-01-19,9,30,279.6699999999999,301.1,600.35,321.0,2018-01-26
2018-01-27,9,30,311.5499999999999,314.76,614.01,303.0,2018-02-03
2018-02-04,9,30,305.74999999999994,332.72,631.97,327.0,2018-02-11
2018-02-12,9,30,320.73999999999995,332.71,631.97,312.0,2018-02-19
2018-02-20,9,30,315.2899999999999,333.38,632.63,318.0,2018-02-27
2018-02-27,9,30,352.4399999999998,379.25,678.5,327.0,2018-03-06
2018-03-06,9,30,352.72999999999985,385.62,684.88,333.0,2018-03-13
2018-03-13,9,30,352.64999999999986,390.05,689.3,337.0,2018-03-20
2018-03-20,9,30,352.1399999999999,389.57,688.8199999999999,337.0,2018-03-27
2018-03-28,9,30,307.7899999999999,351.81,651.0699999999999,344.0,2018-04-04
2018-01-01,9,31,393.37,443.15,876.45,484.0,2018-01-08
2018-01-10,9,31,405.85999999999996,443.09,876.3900000000001,471.0,2018-01-17
2018-01-19,9,31,395.71999999999997,445.94,879.24,484.0,2018-01-26
2018-01-27,9,31,444.31999999999994,457.78,891.0799999999999,447.0,2018-02-03
2018-02-04,9,31,436.65999999999997,478.49,911.79,476.0,2018-02-11
2018-02-12,9,31,459.31,483.01,916.31,457.0,2018-02-19
2018-02-20,9,31,450.45000000000005,481.58,914.8800000000001,465.0,2018-02-27
2018-02-27,9,31,504.96000000000004,538.19,971.49,467.0,2018-03-06
2018-03-06,9,31,504.8599999999999,543.22,976.52,472.0,2018-03-13
2018-03-13,9,31,504.71999999999986,547.14,980.44,476.0,2018-03-20
2018-03-20,9,31,504.6499999999998,543.72,977.02,473.0,2018-03-27
2018-03-28,9,31,441.8999999999998,504.41,937.71,496.0,2018-04-04
2018-01-01,9,32,296.05,328.52,654.9300000000001,359.0,2018-01-08
2018-01-10,9,32,311.59999999999997,328.02,654.4300000000001,343.0,2018-01-17
2018-01-19,9,32,303.29999999999995,330.2,656.61,354.0,2018-01-26
2018-01-27,9,32,339.59,342.81,669.22,330.0,2018-02-03
2018-02-04,9,32,332.10999999999996,359.53,685.94,354.0,2018-02-11
2018-02-12,9,32,348.61,364.95,691.36,343.0,2018-02-19
2018-02-20,9,32,342.43000000000006,362.41,688.82,347.0,2018-02-27
2018-02-27,9,32,383.5300000000001,414.39,740.8,358.0,2018-03-06
2018-03-06,9,32,383.6400000000001,418.7,745.11,362.0,2018-03-13
2018-03-13,9,32,383.4300000000001,425.28,751.69,369.0,2018-03-20
2018-03-20,9,32,383.6500000000001,421.36,747.77,365.0,2018-03-27
2018-03-28,9,32,336.05000000000007,382.88,709.29,374.0,2018-04-04
2018-01-01,9,33,466.41999999999996,518.15,1032.44,567.0,2018-01-08
2018-01-10,9,33,487.39,510.32,1024.6,538.0,2018-01-17
2018-01-19,9,33,473.96,513.73,1028.02,555.0,2018-01-26
2018-01-28,9,33,458.67000000000013,534.89,1049.1799999999998,591.0,2018-02-04
2018-02-05,9,33,544.8500000000001,556.88,1071.1599999999999,527.0,2018-02-12
2018-02-13,9,33,536.9000000000002,556.89,1071.1799999999998,535.0,2018-02-20
2018-02-21,9,33,536.7300000000001,555.02,1069.3,533.0,2018-02-28
2018-02-28,9,33,599.0200000000001,637.74,1152.02,553.0,2018-03-07
2018-03-07,9,33,598.6100000000001,637.36,1151.6399999999999,554.0,2018-03-14
2018-03-14,9,33,599.57,635.22,1149.51,550.0,2018-03-21
2018-03-21,9,33,598.6700000000001,640.29,1154.58,556.0,2018-03-28
2018-03-29,9,33,518.5400000000001,598.58,1112.87,595.0,2018-04-05
2018-01-01,9,34,172.56,184.26,373.97,202.0,2018-01-08
2018-01-11,9,34,165.70999999999998,182.23,371.94000000000005,207.0,2018-01-18
2018-01-21,9,34,157.46999999999997,180.42,370.12,213.0,2018-01-28
2018-01-30,9,34,190.36,194.77,384.47,195.0,2018-02-06
2018-02-08,9,34,183.54000000000002,196.76,386.46000000000004,203.0,2018-02-15
2018-02-17,9,34,175.18,197.3,387.0,212.0,2018-02-24
2018-02-25,9,34,198.16000000000003,216.34,406.03999999999996,208.0,2018-03-04
2018-03-05,9,34,204.14000000000001,225.48,415.19000000000005,212.0,2018-03-12
2018-03-12,9,34,226.57999999999998,230.35,420.05000000000007,194.0,2018-03-19
2018-03-19,9,34,226.17999999999998,227.13,416.84000000000003,191.0,2018-03-26
2018-03-27,9,34,200.15,225.62,415.33000000000004,216.0,2018-04-03
2018-01-01,9,35,445.09,488.27,977.9200000000001,533.0,2018-01-08
2018-01-10,9,35,460.30999999999995,497.4,987.0500000000001,527.0,2018-01-17
2018-01-19,9,35,444.8399999999999,498.87,988.52,544.0,2018-01-26
2018-01-27,9,35,500.5,510.57,1000.22,500.0,2018-02-03
2018-02-04,9,35,493.26,533.89,1023.54,531.0,2018-02-11
2018-02-12,9,35,517.9799999999999,539.25,1028.9,511.0,2018-02-19
2018-02-20,9,35,508.6999999999999,539.22,1028.8700000000001,521.0,2018-02-27
2018-02-27,9,35,569.9099999999999,607.9,1097.5500000000002,528.0,2018-03-06
2018-03-06,9,35,569.4499999999998,618.96,1108.6100000000001,540.0,2018-03-13
2018-03-13,9,35,569.9099999999997,625.94,1115.5900000000001,546.0,2018-03-20
2018-03-20,9,35,569.3899999999996,622.54,1112.19,543.0,2018-03-27
2018-03-28,9,35,496.14999999999964,569.09,1058.74,563.0,2018-04-04
2018-01-01,9,36,520.8299999999999,572.9,1144.8,624.0,2018-01-08
2018-01-10,9,36,542.2599999999999,561.63,1133.53,592.0,2018-01-17
2018-01-19,9,36,527.28,566.65,1138.55,612.0,2018-01-26
2018-01-28,9,36,507.7799999999999,589.13,1161.03,654.0,2018-02-04
2018-02-06,9,36,541.08,605.94,1177.8400000000001,637.0,2018-02-13
2018-02-14,9,36,597.89,605.33,1177.23,580.0,2018-02-21
2018-02-22,9,36,592.42,621.25,1193.15,601.0,2018-03-01
2018-03-01,9,36,664.8699999999999,701.36,1273.26,609.0,2018-03-08
2018-03-08,9,36,665.2099999999999,708.59,1280.49,616.0,2018-03-15
2018-03-15,9,36,665.3099999999998,702.88,1274.78,610.0,2018-03-22
2018-03-22,9,36,665.1299999999998,710.6,1282.5,618.0,2018-03-29
2018-03-30,9,36,571.8399999999998,664.63,1236.53,665.0,2018-04-06
2018-01-01,9,37,197.14,222.65,439.64,243.0,2018-01-08
2018-01-10,9,37,207.37,224.92,441.91,235.0,2018-01-17
2018-01-19,9,37,202.78999999999996,225.91,442.91,241.0,2018-01-26
2018-01-27,9,37,228.60999999999999,232.69,449.69,222.0,2018-02-03
2018-02-04,9,37,223.46,240.09,457.08,234.0,2018-02-11
2018-02-12,9,37,234.73000000000005,242.08,459.07,225.0,2018-02-19
2018-02-20,9,37,230.47000000000003,241.71,458.7,229.0,2018-02-27
2018-02-27,9,37,257.47,271.76,488.75,232.0,2018-03-06
2018-03-06,9,37,257.41999999999996,276.45,493.44,237.0,2018-03-13
2018-03-13,9,37,257.68,279.37,496.36,239.0,2018-03-20
2018-03-20,9,37,257.02,278.04,495.03000000000003,239.0,2018-03-27
2018-03-28,9,37,226.29999999999995,256.72,473.72,248.0,2018-04-04
2018-01-01,9,38,538.4399999999999,590.28,1185.0,647.0,2018-01-08
2018-01-10,9,38,564.5199999999999,590.46,1185.1799999999998,621.0,2018-01-17
2018-01-19,9,38,545.8899999999999,601.78,1196.5,651.0,2018-01-26
2018-01-28,9,38,526.8399999999999,617.04,1211.77,685.0,2018-02-04
2018-02-05,9,38,630.7499999999998,634.36,1229.09,599.0,2018-02-12
2018-02-13,9,38,620.9199999999997,641.86,1236.58,616.0,2018-02-20
2018-02-21,9,38,621.2499999999998,640.82,1235.55,615.0,2018-02-28
2018-02-28,9,38,693.1899999999997,736.52,1331.2399999999998,639.0,2018-03-07
2018-03-07,9,38,693.4299999999996,736.31,1331.0299999999997,638.0,2018-03-14
2018-03-14,9,38,692.8899999999995,739.17,1333.8999999999999,642.0,2018-03-21
2018-03-21,9,38,693.4799999999994,737.74,1332.4699999999998,639.0,2018-03-28
2018-03-28,9,38,692.4799999999996,692.5,1287.23,595.0,2018-04-04
2018-01-01,9,39,295.6700000000001,327.57,653.21,358.0,2018-01-08
2018-01-10,9,39,311.32000000000016,326.59,652.23,341.0,2018-01-17
2018-01-19,9,39,303.63000000000017,328.98,654.6200000000001,351.0,2018-01-26
2018-01-27,9,39,339.1000000000002,344.22,669.8600000000001,331.0,2018-02-03
2018-02-04,9,39,332.0500000000002,360.41,686.0500000000001,354.0,2018-02-11
2018-02-12,9,39,348.09000000000015,363.62,689.26,342.0,2018-02-19
2018-02-20,9,39,342.6600000000002,362.98,688.6200000000001,346.0,2018-02-27
2018-02-27,9,39,382.61000000000024,412.67,738.3100000000001,356.0,2018-03-06
2018-03-06,9,39,382.86000000000024,417.84,743.48,361.0,2018-03-13
2018-03-13,9,39,382.93000000000023,425.31,750.95,369.0,2018-03-20
2018-03-20,9,39,383.55000000000024,420.44,746.08,363.0,2018-03-27
2018-03-28,9,39,335.29000000000025,382.54,708.1700000000001,373.0,2018-04-04
2018-01-01,9,40,196.38,218.46,434.2,238.0,2018-01-08
2018-01-10,9,40,206.96999999999997,219.76,435.5,229.0,2018-01-17
2018-01-19,9,40,203.76,217.78,433.51,230.0,2018-01-26
2018-01-28,9,40,197.21,228.68,444.42,248.0,2018-02-04
2018-02-05,9,40,233.87000000000006,234.85,450.58,217.0,2018-02-12
2018-02-13,9,40,229.45000000000005,235.73,451.47,223.0,2018-02-20
2018-02-21,9,40,230.10000000000002,236.89,452.63,223.0,2018-02-28
2018-02-28,9,40,255.75000000000003,270.93,486.66,231.0,2018-03-07
2018-03-07,9,40,255.37000000000003,270.57,486.31,231.0,2018-03-14
2018-03-14,9,40,255.35000000000005,273.59,489.32,234.0,2018-03-21
2018-03-21,9,40,255.31000000000003,273.16,488.90000000000003,234.0,2018-03-28
2018-03-29,9,40,222.99,255.27,471.01,249.0,2018-04-05
2018-01-01,9,41,147.52,151.49,313.68,167.0,2018-01-08
2018-01-11,9,41,144.82999999999998,154.04,316.23,172.0,2018-01-18
2018-01-21,9,41,136.67000000000002,154.23,316.41999999999996,180.0,2018-01-28
2018-01-31,9,41,147.8,164.45,326.64,179.0,2018-02-07
2018-02-09,9,41,156.19000000000005,167.1,329.28999999999996,174.0,2018-02-16
2018-02-18,9,41,150.45000000000007,168.48,330.66999999999996,181.0,2018-02-25
2018-02-26,9,41,179.55000000000007,186.89,349.08,170.0,2018-03-05
2018-03-05,9,41,194.69000000000005,194.82,357.01,163.0,2018-03-12
2018-03-13,9,41,173.57000000000005,194.09,356.28,183.0,2018-03-20
2018-03-21,9,41,173.07000000000002,192.95,355.14,183.0,2018-03-28
2018-03-29,9,41,172.06000000000003,194.24,356.42999999999995,185.0,2018-04-05
2018-01-01,9,42,247.43000000000004,261.89,532.79,286.0,2018-01-08
2018-01-11,9,42,232.3,258.11,529.0,297.0,2018-01-18
2018-01-20,9,42,253.57000000000002,263.58,534.48,281.0,2018-01-27
2018-01-29,9,42,259.72,276.25,547.1500000000001,288.0,2018-02-05
2018-02-07,9,42,257.69,282.2,553.1,296.0,2018-02-14
2018-02-16,9,42,251.26000000000002,285.65,556.55,306.0,2018-02-23
2018-02-24,9,42,282.05,301.68,572.58,291.0,2018-03-03
2018-03-03,9,42,319.88000000000005,326.79,597.69,278.0,2018-03-10
2018-03-10,9,42,319.5900000000001,328.95,599.85,281.0,2018-03-17
2018-03-17,9,42,320.1300000000001,330.78,601.6800000000001,282.0,2018-03-24
2018-03-24,9,42,319.8400000000001,331.35,602.24,283.0,2018-03-31
2018-01-01,9,43,345.38,392.63,773.99,429.0,2018-01-08
2018-01-10,9,43,358.8,402.2,783.56,425.0,2018-01-17
2018-01-19,9,43,347.22,394.98,776.3499999999999,430.0,2018-01-26
2018-01-27,9,43,395.30000000000007,411.73,793.0899999999999,398.0,2018-02-03
2018-02-04,9,43,387.43000000000006,431.3,812.67,426.0,2018-02-11
2018-02-12,9,43,405.7500000000001,432.48,813.8499999999999,409.0,2018-02-19
2018-02-20,9,43,398.80000000000007,430.14,811.5,413.0,2018-02-27
2018-02-27,9,43,446.61,485.91,867.27,421.0,2018-03-06
2018-03-06,9,43,446.66,488.95,870.31,424.0,2018-03-13
2018-03-13,9,43,446.65999999999997,497.77,879.1299999999999,433.0,2018-03-20
2018-03-20,9,43,446.8499999999999,491.4,872.76,426.0,2018-03-27
2018-03-28,9,43,389.87999999999994,446.3,827.6599999999999,438.0,2018-04-04
2018-01-01,9,44,197.61999999999998,212.46,429.59999999999997,232.0,2018-01-08
2018-01-10,9,44,209.79999999999998,213.38,430.52,221.0,2018-01-17
2018-01-19,9,44,207.25999999999996,212.31,429.45,223.0,2018-01-26
2018-01-28,9,44,199.51999999999995,227.97,445.11,246.0,2018-02-04
2018-02-06,9,44,209.06999999999996,231.76,448.9,240.0,2018-02-13
2018-02-14,9,44,231.09999999999997,233.06,450.2,220.0,2018-02-21
2018-02-22,9,44,230.4699999999999,237.51,454.65,225.0,2018-03-01
2018-03-01,9,44,257.68999999999994,269.18,486.32,229.0,2018-03-08
2018-03-08,9,44,257.22999999999996,266.12,483.26,227.0,2018-03-15
2018-03-15,9,44,257.85999999999996,269.84,486.98,230.0,2018-03-22
2018-03-22,9,44,257.74999999999994,270.63,487.77,231.0,2018-03-29
2018-03-30,9,44,222.3499999999999,256.88,474.02,252.0,2018-04-06
2018-01-01,9,45,542.4200000000001,607.42,1205.9900000000002,664.0,2018-01-08
2018-01-10,9,45,567.7500000000001,608.58,1207.15,640.0,2018-01-17
2018-01-19,9,45,548.7000000000003,614.38,1212.95,665.0,2018-01-26
2018-01-27,9,45,615.0700000000003,628.71,1227.29,613.0,2018-02-03
2018-02-04,9,45,602.1700000000003,652.98,1251.5500000000002,650.0,2018-02-11
2018-02-12,9,45,635.2400000000004,650.46,1249.0300000000002,614.0,2018-02-19
2018-02-20,9,45,623.1300000000005,654.91,1253.48,631.0,2018-02-27
2018-02-27,9,45,697.4800000000005,738.62,1337.19,640.0,2018-03-06
2018-03-06,9,45,697.1200000000003,748.51,1347.0900000000001,650.0,2018-03-13
2018-03-13,9,45,696.8600000000005,751.62,1350.19,654.0,2018-03-20
2018-03-20,9,45,697.5100000000004,742.96,1341.5300000000002,645.0,2018-03-27
2018-03-28,9,45,612.3500000000004,696.8,1295.37,684.0,2018-04-04
2018-01-01,9,46,395.34,444.55,880.51,486.0,2018-01-08
2018-01-10,9,46,409.48,440.19,876.15,467.0,2018-01-17
2018-01-19,9,46,401.68,441.76,877.72,477.0,2018-01-26
2018-01-27,9,46,450.35,458.42,894.37,445.0,2018-02-03
2018-02-04,9,46,443.32000000000005,476.1,912.0600000000001,469.0,2018-02-11
2018-02-12,9,46,463.32000000000005,481.84,917.8000000000001,455.0,2018-02-19
2018-02-20,9,46,455.88000000000005,477.19,913.15,458.0,2018-02-27
2018-02-27,9,46,509.2900000000001,533.97,969.9200000000001,461.0,2018-03-06
2018-03-06,9,46,508.92,543.82,979.7800000000001,471.0,2018-03-13
2018-03-13,9,46,508.70000000000005,546.02,981.98,474.0,2018-03-20
2018-03-20,9,46,509.2800000000001,542.91,978.87,470.0,2018-03-27
2018-03-28,9,46,445.93000000000006,508.53,944.49,499.0,2018-04-04
2018-01-01,9,47,147.05,166.1,328.08000000000004,182.0,2018-01-08
2018-01-10,9,47,157.05000000000004,172.88,334.86,178.0,2018-01-17
2018-01-18,9,47,173.93,174.36,336.34000000000003,163.0,2018-01-25
2018-01-26,9,47,173.37,176.25,338.23,165.0,2018-02-02
2018-02-03,9,47,168.32,185.28,347.26,179.0,2018-02-10
2018-02-11,9,47,167.00000000000003,185.36,347.34000000000003,181.0,2018-02-18
2018-02-19,9,47,176.57000000000002,188.91,350.89000000000004,175.0,2018-02-26
2018-02-26,9,47,194.3,209.14,371.12,177.0,2018-03-05
2018-03-04,9,47,214.48000000000002,216.2,378.18,164.0,2018-03-11
2018-03-11,9,47,193.92,218.72,380.70000000000005,187.0,2018-03-18
2018-03-18,9,47,193.82999999999998,218.45,380.43,187.0,2018-03-25
2018-03-26,9,47,173.20999999999998,193.64,355.62,183.0,2018-04-02
2018-01-01,9,48,343.28000000000003,390.87,770.41,428.0,2018-01-08
2018-01-10,9,48,359.71000000000004,383.81,763.3499999999999,404.0,2018-01-17
2018-01-19,9,48,348.7900000000001,381.52,761.0699999999999,413.0,2018-01-26
2018-01-27,9,48,393.87000000000006,399.91,779.45,386.0,2018-02-03
2018-02-04,9,48,386.1200000000001,411.18,790.72,405.0,2018-02-11
2018-02-12,9,48,405.0500000000001,411.3,790.8399999999999,386.0,2018-02-19
2018-02-20,9,48,398.03000000000026,413.98,793.52,396.0,2018-02-27
2018-02-27,9,48,444.24000000000035,466.22,845.76,402.0,2018-03-06
2018-03-06,9,48,444.20000000000033,470.11,849.65,406.0,2018-03-13
2018-03-13,9,48,444.27000000000027,476.91,856.45,413.0,2018-03-20
2018-03-20,9,48,444.5400000000002,472.13,851.67,408.0,2018-03-27
2018-03-28,9,48,390.9700000000002,443.73,823.27,433.0,2018-04-04
2018-01-01,9,49,198.59,215.97,434.02,236.0,2018-01-08
2018-01-10,9,49,211.82000000000002,217.1,435.14,224.0,2018-01-17
2018-01-19,9,49,208.32000000000005,218.08,436.13,228.0,2018-01-26
2018-01-28,9,49,200.84000000000006,229.16,447.21,247.0,2018-02-04
2018-02-06,9,49,210.97000000000008,234.45,452.5,242.0,2018-02-13
2018-02-14,9,49,233.3300000000001,235.2,453.25,220.0,2018-02-21
2018-02-22,9,49,231.58000000000004,241.07,459.12,228.0,2018-03-01
2018-03-01,9,49,259.26,270.67,488.7199999999999,230.0,2018-03-08
2018-03-08,9,49,259.33,269.63,487.66999999999996,229.0,2018-03-15
2018-03-15,9,49,259.45,273.13,491.17999999999995,232.0,2018-03-22
2018-03-22,9,49,259.06,272.99,491.03999999999996,232.0,2018-03-29
2018-03-29,9,49,258.82,258.83,476.88,219.0,2018-04-05
2018-01-01,9,50,442.92999999999995,481.07,967.8500000000001,525.0,2018-01-08
2018-01-10,9,50,459.55000000000007,484.14,970.9200000000001,512.0,2018-01-17
2018-01-19,9,50,450.94000000000005,487.34,974.1200000000001,524.0,2018-01-26
2018-01-28,9,50,433.6200000000001,499.23,986.01,553.0,2018-02-04
2018-02-05,9,50,517.5000000000001,525.38,1012.1600000000001,495.0,2018-02-12
2018-02-13,9,50,509.35000000000014,526.04,1012.8199999999999,504.0,2018-02-20
2018-02-21,9,50,509.2100000000001,521.12,1007.9000000000001,499.0,2018-02-28
2018-02-28,9,50,567.1800000000001,599.64,1086.42,520.0,2018-03-07
2018-03-07,9,50,567.64,605.45,1092.23,525.0,2018-03-14
2018-03-14,9,50,567.29,602.16,1088.94,522.0,2018-03-21
2018-03-21,9,50,567.22,598.94,1085.72,519.0,2018-03-28
2018-03-29,9,50,493.67000000000013,566.89,1053.67,560.0,2018-04-05
2018-01-01,10,1,158.2,167.54,340.78999999999996,183.0,2018-01-08
2018-01-10,10,1,170.60999999999996,170.99,344.24,174.0,2018-01-17
2018-01-19,10,1,168.59999999999997,170.06,343.31,175.0,2018-01-26
2018-01-28,10,1,162.27999999999997,178.78,352.03,190.0,2018-02-04
2018-02-06,10,1,170.58999999999997,182.77,356.02,186.0,2018-02-13
2018-02-15,10,1,166.79999999999995,183.39,356.64,190.0,2018-02-22
2018-02-23,10,1,184.64999999999998,190.08,363.33000000000004,179.0,2018-03-02
2018-03-02,10,1,207.38,211.32,384.57,178.0,2018-03-09
2018-03-09,10,1,207.86,209.25,382.51,175.0,2018-03-16
2018-03-16,10,1,207.41,211.05,384.3,177.0,2018-03-23
2018-03-23,10,1,207.16000000000003,209.42,382.67,176.0,2018-03-30
2018-03-31,10,1,178.85000000000002,207.08,380.33000000000004,202.0,2018-04-07
2018-01-01,10,2,417.90000000000003,457.01,917.05,500.0,2018-01-08
2018-01-10,10,2,434.20000000000005,453.27,913.3199999999999,480.0,2018-01-17
2018-01-19,10,2,425.8300000000001,448.76,908.81,483.0,2018-01-26
2018-01-28,10,2,410.2900000000001,472.27,932.31,523.0,2018-02-04
2018-02-06,10,2,432.6700000000002,486.89,946.93,515.0,2018-02-13
2018-02-14,10,2,479.48000000000013,487.96,948.0,469.0,2018-02-21
2018-02-22,10,2,477.77000000000015,497.65,957.7,480.0,2018-03-01
2018-03-01,10,2,535.0600000000002,559.8,1019.8399999999999,485.0,2018-03-08
2018-03-08,10,2,535.2000000000003,556.79,1016.8399999999999,482.0,2018-03-15
2018-03-15,10,2,535.3600000000004,557.51,1017.55,483.0,2018-03-22
2018-03-22,10,2,535.8000000000004,555.55,1015.5899999999999,480.0,2018-03-29
2018-03-30,10,2,462.0600000000005,535.01,995.05,533.0,2018-04-06
2018-01-01,10,3,263.59,279.03,567.3,304.0,2018-01-08
2018-01-10,10,3,280.48999999999995,281.33,569.5899999999999,290.0,2018-01-17
2018-01-19,10,3,272.80999999999995,283.28,571.54,299.0,2018-01-26
2018-01-28,10,3,264.44999999999993,293.86,582.13,318.0,2018-02-04
2018-02-06,10,3,280.0099999999999,303.85,592.11,313.0,2018-02-13
2018-02-15,10,3,271.0899999999999,304.52,592.78,322.0,2018-02-22
2018-02-23,10,3,303.44999999999993,317.91,606.17,303.0,2018-03-02
2018-03-02,10,3,340.43,353.88,642.14,302.0,2018-03-09
2018-03-09,10,3,340.46000000000004,346.25,634.52,295.0,2018-03-16
2018-03-16,10,3,341.1100000000001,350.02,638.29,298.0,2018-03-23
2018-03-23,10,3,340.9900000000001,350.0,638.27,298.0,2018-03-30
2018-03-31,10,3,292.3700000000001,340.13,628.4,337.0,2018-04-07
2018-01-01,10,4,158.92000000000002,170.84,344.58000000000004,186.0,2018-01-08
2018-01-10,10,4,168.48000000000002,175.14,348.88,181.0,2018-01-17
2018-01-19,10,4,165.96,175.62,349.36,184.0,2018-01-26
2018-01-28,10,4,159.60000000000008,183.8,357.53999999999996,198.0,2018-02-04
2018-02-06,10,4,168.95000000000007,186.47,360.21000000000004,192.0,2018-02-13
2018-02-14,10,4,187.13000000000008,187.43,361.16999999999996,175.0,2018-02-21
2018-02-22,10,4,185.65000000000012,193.77,367.51,182.0,2018-03-01
2018-03-01,10,4,206.6700000000001,217.7,391.44,185.0,2018-03-08
2018-03-08,10,4,206.75000000000009,216.67,390.40999999999997,184.0,2018-03-15
2018-03-15,10,4,206.87000000000006,220.18,393.91999999999996,188.0,2018-03-22
2018-03-22,10,4,207.47000000000008,218.64,392.38,185.0,2018-03-29
2018-03-30,10,4,178.85000000000005,206.53,380.27,202.0,2018-04-06
2018-01-01,10,5,131.07999999999998,146.77,291.80999999999995,161.0,2018-01-08
2018-01-10,10,5,141.39999999999998,149.23,294.27,153.0,2018-01-17
2018-01-19,10,5,139.11999999999998,149.22,294.26,156.0,2018-01-26
2018-01-28,10,5,134.33999999999995,155.62,300.65999999999997,167.0,2018-02-04
2018-02-06,10,5,142.28999999999996,156.92,301.96,160.0,2018-02-13
2018-02-15,10,5,139.32,154.25,299.28999999999996,160.0,2018-02-22
2018-02-23,10,5,155.15,164.83,309.87,155.0,2018-03-02
2018-03-02,10,5,173.82000000000002,181.68,326.72,153.0,2018-03-09
2018-03-09,10,5,173.64000000000001,180.17,325.21,152.0,2018-03-16
2018-03-16,10,5,173.97,180.06,325.1,152.0,2018-03-23
2018-03-23,10,5,174.41,179.86,324.9,151.0,2018-03-30
2018-03-31,10,5,149.14,173.51,318.54999999999995,170.0,2018-04-07
2018-01-01,10,6,417.14,470.25,931.62,515.0,2018-01-08
2018-01-10,10,6,432.3299999999998,466.68,928.05,496.0,2018-01-17
2018-01-19,10,6,423.74999999999983,470.09,931.46,508.0,2018-01-26
2018-01-27,10,6,475.7399999999998,484.51,945.88,471.0,2018-02-03
2018-02-04,10,6,464.7599999999999,499.14,960.5,496.0,2018-02-11
2018-02-12,10,6,490.02,511.13,972.5,483.0,2018-02-19
2018-02-20,10,6,481.39,500.52,961.8900000000001,481.0,2018-02-27
2018-02-27,10,6,537.78,569.87,1031.24,494.0,2018-03-06
2018-03-06,10,6,537.83,586.87,1048.24,511.0,2018-03-13
2018-03-13,10,6,537.8900000000001,586.06,1047.4299999999998,510.0,2018-03-20
2018-03-20,10,6,537.7600000000001,585.13,1046.5,509.0,2018-03-27
2018-03-28,10,6,469.50000000000017,537.32,998.6899999999999,530.0,2018-04-04
2018-01-01,10,7,421.82,461.19,923.61,502.0,2018-01-08
2018-01-10,10,7,437.96000000000004,456.52,918.94,481.0,2018-01-17
2018-01-19,10,7,426.90000000000003,456.34,918.76,492.0,2018-01-26
2018-01-28,10,7,413.08000000000004,480.52,942.94,530.0,2018-02-04
2018-02-05,10,7,490.72,494.45,956.87,467.0,2018-02-12
2018-02-13,10,7,483.1500000000001,502.88,965.3,483.0,2018-02-20
2018-02-21,10,7,484.0600000000002,498.39,960.81,477.0,2018-02-28
2018-02-28,10,7,538.9300000000001,569.14,1031.56,493.0,2018-03-07
2018-03-07,10,7,539.0500000000001,576.95,1039.3700000000001,501.0,2018-03-14
2018-03-14,10,7,539.3700000000001,572.56,1034.98,496.0,2018-03-21
2018-03-21,10,7,539.0600000000001,569.8,1032.22,494.0,2018-03-28
2018-03-29,10,7,468.91999999999996,538.67,1001.0900000000001,533.0,2018-04-05
2018-01-01,10,8,548.06,608.31,1213.81,666.0,2018-01-08
2018-01-10,10,8,572.4999999999998,608.77,1214.27,642.0,2018-01-17
2018-01-19,10,8,558.1599999999999,605.35,1210.85,653.0,2018-01-26
2018-01-27,10,8,622.0799999999999,623.4,1228.9,607.0,2018-02-03
2018-02-04,10,8,607.6499999999999,652.36,1257.86,651.0,2018-02-11
2018-02-12,10,8,643.0099999999999,650.68,1256.18,614.0,2018-02-19
2018-02-20,10,8,631.29,654.07,1259.57,629.0,2018-02-27
2018-02-27,10,8,705.04,739.04,1344.54,640.0,2018-03-06
2018-03-06,10,8,704.8199999999999,749.49,1354.99,651.0,2018-03-13
2018-03-13,10,8,705.14,748.98,1354.47,650.0,2018-03-20
2018-03-20,10,8,704.97,745.86,1351.36,647.0,2018-03-27
2018-03-28,10,8,619.0600000000001,704.29,1309.79,691.0,2018-04-04
2018-01-01,10,9,370.81,391.14,797.0699999999999,427.0,2018-01-08
2018-01-11,10,9,346.82,391.95,797.88,452.0,2018-01-18
2018-01-20,10,9,374.58000000000004,393.45,799.38,425.0,2018-01-27
2018-01-29,10,9,383.6800000000002,413.43,819.37,436.0,2018-02-05
2018-02-07,10,9,382.8400000000002,419.04,824.98,443.0,2018-02-14
2018-02-15,10,9,424.68000000000023,426.11,832.04,408.0,2018-02-22
2018-02-23,10,9,420.7500000000003,445.71,851.64,431.0,2018-03-02
2018-03-02,10,9,474.36000000000024,489.74,895.6700000000001,422.0,2018-03-09
2018-03-09,10,9,474.9600000000003,489.36,895.29,421.0,2018-03-16
2018-03-16,10,9,474.94000000000034,489.72,895.65,421.0,2018-03-23
2018-03-23,10,9,474.5500000000003,489.29,895.22,421.0,2018-03-30
2018-03-31,10,9,406.5100000000003,474.27,880.2,474.0,2018-04-07
2018-01-01,10,10,523.9,569.77,1146.6399999999999,623.0,2018-01-08
2018-01-10,10,10,547.17,565.46,1142.33,596.0,2018-01-17
2018-01-19,10,10,535.3199999999999,567.84,1144.71,610.0,2018-01-26
2018-01-28,10,10,514.4999999999999,586.25,1163.12,649.0,2018-02-04
2018-02-06,10,10,547.7299999999998,601.62,1178.49,631.0,2018-02-13
2018-02-15,10,10,531.9499999999998,603.04,1179.92,648.0,2018-02-22
2018-02-23,10,10,593.8399999999998,629.08,1205.95,613.0,2018-03-02
2018-03-02,10,10,671.3399999999997,697.27,1274.14,603.0,2018-03-09
2018-03-09,10,10,670.6699999999998,694.28,1271.15,601.0,2018-03-16
2018-03-16,10,10,670.9699999999999,692.65,1269.52,599.0,2018-03-23
2018-03-23,10,10,670.8899999999998,696.85,1273.72,603.0,2018-03-30
2018-03-31,10,10,572.4899999999998,670.45,1247.3200000000002,675.0,2018-04-07
2018-01-01,10,11,496.59999999999997,579.19,1130.37,634.0,2018-01-08
2018-01-10,10,11,519.4100000000001,573.22,1124.4,605.0,2018-01-17
2018-01-18,10,11,573.3700000000001,575.01,1126.19,553.0,2018-01-25
2018-01-26,10,11,567.8300000000002,584.14,1135.32,568.0,2018-02-02
2018-02-03,10,11,557.8900000000001,608.59,1159.77,602.0,2018-02-10
2018-02-11,10,11,552.1000000000003,611.85,1163.03,611.0,2018-02-18
2018-02-19,10,11,582.3300000000003,614.82,1166.0,584.0,2018-02-26
2018-02-26,10,11,642.2400000000004,683.03,1234.21,592.0,2018-03-05
2018-03-04,10,11,714.4900000000004,715.21,1266.3899999999999,552.0,2018-03-11
2018-03-11,10,11,641.9900000000002,712.94,1264.12,623.0,2018-03-18
2018-03-18,10,11,642.7700000000002,710.27,1261.4499999999998,619.0,2018-03-25
2018-03-26,10,11,570.4400000000003,641.88,1193.06,623.0,2018-04-02
2018-01-01,10,12,496.48,567.59,1116.5900000000001,621.0,2018-01-08
2018-01-10,10,12,516.49,554.14,1103.15,587.0,2018-01-17
2018-01-19,10,12,502.5900000000001,564.59,1113.5900000000001,611.0,2018-01-26
2018-01-27,10,12,562.7500000000001,575.43,1124.44,562.0,2018-02-03
2018-02-04,10,12,552.7600000000001,600.23,1149.24,597.0,2018-02-11
2018-02-12,10,12,583.9200000000001,598.74,1147.75,564.0,2018-02-19
2018-02-20,10,12,573.4600000000002,598.48,1147.49,575.0,2018-02-27
2018-02-27,10,12,641.0500000000002,681.93,1230.94,590.0,2018-03-06
2018-03-06,10,12,640.2100000000003,690.41,1239.42,600.0,2018-03-13
2018-03-13,10,12,640.8800000000002,687.54,1236.5500000000002,596.0,2018-03-20
2018-03-20,10,12,640.4200000000003,689.88,1238.8899999999999,599.0,2018-03-27
2018-03-28,10,12,561.5800000000004,640.1,1189.1,628.0,2018-04-04
2018-01-01,10,13,605.78,654.98,1319.9,715.0,2018-01-08
2018-01-10,10,13,625.68,655.23,1320.15,695.0,2018-01-17
2018-01-19,10,13,609.9999999999999,659.37,1324.3,715.0,2018-01-26
2018-01-28,10,13,588.7399999999998,680.55,1345.48,757.0,2018-02-04
2018-02-06,10,13,624.1299999999999,703.16,1368.08,744.0,2018-02-13
2018-02-14,10,13,690.7099999999997,698.75,1363.67,673.0,2018-02-21
2018-02-22,10,13,685.3999999999996,716.98,1381.9099999999999,697.0,2018-03-01
2018-03-01,10,13,771.1599999999996,798.61,1463.53,693.0,2018-03-08
2018-03-08,10,13,771.2999999999996,812.09,1477.02,706.0,2018-03-15
2018-03-15,10,13,770.9299999999996,806.81,1471.73,701.0,2018-03-22
2018-03-22,10,13,770.8599999999998,804.42,1469.35,699.0,2018-03-29
2018-03-30,10,13,663.4299999999998,770.68,1435.6100000000001,773.0,2018-04-06
2018-01-01,10,14,421.09,469.19,933.78,513.0,2018-01-08
2018-01-10,10,14,436.9599999999999,469.89,934.48,498.0,2018-01-17
2018-01-19,10,14,427.4699999999999,465.69,930.27,503.0,2018-01-26
2018-01-27,10,14,479.24999999999983,484.73,949.32,471.0,2018-02-03
2018-02-04,10,14,469.77999999999986,504.29,968.8800000000001,500.0,2018-02-11
2018-02-12,10,14,494.04999999999984,514.11,978.7,485.0,2018-02-19
2018-02-20,10,14,485.6899999999998,503.89,968.48,483.0,2018-02-27
2018-02-27,10,14,541.9699999999998,570.49,1035.08,494.0,2018-03-06
2018-03-06,10,14,542.6399999999998,588.69,1053.27,511.0,2018-03-13
2018-03-13,10,14,542.1199999999998,588.34,1052.92,511.0,2018-03-20
2018-03-20,10,14,541.9599999999998,588.28,1052.87,511.0,2018-03-27
2018-03-28,10,14,473.7999999999999,541.74,1006.33,533.0,2018-04-04
2018-01-01,10,15,629.2900000000001,689.86,1384.69,756.0,2018-01-08
2018-01-10,10,15,655.48,677.4,1372.22,717.0,2018-01-17
2018-01-19,10,15,633.4100000000001,697.44,1392.26,759.0,2018-01-26
2018-01-28,10,15,611.0800000000002,715.23,1410.0500000000002,799.0,2018-02-04
2018-02-06,10,15,650.2600000000002,727.34,1422.16,772.0,2018-02-13
2018-02-14,10,15,720.2900000000002,734.88,1429.7,710.0,2018-02-21
2018-02-22,10,15,716.7500000000003,752.06,1446.8899999999999,731.0,2018-03-01
2018-03-01,10,15,805.4400000000002,832.25,1527.0700000000002,722.0,2018-03-08
2018-03-08,10,15,804.9600000000004,823.98,1518.8000000000002,714.0,2018-03-15
2018-03-15,10,15,804.7400000000005,822.09,1516.92,713.0,2018-03-22
2018-03-22,10,15,805.4100000000004,811.06,1505.88,701.0,2018-03-29
2018-03-30,10,15,698.0500000000004,804.56,1499.38,802.0,2018-04-06
2018-01-01,10,16,183.8,198.6,400.13,217.0,2018-01-08
2018-01-10,10,16,197.28000000000006,198.88,400.40999999999997,204.0,2018-01-17
2018-01-19,10,16,193.73000000000008,200.28,401.81,209.0,2018-01-26
2018-01-28,10,16,186.0200000000001,214.02,415.55,230.0,2018-02-04
2018-02-06,10,16,195.0300000000001,216.47,418.0,223.0,2018-02-13
2018-02-14,10,16,215.2800000000001,219.32,420.85,206.0,2018-02-21
2018-02-22,10,16,213.79000000000008,223.81,425.34000000000003,212.0,2018-03-01
2018-03-01,10,16,239.39000000000004,251.19,452.72,214.0,2018-03-08
2018-03-08,10,16,239.60000000000005,250.05,451.58,212.0,2018-03-15
2018-03-15,10,16,238.97000000000003,251.45,452.98,215.0,2018-03-22
2018-03-22,10,16,239.92000000000007,248.67,450.2,211.0,2018-03-29
2018-03-30,10,16,207.3700000000001,238.91,440.44,234.0,2018-04-06
2018-01-01,10,17,237.22999999999996,262.86,523.89,287.0,2018-01-08
2018-01-10,10,17,248.98999999999998,268.26,529.3,281.0,2018-01-17
2018-01-19,10,17,241.22999999999996,273.34,534.3699999999999,294.0,2018-01-26
2018-01-27,10,17,272.18999999999994,280.8,541.8299999999999,270.0,2018-02-03
2018-02-04,10,17,266.8399999999999,293.61,554.64,288.0,2018-02-11
2018-02-12,10,17,280.1499999999999,291.41,552.4399999999999,273.0,2018-02-19
2018-02-20,10,17,276.3099999999999,291.97,553.0,277.0,2018-02-27
2018-02-27,10,17,308.04999999999984,331.33,592.3599999999999,285.0,2018-03-06
2018-03-06,10,17,308.42999999999984,333.72,594.75,287.0,2018-03-13
2018-03-13,10,17,308.4099999999998,335.59,596.6199999999999,289.0,2018-03-20
2018-03-20,10,17,308.51999999999975,337.51,598.55,291.0,2018-03-27
2018-03-28,10,17,269.8499999999998,307.77,568.8,299.0,2018-04-04
2018-01-01,10,18,601.66,656.97,1321.9699999999998,721.0,2018-01-08
2018-01-10,10,18,629.6300000000001,653.91,1318.92,690.0,2018-01-17
2018-01-19,10,18,609.9200000000002,652.53,1317.53,708.0,2018-01-26
2018-01-28,10,18,588.5000000000002,679.76,1344.76,757.0,2018-02-04
2018-02-06,10,18,623.9700000000001,699.93,1364.9299999999998,741.0,2018-02-13
2018-02-14,10,18,690.6200000000001,699.38,1364.3899999999999,674.0,2018-02-21
2018-02-22,10,18,685.95,711.76,1376.76,691.0,2018-03-01
2018-03-01,10,18,770.3500000000001,799.03,1464.03,694.0,2018-03-08
2018-03-08,10,18,770.49,807.33,1472.33,702.0,2018-03-15
2018-03-15,10,18,770.31,807.52,1472.52,703.0,2018-03-22
2018-03-22,10,18,770.9599999999999,803.14,1468.1399999999999,698.0,2018-03-29
2018-03-30,10,18,665.3399999999999,770.16,1435.17,770.0,2018-04-06
2018-01-01,10,19,289.92,303.81,621.96,333.0,2018-01-08
2018-01-11,10,19,271.1000000000001,305.39,623.54,353.0,2018-01-18
2018-01-20,10,19,299.21000000000015,302.13,620.28,322.0,2018-01-27
2018-01-29,10,19,302.89000000000016,323.83,641.97,340.0,2018-02-05
2018-02-07,10,19,299.8200000000002,331.3,649.45,350.0,2018-02-14
2018-02-15,10,19,333.72000000000025,334.06,652.2,319.0,2018-02-22
2018-02-23,10,19,330.7000000000002,349.66,667.81,338.0,2018-03-02
2018-03-02,10,19,373.88000000000017,386.99,705.1400000000001,332.0,2018-03-09
2018-03-09,10,19,373.7300000000002,388.0,706.1500000000001,333.0,2018-03-16
2018-03-16,10,19,373.5700000000003,393.6,711.75,339.0,2018-03-23
2018-03-23,10,19,373.8200000000002,389.19,707.3400000000001,334.0,2018-03-30
2018-03-31,10,19,317.6800000000002,373.02,691.1700000000001,374.0,2018-04-07
2018-01-01,10,20,338.56,384.28,758.3599999999999,420.0,2018-01-08
2018-01-10,10,20,355.75,377.16,751.24,396.0,2018-01-17
2018-01-19,10,20,346.51000000000005,376.89,750.97,405.0,2018-01-26
2018-01-27,10,20,389.02000000000004,390.9,764.98,376.0,2018-02-03
2018-02-04,10,20,379.78,406.21,780.29,401.0,2018-02-11
2018-02-12,10,20,399.15999999999997,404.45,778.53,380.0,2018-02-19
2018-02-20,10,20,393.76,405.28,779.3599999999999,386.0,2018-02-27
2018-02-27,10,20,437.68999999999994,459.52,833.5999999999999,396.0,2018-03-06
2018-03-06,10,20,437.3799999999999,462.12,836.2,399.0,2018-03-13
2018-03-13,10,20,437.4699999999999,467.74,841.8199999999999,405.0,2018-03-20
2018-03-20,10,20,437.93999999999994,466.66,840.74,403.0,2018-03-27
2018-03-28,10,20,384.28999999999996,437.28,811.3699999999999,428.0,2018-04-04
2018-01-01,10,21,288.26,319.84,637.92,350.0,2018-01-08
2018-01-10,10,21,304.0299999999999,320.71,638.79,335.0,2018-01-17
2018-01-19,10,21,296.93999999999994,323.09,641.17,345.0,2018-01-26
2018-01-27,10,21,332.01,332.95,651.04,320.0,2018-02-03
2018-02-04,10,21,326.3399999999999,349.57,667.65,342.0,2018-02-11
2018-02-12,10,21,340.9399999999999,348.59,666.67,326.0,2018-02-19
2018-02-20,10,21,334.8699999999999,351.25,669.3299999999999,335.0,2018-02-27
2018-02-27,10,21,374.47999999999985,400.36,718.45,344.0,2018-03-06
2018-03-06,10,21,373.9899999999999,405.13,723.21,350.0,2018-03-13
2018-03-13,10,21,374.73999999999995,406.08,724.17,350.0,2018-03-20
2018-03-20,10,21,374.53999999999996,401.14,719.22,345.0,2018-03-27
2018-03-28,10,21,328.5199999999999,373.95,692.03,364.0,2018-04-04
2018-01-01,10,22,573.5699999999999,656.37,1293.1599999999999,720.0,2018-01-08
2018-01-10,10,22,596.3199999999999,641.81,1278.6,683.0,2018-01-17
2018-01-19,10,22,579.55,647.92,1284.71,706.0,2018-01-26
2018-01-27,10,22,650.9,665.63,1302.42,652.0,2018-02-03
2018-02-04,10,22,643.2600000000001,687.04,1323.83,681.0,2018-02-11
2018-02-12,10,22,671.61,693.12,1329.9099999999999,659.0,2018-02-19
2018-02-20,10,22,660.49,690.93,1327.72,668.0,2018-02-27
2018-02-27,10,22,739.3,774.1,1410.8899999999999,672.0,2018-03-06
2018-03-06,10,22,738.94,801.98,1438.77,700.0,2018-03-13
2018-03-13,10,22,738.7,799.35,1436.1399999999999,698.0,2018-03-20
2018-03-20,10,22,739.09,796.48,1433.27,695.0,2018-03-27
2018-03-28,10,22,646.3200000000002,738.51,1375.3,729.0,2018-04-04
2018-01-01,10,23,211.67,240.33,473.5,262.0,2018-01-08
2018-01-10,10,23,222.58999999999995,242.07,475.24,253.0,2018-01-17
2018-01-19,10,23,217.26999999999998,242.21,475.38,259.0,2018-01-26
2018-01-27,10,23,244.32999999999993,252.0,485.17,241.0,2018-02-03
2018-02-04,10,23,239.9499999999999,265.42,498.59000000000003,259.0,2018-02-11
2018-02-12,10,23,250.7299999999999,264.86,498.04,248.0,2018-02-19
2018-02-20,10,23,246.44999999999987,265.83,499.01,253.0,2018-02-27
2018-02-27,10,23,275.89999999999986,303.2,536.37,261.0,2018-03-06
2018-03-06,10,23,275.96999999999986,305.68,538.85,263.0,2018-03-13
2018-03-12,10,23,310.79999999999984,311.63,544.8,235.0,2018-03-19
2018-03-18,10,23,307.24999999999983,310.58,543.75,237.0,2018-03-25
2018-03-26,10,23,244.73999999999984,275.4,508.58,264.0,2018-04-02
2018-01-01,10,24,473.7900000000001,517.31,1039.8600000000001,567.0,2018-01-08
2018-01-10,10,24,495.72,515.9,1038.45,543.0,2018-01-17
2018-01-19,10,24,477.22999999999996,520.14,1042.69,566.0,2018-01-26
2018-01-28,10,24,465.09999999999985,539.28,1061.83,597.0,2018-02-04
2018-02-05,10,24,553.0699999999999,568.53,1091.08,539.0,2018-02-12
2018-02-13,10,24,546.5099999999999,566.95,1089.5,543.0,2018-02-20
2018-02-21,10,24,544.5599999999998,562.64,1085.19,541.0,2018-02-28
2018-02-28,10,24,608.6699999999997,649.2,1171.75,564.0,2018-03-07
2018-03-07,10,24,609.2199999999997,652.04,1174.5900000000001,566.0,2018-03-14
2018-03-14,10,24,608.9299999999997,648.46,1171.02,563.0,2018-03-21
2018-03-21,10,24,609.2199999999998,647.55,1170.1,561.0,2018-03-28
2018-03-29,10,24,529.0099999999998,608.28,1130.83,602.0,2018-04-05
2018-01-01,10,25,577.13,621.54,1256.1599999999999,680.0,2018-01-08
2018-01-10,10,25,600.47,613.24,1247.8600000000001,648.0,2018-01-17
2018-01-19,10,25,589.07,620.26,1254.88,666.0,2018-01-26
2018-01-28,10,25,566.5,641.25,1275.87,710.0,2018-02-04
2018-02-06,10,25,599.2,659.4,1294.02,695.0,2018-02-13
2018-02-15,10,25,584.07,662.38,1297.0100000000002,713.0,2018-02-22
2018-02-23,10,25,653.7500000000001,689.66,1324.2800000000002,671.0,2018-03-02
2018-03-02,10,25,737.3900000000001,757.14,1391.7600000000002,655.0,2018-03-09
2018-03-09,10,25,737.5600000000003,756.89,1391.5100000000002,654.0,2018-03-16
2018-03-16,10,25,736.9700000000003,754.08,1388.71,652.0,2018-03-23
2018-03-23,10,25,737.2,754.26,1388.8899999999999,652.0,2018-03-30
2018-03-31,10,25,630.38,736.94,1371.56,742.0,2018-04-07
2018-01-01,10,26,342.33000000000004,369.26,745.9300000000001,404.0,2018-01-08
2018-01-10,10,26,361.21000000000004,369.14,745.81,385.0,2018-01-17
2018-01-19,10,26,349.4800000000001,367.84,744.51,396.0,2018-01-26
2018-01-28,10,26,342.36000000000007,378.23,754.9000000000001,413.0,2018-02-04
2018-02-06,10,26,358.9200000000002,399.16,775.83,417.0,2018-02-13
2018-02-14,10,26,396.12000000000023,398.43,775.1,379.0,2018-02-21
2018-02-22,10,26,393.3400000000002,401.34,778.01,385.0,2018-03-01
2018-03-01,10,26,440.3600000000001,452.58,829.25,389.0,2018-03-08
2018-03-08,10,26,440.1600000000001,454.5,831.1800000000001,392.0,2018-03-15
2018-03-15,10,26,441.02000000000004,456.01,832.6800000000001,392.0,2018-03-22
2018-03-22,10,26,440.38000000000005,452.13,828.81,389.0,2018-03-29
2018-03-30,10,26,381.76000000000005,440.01,816.6800000000001,435.0,2018-04-06
2018-01-01,10,27,157.10000000000002,185.06,359.01,202.0,2018-01-08
2018-01-09,10,27,186.41000000000005,187.82,361.77,176.0,2018-01-16
2018-01-18,10,27,166.77000000000004,185.0,358.95000000000005,193.0,2018-01-25
2018-01-26,10,27,184.60000000000002,190.5,364.46000000000004,180.0,2018-02-02
2018-02-03,10,27,179.83000000000004,201.02,374.97,196.0,2018-02-10
2018-02-11,10,27,179.03000000000006,199.58,373.53,195.0,2018-02-18
2018-02-19,10,27,188.09000000000006,200.47,374.42,187.0,2018-02-26
2018-02-26,10,27,207.68000000000006,223.52,397.47,190.0,2018-03-05
2018-03-04,10,27,229.63000000000008,233.19,407.14,178.0,2018-03-11
2018-03-11,10,27,207.51000000000008,231.63,405.59000000000003,199.0,2018-03-18
2018-03-18,10,27,207.9500000000001,231.59,405.54,198.0,2018-03-25
2018-03-26,10,27,184.67000000000013,207.03,380.98,197.0,2018-04-02
2018-01-01,10,28,626.4900000000001,687.7,1380.98,755.0,2018-01-08
2018-01-10,10,28,650.1100000000001,689.87,1383.15,734.0,2018-01-17
2018-01-19,10,28,637.6600000000001,697.44,1390.73,754.0,2018-01-26
2018-01-27,10,28,708.7800000000001,709.65,1402.9300000000003,695.0,2018-02-03
2018-02-04,10,28,697.64,729.87,1423.1600000000003,726.0,2018-02-11
2018-02-12,10,28,730.8,735.81,1429.0900000000001,699.0,2018-02-19
2018-02-20,10,28,721.84,733.8,1427.08,706.0,2018-02-27
2018-02-27,10,28,804.6000000000001,824.92,1518.2000000000003,714.0,2018-03-06
2018-03-06,10,28,804.2300000000001,825.24,1518.52,715.0,2018-03-13
2018-03-13,10,28,804.5600000000002,824.83,1518.1100000000001,714.0,2018-03-20
2018-03-20,10,28,804.2800000000002,820.28,1513.56,710.0,2018-03-27
2018-03-28,10,28,710.2800000000002,803.84,1497.12,787.0,2018-04-04
2018-01-01,10,29,499.86,543.66,1093.3700000000001,594.0,2018-01-08
2018-01-10,10,29,518.34,536.4,1086.1100000000001,568.0,2018-01-17
2018-01-19,10,29,501.6500000000001,543.78,1093.49,592.0,2018-01-26
2018-01-27,10,29,562.4600000000002,563.71,1113.42,551.0,2018-02-03
2018-02-04,10,29,552.7200000000001,593.66,1143.38,591.0,2018-02-11
2018-02-12,10,29,582.94,593.26,1142.97,561.0,2018-02-19
2018-02-20,10,29,572.9599999999999,593.42,1143.14,571.0,2018-02-27
2018-02-27,10,29,638.4099999999999,670.34,1220.0500000000002,582.0,2018-03-06
2018-03-06,10,29,637.9399999999997,683.78,1233.49,596.0,2018-03-13
2018-03-13,10,29,638.0399999999997,681.04,1230.75,593.0,2018-03-20
2018-03-20,10,29,637.8799999999999,684.86,1234.5700000000002,597.0,2018-03-27
2018-03-28,10,29,559.1599999999999,637.59,1187.3000000000002,629.0,2018-04-04
2018-01-01,10,30,289.91999999999996,306.54,625.88,336.0,2018-01-08
2018-01-11,10,30,272.29,308.11,627.45,356.0,2018-01-18
2018-01-20,10,30,298.07,307.7,627.04,329.0,2018-01-27
2018-01-29,10,30,303.25,326.83,646.1700000000001,343.0,2018-02-05
2018-02-07,10,30,300.66,336.4,655.74,356.0,2018-02-14
2018-02-16,10,30,293.98,335.76,655.0999999999999,362.0,2018-02-23
2018-02-24,10,30,330.7900000000001,362.22,681.56,351.0,2018-03-03
2018-03-03,10,30,375.18000000000006,389.65,708.99,334.0,2018-03-10
2018-03-10,10,30,375.14000000000004,394.43,713.77,339.0,2018-03-17
2018-03-17,10,30,375.32000000000005,390.85,710.19,335.0,2018-03-24
2018-03-24,10,30,375.07000000000005,394.38,713.72,339.0,2018-03-31
2018-01-01,10,31,420.44,468.85,932.8100000000001,513.0,2018-01-08
2018-01-10,10,31,434.99000000000007,465.99,929.95,495.0,2018-01-17
2018-01-19,10,31,426.54,471.34,935.3100000000001,509.0,2018-01-26
2018-01-27,10,31,477.3500000000001,484.83,948.7900000000001,472.0,2018-02-03
2018-02-04,10,31,467.13,502.61,966.58,500.0,2018-02-11
2018-02-12,10,31,492.4,516.09,980.0600000000001,488.0,2018-02-19
2018-02-20,10,31,482.48999999999984,512.72,976.6800000000001,495.0,2018-02-27
2018-02-27,10,31,540.7599999999999,573.5,1037.47,497.0,2018-03-06
2018-03-06,10,31,540.2299999999998,591.36,1055.33,516.0,2018-03-13
2018-03-13,10,31,540.8399999999998,590.76,1054.73,514.0,2018-03-20
2018-03-20,10,31,540.0499999999998,588.71,1052.67,513.0,2018-03-27
2018-03-28,10,31,471.9499999999998,539.95,1003.9100000000001,532.0,2018-04-04
2018-01-01,10,32,315.96999999999997,332.19,678.27,363.0,2018-01-08
2018-01-11,10,32,296.19999999999993,334.56,680.64,385.0,2018-01-18
2018-01-20,10,32,321.13999999999993,333.68,679.76,359.0,2018-01-27
2018-01-29,10,32,328.9,356.22,702.3,374.0,2018-02-05
2018-02-07,10,32,324.98999999999995,365.62,711.7,387.0,2018-02-14
2018-02-15,10,32,361.10999999999996,363.8,709.88,349.0,2018-02-22
2018-02-23,10,32,359.07,381.69,727.76,369.0,2018-03-02
2018-03-02,10,32,406.02,419.08,765.15,360.0,2018-03-09
2018-03-09,10,32,406.59999999999997,423.97,770.04,364.0,2018-03-16
2018-03-16,10,32,406.28,426.26,772.3399999999999,367.0,2018-03-23
2018-03-23,10,32,406.66,424.15,770.22,364.0,2018-03-30
2018-03-31,10,32,345.72,405.74,751.8199999999999,407.0,2018-04-07
2018-01-01,10,33,501.7900000000001,531.14,1081.06,580.0,2018-01-08
2018-01-11,10,33,469.24000000000024,531.5,1081.42,613.0,2018-01-18
2018-01-20,10,33,500.03000000000026,534.32,1084.25,585.0,2018-01-27
2018-01-29,10,33,517.9900000000002,557.57,1107.5,590.0,2018-02-05
2018-02-06,10,33,577.3700000000003,578.51,1128.43,552.0,2018-02-13
2018-02-14,10,33,577.0800000000004,581.53,1131.46,555.0,2018-02-21
2018-02-22,10,33,570.7100000000005,593.39,1143.31,573.0,2018-03-01
2018-03-01,10,33,641.2700000000004,661.7,1211.63,571.0,2018-03-08
2018-03-08,10,33,641.5200000000006,674.47,1224.4,583.0,2018-03-15
2018-03-15,10,33,640.9900000000006,672.43,1222.3600000000001,582.0,2018-03-22
2018-03-22,10,33,641.5100000000006,674.31,1224.23,583.0,2018-03-29
2018-03-30,10,33,552.1500000000005,640.89,1190.8200000000002,639.0,2018-04-06
2018-01-01,10,34,184.54,191.21,393.16,209.0,2018-01-08
2018-01-11,10,34,176.76,197.31,399.26,223.0,2018-01-18
2018-01-20,10,34,191.84999999999997,196.21,398.16,207.0,2018-01-27
2018-01-29,10,34,195.82999999999993,207.29,409.24,214.0,2018-02-05
2018-02-07,10,34,194.3799999999999,213.78,415.73,222.0,2018-02-14
2018-02-16,10,34,189.24999999999994,212.03,413.98,225.0,2018-02-23
2018-02-24,10,34,212.59999999999997,229.07,431.02,219.0,2018-03-03
2018-03-03,10,34,240.42999999999992,243.84,445.79,206.0,2018-03-10
2018-03-10,10,34,240.51999999999992,241.87,443.82000000000005,204.0,2018-03-17
2018-03-17,10,34,240.5599999999999,245.95,447.9,208.0,2018-03-24
2018-03-24,10,34,240.5299999999999,244.86,446.81,207.0,2018-03-31
2018-01-01,10,35,468.76,521.93,1039.4499999999998,571.0,2018-01-08
2018-01-10,10,35,489.0899999999999,515.8,1033.31,545.0,2018-01-17
2018-01-19,10,35,479.8599999999999,513.91,1031.4299999999998,552.0,2018-01-26
2018-01-28,10,35,463.25999999999993,536.63,1054.1399999999999,591.0,2018-02-04
2018-02-05,10,35,548.67,558.41,1075.92,528.0,2018-02-12
2018-02-13,10,35,542.08,558.17,1075.6799999999998,534.0,2018-02-20
2018-02-21,10,35,541.1,555.9,1073.4099999999999,533.0,2018-02-28
2018-02-28,10,35,603.8499999999999,638.92,1156.44,553.0,2018-03-07
2018-03-07,10,35,603.59,638.8,1156.31,553.0,2018-03-14
2018-03-14,10,35,603.4499999999999,636.56,1154.07,551.0,2018-03-21
2018-03-21,10,35,603.55,641.63,1159.1399999999999,556.0,2018-03-28
2018-03-29,10,35,523.42,603.14,1120.65,598.0,2018-04-05
2018-01-01,10,36,552.2299999999999,601.53,1210.11,658.0,2018-01-08
2018-01-10,10,36,577.4699999999999,604.05,1212.6299999999999,636.0,2018-01-17
2018-01-19,10,36,560.6699999999998,607.13,1215.71,656.0,2018-01-26
2018-01-28,10,36,540.6899999999998,628.34,1236.9199999999998,697.0,2018-02-04
2018-02-06,10,36,573.0599999999998,645.84,1254.4199999999998,682.0,2018-02-13
2018-02-14,10,36,634.9399999999998,648.55,1257.1299999999999,623.0,2018-02-21
2018-02-22,10,36,628.2299999999998,662.93,1271.5099999999998,644.0,2018-03-01
2018-03-01,10,36,707.5699999999997,747.14,1355.7199999999998,649.0,2018-03-08
2018-03-08,10,36,707.7099999999997,743.44,1352.0099999999998,645.0,2018-03-15
2018-03-15,10,36,707.5599999999997,747.19,1355.77,649.0,2018-03-22
2018-03-22,10,36,707.6399999999998,738.86,1347.44,640.0,2018-03-29
2018-03-30,10,36,609.5099999999998,706.84,1315.4099999999999,706.0,2018-04-06
2018-01-01,10,37,208.6,237.4,468.19,260.0,2018-01-08
2018-01-10,10,37,219.82,239.98,470.76,251.0,2018-01-17
2018-01-19,10,37,214.74,241.39,472.18,258.0,2018-01-26
2018-01-27,10,37,241.41,249.85,480.64,240.0,2018-02-03
2018-02-04,10,37,237.69,259.88,490.66999999999996,253.0,2018-02-11
2018-02-12,10,37,247.61999999999998,258.13,488.90999999999997,242.0,2018-02-19
2018-02-20,10,37,244.67,259.3,490.09000000000003,246.0,2018-02-27
2018-02-27,10,37,273.15,296.72,527.51,255.0,2018-03-06
2018-03-06,10,37,273.2,300.78,531.5699999999999,259.0,2018-03-13
2018-03-13,10,37,273.19,304.58,535.37,263.0,2018-03-20
2018-03-20,10,37,273.38,304.09,534.88,262.0,2018-03-27
2018-03-28,10,37,238.28999999999994,272.55,503.33000000000004,266.0,2018-04-04
2018-01-01,10,38,571.6600000000001,645.76,1279.46,708.0,2018-01-08
2018-01-10,10,38,592.4600000000002,643.27,1276.98,685.0,2018-01-17
2018-01-19,10,38,579.6000000000004,646.39,1280.1,701.0,2018-01-26
2018-01-27,10,38,648.5200000000003,664.68,1298.3899999999999,650.0,2018-02-03
2018-02-04,10,38,638.1600000000005,687.08,1320.78,683.0,2018-02-11
2018-02-12,10,38,667.7500000000005,694.5,1328.21,661.0,2018-02-19
2018-02-20,10,38,656.5300000000005,688.66,1322.37,666.0,2018-02-27
2018-02-27,10,38,734.9000000000004,775.2,1408.9099999999999,675.0,2018-03-06
2018-03-06,10,38,735.7200000000005,801.05,1434.75,700.0,2018-03-13
2018-03-13,10,38,735.7000000000005,801.11,1434.8200000000002,700.0,2018-03-20
2018-03-20,10,38,735.6100000000005,789.68,1423.3899999999999,688.0,2018-03-27
2018-03-28,10,38,644.5300000000005,734.76,1368.47,724.0,2018-04-04
2018-01-01,10,39,315.27,354.44,701.99,387.0,2018-01-08
2018-01-10,10,39,329.5399999999999,353.53,701.0899999999999,372.0,2018-01-17
2018-01-19,10,39,321.33999999999986,348.91,696.47,376.0,2018-01-26
2018-01-27,10,39,362.74999999999983,366.34,713.9,352.0,2018-02-03
2018-02-04,10,39,355.3599999999998,383.43,730.98,376.0,2018-02-11
2018-02-12,10,39,370.2299999999998,384.04,731.6,362.0,2018-02-19
2018-02-20,10,39,364.9899999999998,383.77,731.3199999999999,367.0,2018-02-27
2018-02-27,10,39,407.53999999999985,436.05,783.6,377.0,2018-03-06
2018-03-06,10,39,407.8199999999998,444.0,791.56,384.0,2018-03-13
2018-03-13,10,39,407.1399999999999,447.36,794.9200000000001,388.0,2018-03-20
2018-03-20,10,39,407.0999999999999,447.06,794.61,388.0,2018-03-27
2018-03-28,10,39,357.1299999999999,406.87,754.4200000000001,398.0,2018-04-04
2018-01-01,10,40,210.11000000000004,237.47,469.38000000000005,260.0,2018-01-08
2018-01-10,10,40,221.66000000000005,239.57,471.48,250.0,2018-01-17
2018-01-19,10,40,216.31000000000003,239.72,471.62,256.0,2018-01-26
2018-01-27,10,40,242.76999999999998,248.7,480.61,238.0,2018-02-03
2018-02-04,10,40,238.07999999999998,259.4,491.31,254.0,2018-02-11
2018-02-12,10,40,249.57999999999996,257.57,489.48,240.0,2018-02-19
2018-02-20,10,40,245.2799999999999,259.32,491.22,246.0,2018-02-27
2018-02-27,10,40,273.82999999999987,296.48,528.3800000000001,255.0,2018-03-06
2018-03-06,10,40,274.21999999999986,300.33,532.23,259.0,2018-03-13
2018-03-13,10,40,274.7599999999999,302.36,534.27,260.0,2018-03-20
2018-03-20,10,40,274.26999999999987,303.29,535.2,261.0,2018-03-27
2018-03-28,10,40,239.06999999999985,273.75,505.66,267.0,2018-04-04
2018-01-01,10,41,156.73,172.89,346.27,190.0,2018-01-08
2018-01-10,10,41,168.48999999999995,176.51,349.9,182.0,2018-01-17
2018-01-19,10,41,165.83999999999995,175.86,349.25,184.0,2018-01-26
2018-01-28,10,41,159.90999999999997,185.89,359.27,200.0,2018-02-04
2018-02-05,10,41,189.82,190.55,363.93999999999994,175.0,2018-02-12
2018-02-13,10,41,186.72,193.26,366.65,180.0,2018-02-20
2018-02-21,10,41,185.35,193.48,366.86,182.0,2018-02-28
2018-02-28,10,41,207.04000000000002,220.63,394.01,187.0,2018-03-07
2018-03-07,10,41,206.57000000000005,221.22,394.61,189.0,2018-03-14
2018-03-14,10,41,207.52000000000007,224.31,397.7,191.0,2018-03-21
2018-03-21,10,41,207.37000000000006,221.49,394.88,188.0,2018-03-28
2018-03-29,10,41,180.33000000000007,206.54,379.91999999999996,200.0,2018-04-05
2018-01-01,10,42,263.83000000000004,287.38,577.04,314.0,2018-01-08
2018-01-10,10,42,279.89000000000004,287.99,577.6500000000001,298.0,2018-01-17
2018-01-19,10,42,271.91,289.44,579.1,308.0,2018-01-26
2018-01-28,10,42,265.50000000000006,297.9,587.56,323.0,2018-02-04
2018-02-06,10,42,278.86000000000007,312.1,601.77,323.0,2018-02-13
2018-02-14,10,42,306.7800000000001,316.35,606.01,300.0,2018-02-21
2018-02-22,10,42,305.33000000000015,324.83,614.49,310.0,2018-03-01
2018-03-01,10,42,342.32000000000016,364.48,654.1400000000001,312.0,2018-03-08
2018-03-08,10,42,341.65000000000015,367.75,657.4100000000001,316.0,2018-03-15
2018-03-15,10,42,341.6800000000002,365.59,655.25,314.0,2018-03-22
2018-03-22,10,42,341.89000000000016,366.03,655.69,314.0,2018-03-29
2018-03-30,10,42,295.0800000000002,341.45,631.11,337.0,2018-04-06
2018-01-01,10,43,368.94,416.27,823.95,456.0,2018-01-08
2018-01-10,10,43,383.53999999999996,415.31,822.98,440.0,2018-01-17
2018-01-19,10,43,375.72999999999996,415.52,823.2,448.0,2018-01-26
2018-01-27,10,43,419.34,430.39,838.0699999999999,419.0,2018-02-03
2018-02-04,10,43,412.37,449.28,856.96,445.0,2018-02-11
2018-02-12,10,43,432.8500000000001,451.59,859.26,427.0,2018-02-19
2018-02-20,10,43,426.11000000000007,451.85,859.53,434.0,2018-02-27
2018-02-27,10,43,476.00999999999993,509.75,917.4200000000001,442.0,2018-03-06
2018-03-06,10,43,476.02999999999986,515.37,923.05,448.0,2018-03-13
2018-03-13,10,43,476.4199999999999,521.81,929.48,454.0,2018-03-20
2018-03-20,10,43,476.36999999999995,514.67,922.3500000000001,446.0,2018-03-27
2018-03-28,10,43,415.99999999999994,475.43,883.11,468.0,2018-04-04
2018-01-01,10,44,210.85,224.33,455.12,245.0,2018-01-08
2018-01-10,10,44,223.55999999999997,225.04,455.83000000000004,233.0,2018-01-17
2018-01-19,10,44,219.13000000000002,227.02,457.81,239.0,2018-01-26
2018-01-28,10,44,211.59,236.44,467.23,256.0,2018-02-04
2018-02-06,10,44,222.98000000000005,240.29,471.09000000000003,249.0,2018-02-13
2018-02-15,10,44,218.35000000000002,243.89,474.68,257.0,2018-02-22
2018-02-23,10,44,242.23000000000008,253.61,484.40999999999997,243.0,2018-03-02
2018-03-02,10,44,273.0800000000001,277.12,507.90999999999997,235.0,2018-03-09
2018-03-09,10,44,272.42000000000013,279.05,509.84000000000003,238.0,2018-03-16
2018-03-16,10,44,272.8300000000001,281.63,512.42,240.0,2018-03-23
2018-03-23,10,44,272.6600000000001,279.89,510.68999999999994,239.0,2018-03-30
2018-03-31,10,44,234.69000000000008,272.23,503.03,269.0,2018-04-07
2018-01-01,10,45,576.4,626.46,1262.61,687.0,2018-01-08
2018-01-10,10,45,604.73,613.01,1249.17,645.0,2018-01-17
2018-01-19,10,45,590.2199999999999,621.05,1257.21,667.0,2018-01-26
2018-01-28,10,45,565.15,641.34,1277.5,713.0,2018-02-04
2018-02-06,10,45,602.8100000000001,658.2,1294.36,692.0,2018-02-13
2018-02-15,10,45,587.1700000000001,657.74,1293.9,707.0,2018-02-22
2018-02-23,10,45,656.1000000000001,688.57,1324.73,669.0,2018-03-02
2018-03-02,10,45,739.4400000000002,756.8,1392.96,654.0,2018-03-09
2018-03-09,10,45,739.5300000000001,753.41,1389.56,651.0,2018-03-16
2018-03-16,10,45,740.0400000000002,754.27,1390.4299999999998,651.0,2018-03-23
2018-03-23,10,45,739.6800000000001,751.01,1387.17,648.0,2018-03-30
2018-03-31,10,45,633.2100000000002,739.09,1375.25,743.0,2018-04-07
2018-01-01,10,46,420.5,465.1,929.1999999999999,509.0,2018-01-08
2018-01-10,10,46,439.62999999999994,454.74,918.8499999999999,480.0,2018-01-17
2018-01-19,10,46,427.76999999999987,466.52,930.6199999999999,503.0,2018-01-26
2018-01-28,10,46,413.3099999999999,484.26,948.3699999999999,536.0,2018-02-04
2018-02-05,10,46,493.28999999999985,498.93,963.03,470.0,2018-02-12
2018-02-13,10,46,484.5099999999999,509.6,973.6999999999999,490.0,2018-02-20
2018-02-21,10,46,485.65999999999985,500.46,964.5699999999999,479.0,2018-02-28
2018-02-28,10,46,540.9499999999999,576.72,1040.82,500.0,2018-03-07
2018-03-07,10,46,540.9899999999999,585.59,1049.69,509.0,2018-03-14
2018-03-14,10,46,541.16,582.55,1046.65,506.0,2018-03-21
2018-03-21,10,46,541.3599999999999,579.42,1043.53,503.0,2018-03-28
2018-03-29,10,46,470.0999999999998,540.86,1004.96,535.0,2018-04-05
2018-01-01,10,47,158.38,170.51,344.11,186.0,2018-01-08
2018-01-10,10,47,168.96,172.65,346.25,178.0,2018-01-17
2018-01-19,10,47,167.87000000000003,172.55,346.15,179.0,2018-01-26
2018-01-28,10,47,161.78,181.43,355.03,194.0,2018-02-04
2018-02-06,10,47,170.26000000000002,185.78,359.38,190.0,2018-02-13
2018-02-15,10,47,167.20000000000005,186.33,359.92999999999995,193.0,2018-02-22
2018-02-23,10,47,184.67000000000007,194.88,368.48,184.0,2018-03-02
2018-03-02,10,47,207.47000000000006,213.37,386.96000000000004,180.0,2018-03-09
2018-03-09,10,47,207.7800000000001,212.82,386.41999999999996,179.0,2018-03-16
2018-03-16,10,47,207.64000000000007,212.7,386.29999999999995,179.0,2018-03-23
2018-03-23,10,47,207.60000000000008,214.73,388.33000000000004,181.0,2018-03-30
2018-03-31,10,47,178.7400000000001,207.29,380.89,203.0,2018-04-07
2018-01-01,10,48,369.89,405.12,810.99,442.0,2018-01-08
2018-01-10,10,48,385.96999999999997,397.58,803.4499999999999,418.0,2018-01-17
2018-01-19,10,48,376.77,398.27,804.1299999999999,428.0,2018-01-26
2018-01-28,10,48,364.34999999999997,414.2,820.0699999999999,456.0,2018-02-04
2018-02-06,10,48,384.5799999999999,431.06,836.92,453.0,2018-02-13
2018-02-14,10,48,424.93000000000006,433.96,839.8299999999999,415.0,2018-02-21
2018-02-22,10,48,422.43999999999994,440.01,845.8799999999999,424.0,2018-03-01
2018-03-01,10,48,473.7399999999999,497.72,903.5899999999999,430.0,2018-03-08
2018-03-08,10,48,473.3199999999999,491.26,897.1299999999999,424.0,2018-03-15
2018-03-15,10,48,473.34999999999985,495.41,901.28,428.0,2018-03-22
2018-03-22,10,48,473.2499999999999,492.33,898.1999999999999,425.0,2018-03-29
2018-03-30,10,48,407.8499999999998,473.14,879.01,472.0,2018-04-06
2018-01-01,10,49,212.38,222.91,454.27,242.0,2018-01-08
2018-01-11,10,49,201.44999999999993,224.76,456.11999999999995,255.0,2018-01-18
2018-01-20,10,49,218.47999999999996,224.26,455.61999999999995,238.0,2018-01-27
2018-01-29,10,49,224.35000000000002,236.71,468.05999999999995,244.0,2018-02-05
2018-02-07,10,49,221.79999999999998,240.16,471.52,250.0,2018-02-14
2018-02-16,10,49,217.51999999999995,240.2,471.55999999999995,255.0,2018-02-23
2018-02-24,10,49,243.13,257.54,488.9,246.0,2018-03-03
2018-03-03,10,49,274.46999999999997,275.03,506.37999999999994,232.0,2018-03-10
2018-03-10,10,49,274.32,275.86,507.21999999999997,233.0,2018-03-17
2018-03-17,10,49,274.34,278.48,509.84,236.0,2018-03-24
2018-03-24,10,49,274.7299999999999,277.03,508.39,234.0,2018-03-31
2018-01-01,10,50,472.71,521.13,1041.65,569.0,2018-01-08
2018-01-10,10,50,487.34000000000003,512.83,1033.35,547.0,2018-01-17
2018-01-19,10,50,479.11,516.22,1036.74,558.0,2018-01-26
2018-01-28,10,50,459.86,537.05,1057.56,598.0,2018-02-04
2018-02-05,10,50,550.37,563.81,1084.33,534.0,2018-02-12
2018-02-13,10,50,542.5000000000001,562.16,1082.67,541.0,2018-02-20
2018-02-21,10,50,541.7900000000001,561.99,1082.51,541.0,2018-02-28
2018-02-28,10,50,605.0,647.96,1168.48,564.0,2018-03-07
2018-03-07,10,50,605.26,650.34,1170.85,566.0,2018-03-14
2018-03-14,10,50,605.14,652.58,1173.1,568.0,2018-03-21
2018-03-21,10,50,604.78,649.38,1169.9,566.0,2018-03-28
2018-03-29,10,50,525.85,604.71,1125.23,600.0,2018-04-05
